customer_id,movie_id,movie_name,genre,rating
U0001,M004,Interstellar,Sci-Fi,5
U0001,M095,The Martian,Sci-Fi,1
U0001,M036,Se7en,Thriller,5
U0001,M032,The Pursuit of Happyness,Drama,5
U0001,M029,Blade Runner 2049,Sci-Fi,1
U0001,M018,Superbad,Comedy,1
U0001,M014,The Shawshank Redemption,Drama,2
U0001,M087,The Mask,Comedy,2
U0002,M065,Eternal Sunshine,Romance,5
U0002,M078,Schindler's List,Drama,4
U0002,M004,Interstellar,Sci-Fi,1
U0002,M072,Nightcrawler,Thriller,3
U0002,M026,Mad Max: Fury Road,Action,4
U0002,M092,Iron Man,Action,3
U0002,M084,Anchorman,Comedy,3
U0002,M090,Doctor Strange,Action,2
U0002,M070,Prisoners,Thriller,3
U0002,M054,Top Gun: Maverick,Action,3
U0002,M029,Blade Runner 2049,Sci-Fi,1
U0002,M058,The Terminator,Sci-Fi,1
U0003,M013,Parasite,Thriller,5
U0003,M046,The Act of Killing,Documentary,2
U0003,M045,13th,Documentary,1
U0003,M078,Schindler's List,Drama,2
U0003,M034,Joker,Drama,3
U0003,M006,Avengers: Endgame,Action,3
U0003,M094,Dune,Sci-Fi,1
U0003,M059,2001: A Space Odyssey,Sci-Fi,2
U0003,M069,No Country for Old Men,Thriller,2
U0003,M016,Hereditary,Horror,4
U0003,M049,Harry Potter,Fantasy,4
U0003,M011,A Quiet Place,Horror,4
U0003,M071,Zodiac,Thriller,4
U0003,M038,Finding Nemo,Animation,4
U0003,M081,Dead Poets Society,Drama,4
U0003,M080,Good Will Hunting,Drama,4
U0003,M047,Jiro Dreams of Sushi,Documentary,2
U0004,M090,Doctor Strange,Action,3
U0004,M088,Black Panther,Action,5
U0004,M083,Monty Python,Comedy,2
U0004,M010,Pride and Prejudice,Romance,3
U0004,M078,Schindler's List,Drama,2
U0004,M082,A Beautiful Mind,Drama,3
U0004,M022,Midsommar,Horror,1
U0004,M069,No Country for Old Men,Thriller,4
U0004,M094,Dune,Sci-Fi,4
U0004,M032,The Pursuit of Happyness,Drama,4
U0004,M021,Bridesmaids,Comedy,1
U0004,M060,Arrival,Sci-Fi,2
U0004,M049,Harry Potter,Fantasy,5
U0005,M028,La La Land,Romance,5
U0005,M084,Anchorman,Comedy,4
U0005,M064,When Harry Met Sally,Romance,3
U0005,M051,Pan's Labyrinth,Fantasy,3
U0005,M083,Monty Python,Comedy,2
U0005,M059,2001: A Space Odyssey,Sci-Fi,5
U0005,M019,Alien,Sci-Fi,4
U0005,M034,Joker,Drama,2
U0005,M018,Superbad,Comedy,1
U0005,M032,The Pursuit of Happyness,Drama,2
U0005,M096,Annihilation,Sci-Fi,2
U0005,M072,Nightcrawler,Thriller,3
U0005,M069,No Country for Old Men,Thriller,5
U0005,M075,The Shining,Horror,5
U0005,M055,Mission Impossible,Action,1
U0006,M049,Harry Potter,Fantasy,4
U0006,M077,Us,Horror,2
U0006,M060,Arrival,Sci-Fi,4
U0006,M068,The Silence of the Lambs,Thriller,2
U0006,M033,Pitch Perfect,Comedy,3
U0006,M071,Zodiac,Thriller,5
U0006,M002,Inception,Sci-Fi,2
U0006,M088,Black Panther,Action,5
U0006,M093,Everything Everywhere All at Once,Sci-Fi,1
U0006,M015,Crazy Rich Asians,Romance,3
U0006,M069,No Country for Old Men,Thriller,5
U0006,M097,Moon,Sci-Fi,5
U0006,M035,The Big Lebowski,Comedy,2
U0006,M099,Barbarian,Horror,2
U0006,M083,Monty Python,Comedy,3
U0006,M044,Free Solo,Documentary,2
U0006,M038,Finding Nemo,Animation,5
U0007,M077,Us,Horror,3
U0007,M042,Coco,Animation,4
U0007,M063,Casablanca,Romance,2
U0007,M003,The Notebook,Romance,1
U0007,M015,Crazy Rich Asians,Romance,2
U0008,M011,A Quiet Place,Horror,2
U0008,M094,Dune,Sci-Fi,2
U0008,M063,Casablanca,Romance,4
U0008,M009,The Grand Budapest Hotel,Comedy,5
U0008,M098,The Menu,Thriller,3
U0008,M069,No Country for Old Men,Thriller,4
U0008,M099,Barbarian,Horror,5
U0009,M028,La La Land,Romance,1
U0009,M070,Prisoners,Thriller,4
U0009,M097,Moon,Sci-Fi,1
U0009,M094,Dune,Sci-Fi,5
U0009,M089,Spider-Man: No Way Home,Action,5
U0009,M026,Mad Max: Fury Road,Action,2
U0009,M092,Iron Man,Action,5
U0009,M040,WALL-E,Animation,4
U0009,M052,Princess Mononoke,Fantasy,2
U0009,M086,Airplane!,Comedy,1
U0009,M084,Anchorman,Comedy,1
U0009,M048,The Lord of the Rings,Fantasy,3
U0009,M057,Speed,Action,1
U0009,M067,The Fault in Our Stars,Romance,1
U0009,M058,The Terminator,Sci-Fi,3
U0009,M016,Hereditary,Horror,1
U0009,M032,The Pursuit of Happyness,Drama,5
U0009,M029,Blade Runner 2049,Sci-Fi,2
U0010,M086,Airplane!,Comedy,4
U0010,M063,Casablanca,Romance,3
U0010,M028,La La Land,Romance,4
U0010,M070,Prisoners,Thriller,5
U0010,M017,Forrest Gump,Drama,5
U0010,M093,Everything Everywhere All at Once,Sci-Fi,1
U0010,M074,Rosemary's Baby,Horror,1
U0010,M061,Ex Machina,Sci-Fi,1
U0010,M032,The Pursuit of Happyness,Drama,5
U0010,M053,Gladiator,Action,3
U0010,M025,It,Horror,1
U0010,M013,Parasite,Thriller,3
U0010,M085,Step Brothers,Comedy,2
U0011,M069,No Country for Old Men,Thriller,2
U0011,M058,The Terminator,Sci-Fi,1
U0011,M018,Superbad,Comedy,5
U0011,M055,Mission Impossible,Action,1
U0011,M024,Knives Out,Thriller,2
U0011,M036,Se7en,Thriller,3
U0011,M060,Arrival,Sci-Fi,2
U0011,M032,The Pursuit of Happyness,Drama,5
U0011,M010,Pride and Prejudice,Romance,4
U0011,M057,Speed,Action,4
U0011,M071,Zodiac,Thriller,3
U0012,M008,Get Out,Horror,3
U0012,M022,Midsommar,Horror,2
U0012,M049,Harry Potter,Fantasy,2
U0012,M001,The Dark Knight,Action,5
U0012,M050,The Hobbit,Fantasy,5
U0012,M034,Joker,Drama,2
U0012,M059,2001: A Space Odyssey,Sci-Fi,3
U0012,M037,Toy Story,Animation,3
U0012,M055,Mission Impossible,Action,1
U0012,M090,Doctor Strange,Action,5
U0012,M094,Dune,Sci-Fi,4
U0012,M072,Nightcrawler,Thriller,5
U0012,M085,Step Brothers,Comedy,5
U0012,M092,Iron Man,Action,2
U0012,M063,Casablanca,Romance,1
U0012,M020,John Wick,Action,5
U0012,M025,It,Horror,1
U0013,M009,The Grand Budapest Hotel,Comedy,5
U0013,M077,Us,Horror,1
U0013,M087,The Mask,Comedy,4
U0013,M031,Whiplash,Drama,5
U0013,M052,Princess Mononoke,Fantasy,5
U0013,M016,Hereditary,Horror,5
U0013,M073,The Exorcist,Horror,3
U0013,M032,The Pursuit of Happyness,Drama,4
U0013,M075,The Shining,Horror,2
U0013,M006,Avengers: Endgame,Action,3
U0014,M034,Joker,Drama,5
U0014,M051,Pan's Labyrinth,Fantasy,2
U0014,M017,Forrest Gump,Drama,2
U0014,M086,Airplane!,Comedy,5
U0014,M083,Monty Python,Comedy,2
U0014,M039,Up,Animation,5
U0014,M059,2001: A Space Odyssey,Sci-Fi,3
U0014,M041,Spirited Away,Animation,4
U0014,M097,Moon,Sci-Fi,3
U0014,M010,Pride and Prejudice,Romance,1
U0014,M002,Inception,Sci-Fi,2
U0014,M080,Good Will Hunting,Drama,4
U0015,M021,Bridesmaids,Comedy,3
U0015,M057,Speed,Action,1
U0015,M070,Prisoners,Thriller,2
U0015,M091,Thor: Ragnarok,Action,5
U0015,M039,Up,Animation,4
U0015,M079,12 Angry Men,Drama,4
U0015,M084,Anchorman,Comedy,3
U0015,M068,The Silence of the Lambs,Thriller,5
U0015,M002,Inception,Sci-Fi,2
U0015,M086,Airplane!,Comedy,3
U0015,M071,Zodiac,Thriller,3
U0015,M085,Step Brothers,Comedy,3
U0015,M014,The Shawshank Redemption,Drama,5
U0015,M018,Superbad,Comedy,4
U0016,M007,Titanic,Romance,4
U0016,M012,The Hangover,Comedy,5
U0016,M082,A Beautiful Mind,Drama,5
U0016,M055,Mission Impossible,Action,5
U0016,M036,Se7en,Thriller,2
U0016,M006,Avengers: Endgame,Action,1
U0016,M001,The Dark Knight,Action,1
U0016,M043,Planet Earth,Documentary,2
U0016,M099,Barbarian,Horror,5
U0016,M017,Forrest Gump,Drama,2
U0016,M034,Joker,Drama,4
U0016,M021,Bridesmaids,Comedy,5
U0016,M095,The Martian,Sci-Fi,5
U0017,M056,Die Hard,Action,1
U0017,M017,Forrest Gump,Drama,4
U0017,M006,Avengers: Endgame,Action,5
U0017,M040,WALL-E,Animation,5
U0017,M047,Jiro Dreams of Sushi,Documentary,5
U0017,M046,The Act of Killing,Documentary,2
U0017,M027,Gone Girl,Thriller,3
U0017,M088,Black Panther,Action,2
U0017,M032,The Pursuit of Happyness,Drama,3
U0018,M004,Interstellar,Sci-Fi,3
U0018,M023,The Matrix,Sci-Fi,2
U0018,M095,The Martian,Sci-Fi,2
U0018,M043,Planet Earth,Documentary,1
U0018,M053,Gladiator,Action,2
U0018,M086,Airplane!,Comedy,4
U0018,M032,The Pursuit of Happyness,Drama,4
U0018,M035,The Big Lebowski,Comedy,3
U0018,M021,Bridesmaids,Comedy,1
U0018,M090,Doctor Strange,Action,3
U0018,M014,The Shawshank Redemption,Drama,4
U0018,M049,Harry Potter,Fantasy,5
U0018,M005,The Conjuring,Horror,4
U0018,M061,Ex Machina,Sci-Fi,5
U0018,M029,Blade Runner 2049,Sci-Fi,3
U0018,M026,Mad Max: Fury Road,Action,1
U0018,M059,2001: A Space Odyssey,Sci-Fi,1
U0018,M045,13th,Documentary,3
U0019,M075,The Shining,Horror,5
U0019,M034,Joker,Drama,2
U0019,M005,The Conjuring,Horror,4
U0019,M014,The Shawshank Redemption,Drama,5
U0019,M077,Us,Horror,2
U0019,M056,Die Hard,Action,3
U0019,M045,13th,Documentary,1
U0019,M094,Dune,Sci-Fi,4
U0019,M041,Spirited Away,Animation,3
U0019,M078,Schindler's List,Drama,5
U0020,M047,Jiro Dreams of Sushi,Documentary,5
U0020,M056,Die Hard,Action,3
U0020,M009,The Grand Budapest Hotel,Comedy,4
U0020,M086,Airplane!,Comedy,3
U0020,M043,Planet Earth,Documentary,4
U0020,M080,Good Will Hunting,Drama,4
U0020,M041,Spirited Away,Animation,5
U0020,M085,Step Brothers,Comedy,2
U0020,M016,Hereditary,Horror,2
U0020,M093,Everything Everywhere All at Once,Sci-Fi,4
U0020,M039,Up,Animation,5
U0021,M079,12 Angry Men,Drama,5
U0021,M073,The Exorcist,Horror,3
U0021,M039,Up,Animation,5
U0021,M052,Princess Mononoke,Fantasy,4
U0021,M071,Zodiac,Thriller,5
U0021,M001,The Dark Knight,Action,2
U0021,M037,Toy Story,Animation,5
U0021,M027,Gone Girl,Thriller,5
U0021,M056,Die Hard,Action,2
U0021,M075,The Shining,Horror,1
U0022,M066,Before Sunrise,Romance,1
U0022,M085,Step Brothers,Comedy,2
U0022,M082,A Beautiful Mind,Drama,5
U0022,M080,Good Will Hunting,Drama,5
U0022,M043,Planet Earth,Documentary,1
U0022,M012,The Hangover,Comedy,4
U0022,M097,Moon,Sci-Fi,4
U0022,M031,Whiplash,Drama,5
U0022,M087,The Mask,Comedy,2
U0022,M040,WALL-E,Animation,5
U0022,M029,Blade Runner 2049,Sci-Fi,4
U0022,M026,Mad Max: Fury Road,Action,4
U0022,M019,Alien,Sci-Fi,2
U0022,M004,Interstellar,Sci-Fi,2
U0023,M097,Moon,Sci-Fi,2
U0023,M099,Barbarian,Horror,2
U0023,M014,The Shawshank Redemption,Drama,5
U0023,M100,Nope,Horror,4
U0023,M055,Mission Impossible,Action,1
U0024,M016,Hereditary,Horror,5
U0024,M059,2001: A Space Odyssey,Sci-Fi,4
U0024,M018,Superbad,Comedy,5
U0024,M060,Arrival,Sci-Fi,4
U0024,M086,Airplane!,Comedy,2
U0024,M068,The Silence of the Lambs,Thriller,5
U0024,M072,Nightcrawler,Thriller,5
U0024,M077,Us,Horror,3
U0024,M041,Spirited Away,Animation,4
U0024,M097,Moon,Sci-Fi,3
U0024,M057,Speed,Action,5
U0024,M079,12 Angry Men,Drama,5
U0025,M036,Se7en,Thriller,3
U0025,M057,Speed,Action,2
U0025,M010,Pride and Prejudice,Romance,4
U0025,M092,Iron Man,Action,2
U0025,M037,Toy Story,Animation,4
U0025,M031,Whiplash,Drama,2
U0025,M035,The Big Lebowski,Comedy,4
U0025,M043,Planet Earth,Documentary,4
U0025,M041,Spirited Away,Animation,4
U0025,M070,Prisoners,Thriller,5
U0025,M011,A Quiet Place,Horror,4
U0025,M018,Superbad,Comedy,4
U0026,M027,Gone Girl,Thriller,2
U0026,M054,Top Gun: Maverick,Action,5
U0026,M050,The Hobbit,Fantasy,4
U0026,M099,Barbarian,Horror,4
U0026,M075,The Shining,Horror,1
U0026,M090,Doctor Strange,Action,3
U0027,M097,Moon,Sci-Fi,4
U0027,M050,The Hobbit,Fantasy,3
U0027,M054,Top Gun: Maverick,Action,4
U0027,M069,No Country for Old Men,Thriller,3
U0027,M096,Annihilation,Sci-Fi,5
U0027,M095,The Martian,Sci-Fi,5
U0027,M070,Prisoners,Thriller,2
U0027,M078,Schindler's List,Drama,5
U0027,M029,Blade Runner 2049,Sci-Fi,5
U0027,M063,Casablanca,Romance,5
U0027,M035,The Big Lebowski,Comedy,1
U0027,M056,Die Hard,Action,1
U0027,M004,Interstellar,Sci-Fi,4
U0027,M044,Free Solo,Documentary,2
U0028,M024,Knives Out,Thriller,3
U0028,M007,Titanic,Romance,1
U0028,M034,Joker,Drama,2
U0028,M049,Harry Potter,Fantasy,2
U0028,M042,Coco,Animation,4
U0028,M028,La La Land,Romance,2
U0028,M059,2001: A Space Odyssey,Sci-Fi,1
U0028,M044,Free Solo,Documentary,5
U0028,M098,The Menu,Thriller,3
U0028,M036,Se7en,Thriller,3
U0028,M097,Moon,Sci-Fi,2
U0028,M054,Top Gun: Maverick,Action,4
U0028,M033,Pitch Perfect,Comedy,1
U0028,M011,A Quiet Place,Horror,5
U0028,M061,Ex Machina,Sci-Fi,2
U0028,M003,The Notebook,Romance,4
U0028,M096,Annihilation,Sci-Fi,3
U0028,M070,Prisoners,Thriller,4
U0028,M045,13th,Documentary,2
U0029,M100,Nope,Horror,4
U0029,M021,Bridesmaids,Comedy,4
U0029,M040,WALL-E,Animation,4
U0029,M014,The Shawshank Redemption,Drama,2
U0029,M075,The Shining,Horror,5
U0029,M004,Interstellar,Sci-Fi,2
U0029,M074,Rosemary's Baby,Horror,1
U0029,M087,The Mask,Comedy,3
U0030,M073,The Exorcist,Horror,5
U0030,M006,Avengers: Endgame,Action,3
U0030,M045,13th,Documentary,1
U0030,M069,No Country for Old Men,Thriller,5
U0030,M055,Mission Impossible,Action,4
U0030,M085,Step Brothers,Comedy,1
U0030,M048,The Lord of the Rings,Fantasy,4
U0030,M009,The Grand Budapest Hotel,Comedy,3
U0031,M091,Thor: Ragnarok,Action,2
U0031,M020,John Wick,Action,4
U0031,M056,Die Hard,Action,5
U0031,M023,The Matrix,Sci-Fi,5
U0031,M094,Dune,Sci-Fi,4
U0031,M067,The Fault in Our Stars,Romance,3
U0031,M084,Anchorman,Comedy,1
U0031,M035,The Big Lebowski,Comedy,4
U0031,M079,12 Angry Men,Drama,4
U0031,M069,No Country for Old Men,Thriller,3
U0031,M100,Nope,Horror,4
U0031,M062,Gravity,Sci-Fi,2
U0031,M060,Arrival,Sci-Fi,3
U0031,M076,Annihilation,Horror,3
U0031,M042,Coco,Animation,4
U0031,M032,The Pursuit of Happyness,Drama,4
U0031,M012,The Hangover,Comedy,5
U0031,M036,Se7en,Thriller,4
U0031,M058,The Terminator,Sci-Fi,5
U0032,M067,The Fault in Our Stars,Romance,4
U0032,M025,It,Horror,4
U0032,M011,A Quiet Place,Horror,5
U0032,M031,Whiplash,Drama,3
U0032,M093,Everything Everywhere All at Once,Sci-Fi,4
U0033,M058,The Terminator,Sci-Fi,4
U0033,M003,The Notebook,Romance,3
U0033,M012,The Hangover,Comedy,3
U0033,M038,Finding Nemo,Animation,4
U0033,M029,Blade Runner 2049,Sci-Fi,2
U0033,M052,Princess Mononoke,Fantasy,2
U0033,M089,Spider-Man: No Way Home,Action,2
U0033,M032,The Pursuit of Happyness,Drama,4
U0033,M040,WALL-E,Animation,3
U0033,M085,Step Brothers,Comedy,5
U0033,M075,The Shining,Horror,2
U0033,M048,The Lord of the Rings,Fantasy,3
U0033,M061,Ex Machina,Sci-Fi,2
U0033,M071,Zodiac,Thriller,5
U0033,M068,The Silence of the Lambs,Thriller,4
U0033,M045,13th,Documentary,5
U0033,M055,Mission Impossible,Action,5
U0033,M096,Annihilation,Sci-Fi,5
U0033,M043,Planet Earth,Documentary,3
U0033,M046,The Act of Killing,Documentary,1
U0034,M038,Finding Nemo,Animation,3
U0034,M030,The Wolf of Wall Street,Drama,5
U0034,M047,Jiro Dreams of Sushi,Documentary,3
U0034,M023,The Matrix,Sci-Fi,2
U0034,M039,Up,Animation,5
U0034,M002,Inception,Sci-Fi,1
U0034,M091,Thor: Ragnarok,Action,1
U0034,M069,No Country for Old Men,Thriller,5
U0034,M017,Forrest Gump,Drama,4
U0034,M036,Se7en,Thriller,5
U0034,M006,Avengers: Endgame,Action,4
U0035,M044,Free Solo,Documentary,5
U0035,M024,Knives Out,Thriller,5
U0035,M007,Titanic,Romance,5
U0035,M033,Pitch Perfect,Comedy,5
U0035,M062,Gravity,Sci-Fi,5
U0035,M015,Crazy Rich Asians,Romance,2
U0035,M009,The Grand Budapest Hotel,Comedy,5
U0035,M052,Princess Mononoke,Fantasy,4
U0035,M063,Casablanca,Romance,4
U0035,M010,Pride and Prejudice,Romance,4
U0035,M074,Rosemary's Baby,Horror,3
U0035,M081,Dead Poets Society,Drama,5
U0035,M088,Black Panther,Action,4
U0035,M020,John Wick,Action,3
U0035,M073,The Exorcist,Horror,5
U0035,M039,Up,Animation,5
U0035,M011,A Quiet Place,Horror,1
U0035,M032,The Pursuit of Happyness,Drama,5
U0035,M016,Hereditary,Horror,1
U0036,M081,Dead Poets Society,Drama,5
U0036,M028,La La Land,Romance,4
U0036,M034,Joker,Drama,5
U0036,M085,Step Brothers,Comedy,4
U0036,M011,A Quiet Place,Horror,3
U0036,M021,Bridesmaids,Comedy,1
U0036,M031,Whiplash,Drama,3
U0036,M023,The Matrix,Sci-Fi,3
U0036,M071,Zodiac,Thriller,4
U0036,M010,Pride and Prejudice,Romance,4
U0036,M001,The Dark Knight,Action,1
U0037,M034,Joker,Drama,3
U0037,M081,Dead Poets Society,Drama,2
U0037,M076,Annihilation,Horror,1
U0037,M085,Step Brothers,Comedy,2
U0037,M026,Mad Max: Fury Road,Action,3
U0037,M055,Mission Impossible,Action,5
U0037,M015,Crazy Rich Asians,Romance,5
U0037,M070,Prisoners,Thriller,4
U0037,M029,Blade Runner 2049,Sci-Fi,4
U0037,M083,Monty Python,Comedy,1
U0037,M020,John Wick,Action,4
U0037,M035,The Big Lebowski,Comedy,3
U0038,M035,The Big Lebowski,Comedy,5
U0038,M065,Eternal Sunshine,Romance,5
U0038,M070,Prisoners,Thriller,2
U0038,M064,When Harry Met Sally,Romance,3
U0038,M057,Speed,Action,5
U0038,M011,A Quiet Place,Horror,1
U0038,M077,Us,Horror,2
U0038,M006,Avengers: Endgame,Action,4
U0038,M056,Die Hard,Action,5
U0038,M095,The Martian,Sci-Fi,4
U0038,M042,Coco,Animation,4
U0038,M078,Schindler's List,Drama,3
U0038,M033,Pitch Perfect,Comedy,5
U0038,M004,Interstellar,Sci-Fi,4
U0038,M012,The Hangover,Comedy,4
U0038,M030,The Wolf of Wall Street,Drama,2
U0038,M087,The Mask,Comedy,4
U0039,M053,Gladiator,Action,3
U0039,M043,Planet Earth,Documentary,3
U0039,M042,Coco,Animation,4
U0039,M086,Airplane!,Comedy,1
U0039,M014,The Shawshank Redemption,Drama,5
U0039,M021,Bridesmaids,Comedy,5
U0039,M089,Spider-Man: No Way Home,Action,1
U0039,M064,When Harry Met Sally,Romance,5
U0039,M037,Toy Story,Animation,5
U0039,M085,Step Brothers,Comedy,4
U0039,M052,Princess Mononoke,Fantasy,2
U0039,M098,The Menu,Thriller,3
U0039,M071,Zodiac,Thriller,5
U0039,M005,The Conjuring,Horror,3
U0039,M059,2001: A Space Odyssey,Sci-Fi,5
U0039,M012,The Hangover,Comedy,4
U0040,M098,The Menu,Thriller,5
U0040,M007,Titanic,Romance,4
U0040,M027,Gone Girl,Thriller,2
U0040,M035,The Big Lebowski,Comedy,2
U0040,M071,Zodiac,Thriller,2
U0040,M017,Forrest Gump,Drama,5
U0040,M037,Toy Story,Animation,3
U0040,M057,Speed,Action,2
U0040,M090,Doctor Strange,Action,4
U0040,M063,Casablanca,Romance,3
U0040,M016,Hereditary,Horror,5
U0040,M004,Interstellar,Sci-Fi,3
U0040,M081,Dead Poets Society,Drama,5
U0040,M078,Schindler's List,Drama,5
U0040,M031,Whiplash,Drama,5
U0040,M091,Thor: Ragnarok,Action,2
U0040,M021,Bridesmaids,Comedy,4
U0040,M040,WALL-E,Animation,5
U0040,M002,Inception,Sci-Fi,2
U0041,M025,It,Horror,5
U0041,M077,Us,Horror,4
U0041,M066,Before Sunrise,Romance,2
U0041,M096,Annihilation,Sci-Fi,4
U0041,M018,Superbad,Comedy,5
U0041,M009,The Grand Budapest Hotel,Comedy,4
U0041,M036,Se7en,Thriller,4
U0041,M099,Barbarian,Horror,3
U0041,M054,Top Gun: Maverick,Action,5
U0041,M044,Free Solo,Documentary,5
U0041,M065,Eternal Sunshine,Romance,4
U0041,M035,The Big Lebowski,Comedy,4
U0041,M001,The Dark Knight,Action,3
U0041,M037,Toy Story,Animation,4
U0041,M093,Everything Everywhere All at Once,Sci-Fi,2
U0041,M039,Up,Animation,5
U0041,M076,Annihilation,Horror,4
U0042,M100,Nope,Horror,4
U0042,M053,Gladiator,Action,1
U0042,M006,Avengers: Endgame,Action,2
U0042,M041,Spirited Away,Animation,5
U0042,M096,Annihilation,Sci-Fi,5
U0042,M061,Ex Machina,Sci-Fi,3
U0042,M091,Thor: Ragnarok,Action,1
U0042,M049,Harry Potter,Fantasy,4
U0042,M050,The Hobbit,Fantasy,2
U0042,M085,Step Brothers,Comedy,5
U0042,M084,Anchorman,Comedy,4
U0042,M020,John Wick,Action,1
U0043,M053,Gladiator,Action,4
U0043,M084,Anchorman,Comedy,1
U0043,M020,John Wick,Action,3
U0043,M010,Pride and Prejudice,Romance,5
U0043,M061,Ex Machina,Sci-Fi,4
U0043,M034,Joker,Drama,4
U0043,M044,Free Solo,Documentary,4
U0043,M080,Good Will Hunting,Drama,5
U0043,M089,Spider-Man: No Way Home,Action,1
U0044,M031,Whiplash,Drama,5
U0044,M081,Dead Poets Society,Drama,2
U0044,M088,Black Panther,Action,1
U0044,M037,Toy Story,Animation,5
U0044,M030,The Wolf of Wall Street,Drama,3
U0044,M096,Annihilation,Sci-Fi,3
U0044,M012,The Hangover,Comedy,1
U0045,M042,Coco,Animation,4
U0045,M008,Get Out,Horror,2
U0045,M038,Finding Nemo,Animation,5
U0045,M046,The Act of Killing,Documentary,4
U0045,M048,The Lord of the Rings,Fantasy,5
U0045,M056,Die Hard,Action,2
U0046,M023,The Matrix,Sci-Fi,2
U0046,M011,A Quiet Place,Horror,4
U0046,M079,12 Angry Men,Drama,4
U0046,M049,Harry Potter,Fantasy,4
U0046,M080,Good Will Hunting,Drama,4
U0046,M088,Black Panther,Action,1
U0046,M031,Whiplash,Drama,5
U0046,M064,When Harry Met Sally,Romance,3
U0046,M075,The Shining,Horror,5
U0046,M019,Alien,Sci-Fi,2
U0047,M057,Speed,Action,3
U0047,M045,13th,Documentary,4
U0047,M076,Annihilation,Horror,3
U0047,M039,Up,Animation,4
U0047,M082,A Beautiful Mind,Drama,5
U0047,M055,Mission Impossible,Action,4
U0047,M089,Spider-Man: No Way Home,Action,1
U0048,M049,Harry Potter,Fantasy,2
U0048,M074,Rosemary's Baby,Horror,5
U0048,M046,The Act of Killing,Documentary,4
U0048,M038,Finding Nemo,Animation,4
U0048,M090,Doctor Strange,Action,2
U0048,M003,The Notebook,Romance,5
U0048,M085,Step Brothers,Comedy,3
U0048,M051,Pan's Labyrinth,Fantasy,3
U0048,M036,Se7en,Thriller,3
U0048,M002,Inception,Sci-Fi,5
U0048,M073,The Exorcist,Horror,3
U0048,M088,Black Panther,Action,2
U0049,M081,Dead Poets Society,Drama,3
U0049,M083,Monty Python,Comedy,1
U0049,M006,Avengers: Endgame,Action,3
U0049,M040,WALL-E,Animation,4
U0049,M057,Speed,Action,4
U0049,M005,The Conjuring,Horror,2
U0049,M075,The Shining,Horror,2
U0049,M047,Jiro Dreams of Sushi,Documentary,2
U0050,M068,The Silence of the Lambs,Thriller,5
U0050,M065,Eternal Sunshine,Romance,5
U0050,M035,The Big Lebowski,Comedy,3
U0050,M022,Midsommar,Horror,1
U0050,M033,Pitch Perfect,Comedy,4
U0050,M062,Gravity,Sci-Fi,1
U0050,M038,Finding Nemo,Animation,4
U0050,M096,Annihilation,Sci-Fi,5
U0050,M044,Free Solo,Documentary,1
U0050,M015,Crazy Rich Asians,Romance,4
U0050,M060,Arrival,Sci-Fi,3
U0050,M010,Pride and Prejudice,Romance,3
U0050,M019,Alien,Sci-Fi,5
U0050,M097,Moon,Sci-Fi,4
U0050,M029,Blade Runner 2049,Sci-Fi,3
U0050,M087,The Mask,Comedy,1
U0051,M061,Ex Machina,Sci-Fi,3
U0051,M004,Interstellar,Sci-Fi,4
U0051,M080,Good Will Hunting,Drama,2
U0051,M072,Nightcrawler,Thriller,3
U0051,M042,Coco,Animation,3
U0051,M079,12 Angry Men,Drama,2
U0051,M029,Blade Runner 2049,Sci-Fi,3
U0051,M083,Monty Python,Comedy,4
U0051,M009,The Grand Budapest Hotel,Comedy,1
U0051,M082,A Beautiful Mind,Drama,2
U0051,M060,Arrival,Sci-Fi,2
U0051,M090,Doctor Strange,Action,5
U0052,M050,The Hobbit,Fantasy,3
U0052,M059,2001: A Space Odyssey,Sci-Fi,4
U0052,M048,The Lord of the Rings,Fantasy,2
U0052,M086,Airplane!,Comedy,4
U0052,M096,Annihilation,Sci-Fi,5
U0052,M090,Doctor Strange,Action,4
U0052,M070,Prisoners,Thriller,4
U0052,M054,Top Gun: Maverick,Action,1
U0052,M076,Annihilation,Horror,3
U0053,M057,Speed,Action,3
U0053,M031,Whiplash,Drama,3
U0053,M047,Jiro Dreams of Sushi,Documentary,1
U0053,M013,Parasite,Thriller,5
U0053,M088,Black Panther,Action,1
U0053,M048,The Lord of the Rings,Fantasy,3
U0053,M070,Prisoners,Thriller,5
U0053,M083,Monty Python,Comedy,1
U0053,M046,The Act of Killing,Documentary,1
U0053,M008,Get Out,Horror,3
U0053,M051,Pan's Labyrinth,Fantasy,3
U0054,M073,The Exorcist,Horror,2
U0054,M027,Gone Girl,Thriller,5
U0054,M009,The Grand Budapest Hotel,Comedy,1
U0054,M098,The Menu,Thriller,4
U0054,M071,Zodiac,Thriller,3
U0054,M076,Annihilation,Horror,2
U0054,M028,La La Land,Romance,5
U0054,M030,The Wolf of Wall Street,Drama,4
U0054,M043,Planet Earth,Documentary,2
U0055,M085,Step Brothers,Comedy,1
U0055,M004,Interstellar,Sci-Fi,2
U0055,M017,Forrest Gump,Drama,4
U0055,M002,Inception,Sci-Fi,1
U0055,M046,The Act of Killing,Documentary,2
U0055,M031,Whiplash,Drama,5
U0055,M076,Annihilation,Horror,5
U0055,M042,Coco,Animation,3
U0056,M061,Ex Machina,Sci-Fi,4
U0056,M058,The Terminator,Sci-Fi,5
U0056,M100,Nope,Horror,2
U0056,M047,Jiro Dreams of Sushi,Documentary,5
U0056,M066,Before Sunrise,Romance,1
U0056,M076,Annihilation,Horror,5
U0056,M014,The Shawshank Redemption,Drama,4
U0057,M083,Monty Python,Comedy,5
U0057,M004,Interstellar,Sci-Fi,5
U0057,M008,Get Out,Horror,5
U0057,M062,Gravity,Sci-Fi,3
U0057,M052,Princess Mononoke,Fantasy,4
U0057,M055,Mission Impossible,Action,5
U0057,M088,Black Panther,Action,5
U0057,M014,The Shawshank Redemption,Drama,4
U0057,M063,Casablanca,Romance,4
U0057,M092,Iron Man,Action,5
U0057,M057,Speed,Action,5
U0057,M010,Pride and Prejudice,Romance,4
U0057,M011,A Quiet Place,Horror,1
U0057,M042,Coco,Animation,3
U0057,M078,Schindler's List,Drama,5
U0057,M019,Alien,Sci-Fi,2
U0057,M009,The Grand Budapest Hotel,Comedy,4
U0057,M017,Forrest Gump,Drama,5
U0057,M036,Se7en,Thriller,3
U0058,M044,Free Solo,Documentary,1
U0058,M059,2001: A Space Odyssey,Sci-Fi,3
U0058,M052,Princess Mononoke,Fantasy,3
U0058,M054,Top Gun: Maverick,Action,5
U0058,M094,Dune,Sci-Fi,1
U0058,M013,Parasite,Thriller,5
U0058,M041,Spirited Away,Animation,5
U0058,M055,Mission Impossible,Action,5
U0058,M086,Airplane!,Comedy,3
U0058,M033,Pitch Perfect,Comedy,1
U0058,M048,The Lord of the Rings,Fantasy,4
U0058,M020,John Wick,Action,3
U0058,M088,Black Panther,Action,4
U0058,M061,Ex Machina,Sci-Fi,1
U0058,M009,The Grand Budapest Hotel,Comedy,3
U0058,M012,The Hangover,Comedy,5
U0058,M011,A Quiet Place,Horror,3
U0058,M056,Die Hard,Action,3
U0059,M074,Rosemary's Baby,Horror,3
U0059,M065,Eternal Sunshine,Romance,5
U0059,M028,La La Land,Romance,3
U0059,M020,John Wick,Action,1
U0059,M085,Step Brothers,Comedy,3
U0059,M062,Gravity,Sci-Fi,5
U0059,M029,Blade Runner 2049,Sci-Fi,2
U0059,M014,The Shawshank Redemption,Drama,5
U0060,M078,Schindler's List,Drama,3
U0060,M085,Step Brothers,Comedy,3
U0060,M089,Spider-Man: No Way Home,Action,3
U0060,M035,The Big Lebowski,Comedy,3
U0060,M004,Interstellar,Sci-Fi,3
U0061,M024,Knives Out,Thriller,2
U0061,M019,Alien,Sci-Fi,2
U0061,M073,The Exorcist,Horror,1
U0061,M085,Step Brothers,Comedy,1
U0061,M052,Princess Mononoke,Fantasy,5
U0062,M049,Harry Potter,Fantasy,5
U0062,M054,Top Gun: Maverick,Action,1
U0062,M059,2001: A Space Odyssey,Sci-Fi,1
U0062,M044,Free Solo,Documentary,2
U0062,M021,Bridesmaids,Comedy,2
U0062,M048,The Lord of the Rings,Fantasy,5
U0062,M040,WALL-E,Animation,3
U0062,M093,Everything Everywhere All at Once,Sci-Fi,1
U0062,M042,Coco,Animation,4
U0062,M100,Nope,Horror,4
U0062,M073,The Exorcist,Horror,4
U0063,M078,Schindler's List,Drama,5
U0063,M057,Speed,Action,1
U0063,M054,Top Gun: Maverick,Action,1
U0063,M035,The Big Lebowski,Comedy,2
U0063,M028,La La Land,Romance,3
U0063,M097,Moon,Sci-Fi,2
U0063,M066,Before Sunrise,Romance,2
U0063,M015,Crazy Rich Asians,Romance,3
U0063,M045,13th,Documentary,3
U0063,M056,Die Hard,Action,3
U0063,M037,Toy Story,Animation,3
U0063,M087,The Mask,Comedy,1
U0063,M076,Annihilation,Horror,4
U0063,M063,Casablanca,Romance,4
U0063,M068,The Silence of the Lambs,Thriller,3
U0063,M086,Airplane!,Comedy,2
U0063,M040,WALL-E,Animation,5
U0063,M006,Avengers: Endgame,Action,5
U0063,M029,Blade Runner 2049,Sci-Fi,2
U0063,M051,Pan's Labyrinth,Fantasy,5
U0064,M010,Pride and Prejudice,Romance,4
U0064,M051,Pan's Labyrinth,Fantasy,2
U0064,M095,The Martian,Sci-Fi,3
U0064,M006,Avengers: Endgame,Action,2
U0064,M056,Die Hard,Action,5
U0064,M003,The Notebook,Romance,4
U0064,M059,2001: A Space Odyssey,Sci-Fi,3
U0064,M041,Spirited Away,Animation,3
U0064,M074,Rosemary's Baby,Horror,4
U0064,M055,Mission Impossible,Action,1
U0064,M052,Princess Mononoke,Fantasy,3
U0064,M091,Thor: Ragnarok,Action,4
U0064,M082,A Beautiful Mind,Drama,5
U0064,M054,Top Gun: Maverick,Action,4
U0064,M038,Finding Nemo,Animation,5
U0064,M015,Crazy Rich Asians,Romance,1
U0065,M040,WALL-E,Animation,4
U0065,M096,Annihilation,Sci-Fi,1
U0065,M044,Free Solo,Documentary,2
U0065,M029,Blade Runner 2049,Sci-Fi,3
U0065,M043,Planet Earth,Documentary,2
U0065,M100,Nope,Horror,2
U0065,M022,Midsommar,Horror,5
U0065,M010,Pride and Prejudice,Romance,2
U0065,M066,Before Sunrise,Romance,1
U0065,M082,A Beautiful Mind,Drama,3
U0065,M015,Crazy Rich Asians,Romance,4
U0065,M068,The Silence of the Lambs,Thriller,5
U0065,M025,It,Horror,5
U0065,M045,13th,Documentary,5
U0065,M094,Dune,Sci-Fi,4
U0065,M083,Monty Python,Comedy,5
U0065,M019,Alien,Sci-Fi,5
U0066,M081,Dead Poets Society,Drama,5
U0066,M041,Spirited Away,Animation,3
U0066,M020,John Wick,Action,1
U0066,M057,Speed,Action,3
U0066,M009,The Grand Budapest Hotel,Comedy,3
U0066,M061,Ex Machina,Sci-Fi,1
U0066,M039,Up,Animation,3
U0066,M036,Se7en,Thriller,5
U0066,M076,Annihilation,Horror,5
U0066,M008,Get Out,Horror,5
U0066,M046,The Act of Killing,Documentary,4
U0066,M065,Eternal Sunshine,Romance,4
U0066,M010,Pride and Prejudice,Romance,5
U0066,M040,WALL-E,Animation,5
U0066,M060,Arrival,Sci-Fi,1
U0067,M074,Rosemary's Baby,Horror,4
U0067,M084,Anchorman,Comedy,4
U0067,M025,It,Horror,5
U0067,M042,Coco,Animation,5
U0067,M078,Schindler's List,Drama,5
U0067,M061,Ex Machina,Sci-Fi,2
U0067,M065,Eternal Sunshine,Romance,3
U0067,M020,John Wick,Action,3
U0067,M008,Get Out,Horror,3
U0067,M058,The Terminator,Sci-Fi,4
U0067,M014,The Shawshank Redemption,Drama,5
U0067,M044,Free Solo,Documentary,3
U0067,M092,Iron Man,Action,5
U0067,M011,A Quiet Place,Horror,1
U0067,M083,Monty Python,Comedy,3
U0067,M023,The Matrix,Sci-Fi,1
U0067,M006,Avengers: Endgame,Action,3
U0067,M032,The Pursuit of Happyness,Drama,2
U0067,M091,Thor: Ragnarok,Action,5
U0068,M037,Toy Story,Animation,3
U0068,M033,Pitch Perfect,Comedy,3
U0068,M093,Everything Everywhere All at Once,Sci-Fi,5
U0068,M085,Step Brothers,Comedy,4
U0068,M078,Schindler's List,Drama,4
U0068,M020,John Wick,Action,2
U0068,M043,Planet Earth,Documentary,5
U0068,M011,A Quiet Place,Horror,1
U0068,M075,The Shining,Horror,4
U0068,M019,Alien,Sci-Fi,5
U0068,M045,13th,Documentary,3
U0068,M040,WALL-E,Animation,3
U0068,M084,Anchorman,Comedy,3
U0068,M090,Doctor Strange,Action,3
U0068,M051,Pan's Labyrinth,Fantasy,3
U0068,M017,Forrest Gump,Drama,3
U0068,M077,Us,Horror,3
U0069,M025,It,Horror,2
U0069,M029,Blade Runner 2049,Sci-Fi,5
U0069,M018,Superbad,Comedy,2
U0069,M020,John Wick,Action,4
U0069,M010,Pride and Prejudice,Romance,1
U0069,M038,Finding Nemo,Animation,5
U0069,M013,Parasite,Thriller,4
U0069,M065,Eternal Sunshine,Romance,2
U0069,M099,Barbarian,Horror,4
U0069,M070,Prisoners,Thriller,5
U0069,M095,The Martian,Sci-Fi,3
U0069,M068,The Silence of the Lambs,Thriller,5
U0069,M005,The Conjuring,Horror,2
U0069,M085,Step Brothers,Comedy,5
U0069,M044,Free Solo,Documentary,2
U0069,M080,Good Will Hunting,Drama,4
U0069,M017,Forrest Gump,Drama,5
U0069,M077,Us,Horror,2
U0069,M049,Harry Potter,Fantasy,4
U0069,M021,Bridesmaids,Comedy,5
U0070,M060,Arrival,Sci-Fi,5
U0070,M099,Barbarian,Horror,1
U0070,M037,Toy Story,Animation,4
U0070,M100,Nope,Horror,1
U0070,M049,Harry Potter,Fantasy,3
U0070,M065,Eternal Sunshine,Romance,3
U0070,M068,The Silence of the Lambs,Thriller,5
U0070,M054,Top Gun: Maverick,Action,5
U0070,M021,Bridesmaids,Comedy,2
U0070,M026,Mad Max: Fury Road,Action,4
U0070,M078,Schindler's List,Drama,2
U0070,M018,Superbad,Comedy,2
U0070,M033,Pitch Perfect,Comedy,4
U0070,M007,Titanic,Romance,3
U0070,M083,Monty Python,Comedy,1
U0070,M062,Gravity,Sci-Fi,4
U0070,M048,The Lord of the Rings,Fantasy,2
U0070,M071,Zodiac,Thriller,5
U0070,M014,The Shawshank Redemption,Drama,5
U0071,M031,Whiplash,Drama,3
U0071,M050,The Hobbit,Fantasy,4
U0071,M011,A Quiet Place,Horror,4
U0071,M048,The Lord of the Rings,Fantasy,5
U0071,M029,Blade Runner 2049,Sci-Fi,1
U0071,M004,Interstellar,Sci-Fi,1
U0071,M041,Spirited Away,Animation,3
U0071,M013,Parasite,Thriller,4
U0071,M092,Iron Man,Action,2
U0071,M084,Anchorman,Comedy,2
U0071,M043,Planet Earth,Documentary,5
U0071,M019,Alien,Sci-Fi,5
U0071,M018,Superbad,Comedy,5
U0071,M005,The Conjuring,Horror,4
U0071,M037,Toy Story,Animation,3
U0071,M061,Ex Machina,Sci-Fi,3
U0072,M039,Up,Animation,5
U0072,M016,Hereditary,Horror,1
U0072,M007,Titanic,Romance,5
U0072,M031,Whiplash,Drama,5
U0072,M054,Top Gun: Maverick,Action,2
U0072,M082,A Beautiful Mind,Drama,3
U0072,M080,Good Will Hunting,Drama,4
U0072,M059,2001: A Space Odyssey,Sci-Fi,4
U0072,M009,The Grand Budapest Hotel,Comedy,1
U0072,M015,Crazy Rich Asians,Romance,5
U0072,M064,When Harry Met Sally,Romance,3
U0072,M077,Us,Horror,2
U0073,M024,Knives Out,Thriller,2
U0073,M086,Airplane!,Comedy,3
U0073,M011,A Quiet Place,Horror,2
U0073,M068,The Silence of the Lambs,Thriller,2
U0073,M047,Jiro Dreams of Sushi,Documentary,5
U0073,M009,The Grand Budapest Hotel,Comedy,3
U0073,M070,Prisoners,Thriller,3
U0073,M065,Eternal Sunshine,Romance,1
U0073,M071,Zodiac,Thriller,4
U0073,M003,The Notebook,Romance,5
U0073,M050,The Hobbit,Fantasy,4
U0073,M061,Ex Machina,Sci-Fi,2
U0073,M006,Avengers: Endgame,Action,4
U0073,M082,A Beautiful Mind,Drama,5
U0073,M048,The Lord of the Rings,Fantasy,3
U0073,M033,Pitch Perfect,Comedy,2
U0073,M096,Annihilation,Sci-Fi,1
U0073,M046,The Act of Killing,Documentary,4
U0074,M038,Finding Nemo,Animation,5
U0074,M026,Mad Max: Fury Road,Action,5
U0074,M006,Avengers: Endgame,Action,4
U0074,M041,Spirited Away,Animation,4
U0074,M040,WALL-E,Animation,3
U0074,M066,Before Sunrise,Romance,2
U0075,M046,The Act of Killing,Documentary,2
U0075,M100,Nope,Horror,4
U0075,M007,Titanic,Romance,4
U0075,M084,Anchorman,Comedy,3
U0075,M043,Planet Earth,Documentary,5
U0075,M035,The Big Lebowski,Comedy,3
U0075,M016,Hereditary,Horror,1
U0075,M048,The Lord of the Rings,Fantasy,4
U0075,M056,Die Hard,Action,1
U0075,M052,Princess Mononoke,Fantasy,4
U0075,M096,Annihilation,Sci-Fi,5
U0075,M057,Speed,Action,2
U0075,M050,The Hobbit,Fantasy,5
U0075,M044,Free Solo,Documentary,3
U0076,M014,The Shawshank Redemption,Drama,4
U0076,M011,A Quiet Place,Horror,5
U0076,M042,Coco,Animation,5
U0076,M085,Step Brothers,Comedy,3
U0076,M038,Finding Nemo,Animation,3
U0076,M040,WALL-E,Animation,3
U0076,M058,The Terminator,Sci-Fi,4
U0076,M078,Schindler's List,Drama,4
U0076,M092,Iron Man,Action,5
U0076,M055,Mission Impossible,Action,2
U0076,M022,Midsommar,Horror,1
U0076,M089,Spider-Man: No Way Home,Action,2
U0076,M057,Speed,Action,5
U0076,M045,13th,Documentary,4
U0076,M006,Avengers: Endgame,Action,1
U0077,M009,The Grand Budapest Hotel,Comedy,2
U0077,M031,Whiplash,Drama,5
U0077,M100,Nope,Horror,3
U0077,M083,Monty Python,Comedy,3
U0077,M047,Jiro Dreams of Sushi,Documentary,4
U0077,M050,The Hobbit,Fantasy,2
U0077,M073,The Exorcist,Horror,5
U0077,M005,The Conjuring,Horror,2
U0077,M078,Schindler's List,Drama,5
U0078,M051,Pan's Labyrinth,Fantasy,4
U0078,M041,Spirited Away,Animation,5
U0078,M084,Anchorman,Comedy,2
U0078,M036,Se7en,Thriller,5
U0078,M032,The Pursuit of Happyness,Drama,4
U0078,M015,Crazy Rich Asians,Romance,4
U0078,M004,Interstellar,Sci-Fi,2
U0078,M095,The Martian,Sci-Fi,1
U0078,M024,Knives Out,Thriller,3
U0078,M064,When Harry Met Sally,Romance,1
U0078,M067,The Fault in Our Stars,Romance,4
U0078,M050,The Hobbit,Fantasy,3
U0078,M072,Nightcrawler,Thriller,5
U0078,M016,Hereditary,Horror,1
U0078,M034,Joker,Drama,4
U0078,M100,Nope,Horror,3
U0079,M071,Zodiac,Thriller,3
U0079,M070,Prisoners,Thriller,4
U0079,M038,Finding Nemo,Animation,5
U0079,M039,Up,Animation,4
U0079,M021,Bridesmaids,Comedy,1
U0079,M092,Iron Man,Action,2
U0079,M091,Thor: Ragnarok,Action,2
U0080,M064,When Harry Met Sally,Romance,4
U0080,M004,Interstellar,Sci-Fi,4
U0080,M047,Jiro Dreams of Sushi,Documentary,5
U0080,M071,Zodiac,Thriller,5
U0080,M074,Rosemary's Baby,Horror,4
U0080,M048,The Lord of the Rings,Fantasy,5
U0080,M060,Arrival,Sci-Fi,1
U0080,M017,Forrest Gump,Drama,3
U0080,M079,12 Angry Men,Drama,4
U0080,M012,The Hangover,Comedy,1
U0080,M009,The Grand Budapest Hotel,Comedy,4
U0080,M040,WALL-E,Animation,5
U0081,M017,Forrest Gump,Drama,4
U0081,M100,Nope,Horror,2
U0081,M071,Zodiac,Thriller,4
U0081,M082,A Beautiful Mind,Drama,5
U0081,M076,Annihilation,Horror,3
U0081,M024,Knives Out,Thriller,2
U0081,M099,Barbarian,Horror,3
U0081,M056,Die Hard,Action,2
U0081,M065,Eternal Sunshine,Romance,5
U0081,M008,Get Out,Horror,3
U0081,M016,Hereditary,Horror,2
U0081,M067,The Fault in Our Stars,Romance,3
U0081,M020,John Wick,Action,5
U0081,M039,Up,Animation,5
U0081,M022,Midsommar,Horror,1
U0081,M021,Bridesmaids,Comedy,5
U0082,M076,Annihilation,Horror,1
U0082,M075,The Shining,Horror,1
U0082,M020,John Wick,Action,1
U0082,M022,Midsommar,Horror,1
U0082,M085,Step Brothers,Comedy,5
U0082,M080,Good Will Hunting,Drama,4
U0082,M093,Everything Everywhere All at Once,Sci-Fi,2
U0082,M078,Schindler's List,Drama,5
U0082,M044,Free Solo,Documentary,4
U0082,M073,The Exorcist,Horror,5
U0083,M064,When Harry Met Sally,Romance,3
U0083,M081,Dead Poets Society,Drama,5
U0083,M070,Prisoners,Thriller,3
U0083,M038,Finding Nemo,Animation,5
U0083,M083,Monty Python,Comedy,3
U0084,M010,Pride and Prejudice,Romance,3
U0084,M089,Spider-Man: No Way Home,Action,5
U0084,M008,Get Out,Horror,5
U0084,M021,Bridesmaids,Comedy,1
U0084,M057,Speed,Action,3
U0084,M054,Top Gun: Maverick,Action,2
U0084,M062,Gravity,Sci-Fi,4
U0084,M060,Arrival,Sci-Fi,1
U0084,M027,Gone Girl,Thriller,4
U0084,M044,Free Solo,Documentary,4
U0084,M078,Schindler's List,Drama,3
U0084,M019,Alien,Sci-Fi,2
U0084,M041,Spirited Away,Animation,3
U0084,M092,Iron Man,Action,1
U0084,M094,Dune,Sci-Fi,3
U0084,M045,13th,Documentary,4
U0084,M052,Princess Mononoke,Fantasy,5
U0084,M017,Forrest Gump,Drama,5
U0084,M098,The Menu,Thriller,3
U0085,M042,Coco,Animation,5
U0085,M074,Rosemary's Baby,Horror,3
U0085,M093,Everything Everywhere All at Once,Sci-Fi,4
U0085,M041,Spirited Away,Animation,3
U0085,M025,It,Horror,1
U0085,M098,The Menu,Thriller,5
U0085,M021,Bridesmaids,Comedy,5
U0085,M064,When Harry Met Sally,Romance,4
U0085,M066,Before Sunrise,Romance,2
U0085,M060,Arrival,Sci-Fi,2
U0086,M007,Titanic,Romance,4
U0086,M037,Toy Story,Animation,4
U0086,M064,When Harry Met Sally,Romance,1
U0086,M077,Us,Horror,4
U0086,M084,Anchorman,Comedy,1
U0086,M087,The Mask,Comedy,5
U0086,M061,Ex Machina,Sci-Fi,5
U0086,M069,No Country for Old Men,Thriller,3
U0086,M002,Inception,Sci-Fi,3
U0086,M014,The Shawshank Redemption,Drama,5
U0086,M056,Die Hard,Action,3
U0086,M018,Superbad,Comedy,1
U0086,M034,Joker,Drama,5
U0086,M094,Dune,Sci-Fi,5
U0086,M047,Jiro Dreams of Sushi,Documentary,4
U0086,M098,The Menu,Thriller,5
U0087,M080,Good Will Hunting,Drama,3
U0087,M088,Black Panther,Action,5
U0087,M079,12 Angry Men,Drama,5
U0087,M016,Hereditary,Horror,4
U0087,M017,Forrest Gump,Drama,5
U0087,M013,Parasite,Thriller,2
U0087,M051,Pan's Labyrinth,Fantasy,2
U0087,M048,The Lord of the Rings,Fantasy,2
U0087,M044,Free Solo,Documentary,2
U0087,M072,Nightcrawler,Thriller,4
U0087,M047,Jiro Dreams of Sushi,Documentary,4
U0087,M097,Moon,Sci-Fi,5
U0087,M019,Alien,Sci-Fi,4
U0088,M078,Schindler's List,Drama,4
U0088,M066,Before Sunrise,Romance,5
U0088,M018,Superbad,Comedy,3
U0088,M042,Coco,Animation,5
U0088,M079,12 Angry Men,Drama,5
U0088,M041,Spirited Away,Animation,5
U0088,M021,Bridesmaids,Comedy,4
U0088,M051,Pan's Labyrinth,Fantasy,5
U0088,M095,The Martian,Sci-Fi,3
U0089,M003,The Notebook,Romance,5
U0089,M048,The Lord of the Rings,Fantasy,4
U0089,M043,Planet Earth,Documentary,2
U0089,M087,The Mask,Comedy,5
U0089,M015,Crazy Rich Asians,Romance,5
U0089,M054,Top Gun: Maverick,Action,4
U0089,M075,The Shining,Horror,2
U0089,M040,WALL-E,Animation,4
U0089,M093,Everything Everywhere All at Once,Sci-Fi,1
U0089,M089,Spider-Man: No Way Home,Action,5
U0089,M081,Dead Poets Society,Drama,2
U0089,M004,Interstellar,Sci-Fi,2
U0089,M077,Us,Horror,1
U0089,M061,Ex Machina,Sci-Fi,4
U0089,M034,Joker,Drama,4
U0089,M084,Anchorman,Comedy,4
U0089,M100,Nope,Horror,2
U0089,M074,Rosemary's Baby,Horror,4
U0089,M030,The Wolf of Wall Street,Drama,3
U0089,M007,Titanic,Romance,4
U0090,M095,The Martian,Sci-Fi,3
U0090,M094,Dune,Sci-Fi,5
U0090,M008,Get Out,Horror,4
U0090,M091,Thor: Ragnarok,Action,2
U0090,M018,Superbad,Comedy,2
U0090,M067,The Fault in Our Stars,Romance,3
U0090,M027,Gone Girl,Thriller,5
U0090,M072,Nightcrawler,Thriller,4
U0090,M042,Coco,Animation,4
U0090,M085,Step Brothers,Comedy,3
U0090,M062,Gravity,Sci-Fi,3
U0090,M068,The Silence of the Lambs,Thriller,3
U0090,M049,Harry Potter,Fantasy,4
U0090,M041,Spirited Away,Animation,4
U0090,M023,The Matrix,Sci-Fi,4
U0090,M059,2001: A Space Odyssey,Sci-Fi,3
U0090,M069,No Country for Old Men,Thriller,5
U0090,M044,Free Solo,Documentary,3
U0090,M070,Prisoners,Thriller,4
U0090,M046,The Act of Killing,Documentary,1
U0091,M051,Pan's Labyrinth,Fantasy,4
U0091,M045,13th,Documentary,5
U0091,M099,Barbarian,Horror,3
U0091,M019,Alien,Sci-Fi,2
U0091,M038,Finding Nemo,Animation,3
U0091,M006,Avengers: Endgame,Action,5
U0091,M037,Toy Story,Animation,5
U0091,M092,Iron Man,Action,2
U0091,M011,A Quiet Place,Horror,2
U0091,M057,Speed,Action,1
U0091,M084,Anchorman,Comedy,5
U0091,M033,Pitch Perfect,Comedy,2
U0091,M096,Annihilation,Sci-Fi,2
U0091,M062,Gravity,Sci-Fi,1
U0091,M028,La La Land,Romance,1
U0091,M026,Mad Max: Fury Road,Action,4
U0091,M069,No Country for Old Men,Thriller,4
U0092,M013,Parasite,Thriller,5
U0092,M088,Black Panther,Action,1
U0092,M099,Barbarian,Horror,2
U0092,M018,Superbad,Comedy,4
U0092,M001,The Dark Knight,Action,2
U0092,M071,Zodiac,Thriller,2
U0092,M021,Bridesmaids,Comedy,4
U0092,M053,Gladiator,Action,4
U0092,M084,Anchorman,Comedy,2
U0092,M061,Ex Machina,Sci-Fi,3
U0092,M062,Gravity,Sci-Fi,1
U0092,M026,Mad Max: Fury Road,Action,1
U0092,M097,Moon,Sci-Fi,3
U0092,M037,Toy Story,Animation,5
U0092,M042,Coco,Animation,5
U0092,M083,Monty Python,Comedy,1
U0092,M008,Get Out,Horror,3
U0092,M012,The Hangover,Comedy,3
U0092,M074,Rosemary's Baby,Horror,4
U0092,M030,The Wolf of Wall Street,Drama,5
U0093,M018,Superbad,Comedy,2
U0093,M065,Eternal Sunshine,Romance,2
U0093,M060,Arrival,Sci-Fi,5
U0093,M035,The Big Lebowski,Comedy,4
U0093,M025,It,Horror,4
U0093,M015,Crazy Rich Asians,Romance,5
U0093,M043,Planet Earth,Documentary,3
U0093,M021,Bridesmaids,Comedy,1
U0093,M094,Dune,Sci-Fi,4
U0093,M059,2001: A Space Odyssey,Sci-Fi,1
U0093,M083,Monty Python,Comedy,2
U0093,M033,Pitch Perfect,Comedy,2
U0093,M092,Iron Man,Action,4
U0093,M024,Knives Out,Thriller,4
U0093,M002,Inception,Sci-Fi,2
U0093,M095,The Martian,Sci-Fi,1
U0093,M044,Free Solo,Documentary,3
U0093,M038,Finding Nemo,Animation,5
U0093,M073,The Exorcist,Horror,2
U0093,M087,The Mask,Comedy,4
U0094,M043,Planet Earth,Documentary,1
U0094,M039,Up,Animation,5
U0094,M075,The Shining,Horror,3
U0094,M093,Everything Everywhere All at Once,Sci-Fi,2
U0094,M074,Rosemary's Baby,Horror,4
U0094,M002,Inception,Sci-Fi,5
U0094,M034,Joker,Drama,4
U0094,M084,Anchorman,Comedy,1
U0094,M047,Jiro Dreams of Sushi,Documentary,3
U0094,M089,Spider-Man: No Way Home,Action,3
U0094,M031,Whiplash,Drama,5
U0094,M008,Get Out,Horror,2
U0094,M086,Airplane!,Comedy,2
U0095,M062,Gravity,Sci-Fi,4
U0095,M020,John Wick,Action,5
U0095,M059,2001: A Space Odyssey,Sci-Fi,2
U0095,M096,Annihilation,Sci-Fi,2
U0095,M078,Schindler's List,Drama,5
U0095,M048,The Lord of the Rings,Fantasy,2
U0095,M054,Top Gun: Maverick,Action,5
U0095,M090,Doctor Strange,Action,4
U0095,M071,Zodiac,Thriller,5
U0096,M010,Pride and Prejudice,Romance,5
U0096,M073,The Exorcist,Horror,4
U0096,M015,Crazy Rich Asians,Romance,1
U0096,M008,Get Out,Horror,5
U0096,M071,Zodiac,Thriller,5
U0096,M065,Eternal Sunshine,Romance,1
U0096,M026,Mad Max: Fury Road,Action,4
U0096,M074,Rosemary's Baby,Horror,2
U0096,M069,No Country for Old Men,Thriller,5
U0096,M020,John Wick,Action,4
U0096,M022,Midsommar,Horror,4
U0096,M042,Coco,Animation,5
U0096,M067,The Fault in Our Stars,Romance,1
U0096,M057,Speed,Action,5
U0096,M088,Black Panther,Action,4
U0096,M027,Gone Girl,Thriller,4
U0097,M051,Pan's Labyrinth,Fantasy,5
U0097,M033,Pitch Perfect,Comedy,1
U0097,M001,The Dark Knight,Action,1
U0097,M096,Annihilation,Sci-Fi,4
U0097,M028,La La Land,Romance,3
U0098,M070,Prisoners,Thriller,3
U0098,M008,Get Out,Horror,2
U0098,M009,The Grand Budapest Hotel,Comedy,4
U0098,M061,Ex Machina,Sci-Fi,3
U0098,M005,The Conjuring,Horror,4
U0098,M037,Toy Story,Animation,5
U0098,M053,Gladiator,Action,4
U0099,M011,A Quiet Place,Horror,1
U0099,M088,Black Panther,Action,3
U0099,M085,Step Brothers,Comedy,4
U0099,M070,Prisoners,Thriller,5
U0099,M018,Superbad,Comedy,4
U0099,M084,Anchorman,Comedy,5
U0099,M045,13th,Documentary,4
U0099,M016,Hereditary,Horror,2
U0099,M023,The Matrix,Sci-Fi,2
U0099,M069,No Country for Old Men,Thriller,5
U0099,M051,Pan's Labyrinth,Fantasy,4
U0099,M068,The Silence of the Lambs,Thriller,3
U0099,M017,Forrest Gump,Drama,4
U0099,M094,Dune,Sci-Fi,2
U0099,M029,Blade Runner 2049,Sci-Fi,1
U0099,M001,The Dark Knight,Action,1
U0099,M097,Moon,Sci-Fi,4
U0100,M031,Whiplash,Drama,2
U0100,M027,Gone Girl,Thriller,5
U0100,M009,The Grand Budapest Hotel,Comedy,5
U0100,M013,Parasite,Thriller,2
U0100,M077,Us,Horror,2
U0101,M052,Princess Mononoke,Fantasy,2
U0101,M057,Speed,Action,2
U0101,M030,The Wolf of Wall Street,Drama,5
U0101,M070,Prisoners,Thriller,4
U0101,M028,La La Land,Romance,2
U0101,M097,Moon,Sci-Fi,5
U0102,M074,Rosemary's Baby,Horror,5
U0102,M077,Us,Horror,2
U0102,M099,Barbarian,Horror,4
U0102,M087,The Mask,Comedy,5
U0102,M042,Coco,Animation,5
U0102,M031,Whiplash,Drama,2
U0102,M039,Up,Animation,4
U0102,M019,Alien,Sci-Fi,4
U0102,M085,Step Brothers,Comedy,5
U0102,M067,The Fault in Our Stars,Romance,3
U0102,M029,Blade Runner 2049,Sci-Fi,4
U0102,M053,Gladiator,Action,4
U0102,M036,Se7en,Thriller,3
U0102,M008,Get Out,Horror,3
U0102,M072,Nightcrawler,Thriller,5
U0103,M097,Moon,Sci-Fi,5
U0103,M069,No Country for Old Men,Thriller,5
U0103,M061,Ex Machina,Sci-Fi,4
U0103,M031,Whiplash,Drama,5
U0103,M029,Blade Runner 2049,Sci-Fi,5
U0103,M039,Up,Animation,4
U0103,M091,Thor: Ragnarok,Action,4
U0103,M019,Alien,Sci-Fi,2
U0103,M060,Arrival,Sci-Fi,3
U0103,M008,Get Out,Horror,2
U0104,M083,Monty Python,Comedy,2
U0104,M011,A Quiet Place,Horror,5
U0104,M058,The Terminator,Sci-Fi,5
U0104,M048,The Lord of the Rings,Fantasy,3
U0104,M012,The Hangover,Comedy,4
U0104,M069,No Country for Old Men,Thriller,3
U0104,M093,Everything Everywhere All at Once,Sci-Fi,3
U0104,M025,It,Horror,3
U0104,M007,Titanic,Romance,1
U0104,M035,The Big Lebowski,Comedy,2
U0104,M049,Harry Potter,Fantasy,3
U0104,M087,The Mask,Comedy,1
U0104,M078,Schindler's List,Drama,5
U0104,M006,Avengers: Endgame,Action,2
U0104,M010,Pride and Prejudice,Romance,5
U0105,M051,Pan's Labyrinth,Fantasy,4
U0105,M031,Whiplash,Drama,4
U0105,M071,Zodiac,Thriller,4
U0105,M042,Coco,Animation,5
U0105,M100,Nope,Horror,4
U0105,M037,Toy Story,Animation,5
U0105,M049,Harry Potter,Fantasy,2
U0105,M060,Arrival,Sci-Fi,4
U0105,M069,No Country for Old Men,Thriller,4
U0105,M084,Anchorman,Comedy,2
U0105,M046,The Act of Killing,Documentary,3
U0106,M053,Gladiator,Action,3
U0106,M006,Avengers: Endgame,Action,2
U0106,M073,The Exorcist,Horror,4
U0106,M029,Blade Runner 2049,Sci-Fi,5
U0106,M095,The Martian,Sci-Fi,2
U0106,M019,Alien,Sci-Fi,4
U0106,M003,The Notebook,Romance,5
U0106,M034,Joker,Drama,4
U0106,M071,Zodiac,Thriller,4
U0106,M075,The Shining,Horror,4
U0106,M093,Everything Everywhere All at Once,Sci-Fi,4
U0106,M054,Top Gun: Maverick,Action,4
U0106,M038,Finding Nemo,Animation,4
U0106,M020,John Wick,Action,3
U0106,M026,Mad Max: Fury Road,Action,2
U0107,M093,Everything Everywhere All at Once,Sci-Fi,1
U0107,M070,Prisoners,Thriller,2
U0107,M063,Casablanca,Romance,4
U0107,M024,Knives Out,Thriller,3
U0107,M083,Monty Python,Comedy,2
U0107,M008,Get Out,Horror,1
U0107,M068,The Silence of the Lambs,Thriller,3
U0107,M005,The Conjuring,Horror,1
U0107,M010,Pride and Prejudice,Romance,2
U0108,M048,The Lord of the Rings,Fantasy,2
U0108,M008,Get Out,Horror,5
U0108,M080,Good Will Hunting,Drama,5
U0108,M082,A Beautiful Mind,Drama,3
U0108,M086,Airplane!,Comedy,1
U0108,M079,12 Angry Men,Drama,2
U0108,M062,Gravity,Sci-Fi,5
U0108,M085,Step Brothers,Comedy,2
U0108,M063,Casablanca,Romance,2
U0108,M003,The Notebook,Romance,2
U0108,M001,The Dark Knight,Action,5
U0108,M069,No Country for Old Men,Thriller,5
U0108,M071,Zodiac,Thriller,4
U0108,M053,Gladiator,Action,3
U0108,M002,Inception,Sci-Fi,3
U0108,M068,The Silence of the Lambs,Thriller,5
U0108,M093,Everything Everywhere All at Once,Sci-Fi,1
U0108,M036,Se7en,Thriller,4
U0108,M037,Toy Story,Animation,5
U0109,M073,The Exorcist,Horror,1
U0109,M032,The Pursuit of Happyness,Drama,5
U0109,M090,Doctor Strange,Action,4
U0109,M029,Blade Runner 2049,Sci-Fi,3
U0109,M039,Up,Animation,5
U0109,M088,Black Panther,Action,1
U0109,M011,A Quiet Place,Horror,5
U0109,M084,Anchorman,Comedy,1
U0109,M098,The Menu,Thriller,3
U0109,M005,The Conjuring,Horror,2
U0109,M012,The Hangover,Comedy,5
U0109,M052,Princess Mononoke,Fantasy,4
U0109,M049,Harry Potter,Fantasy,4
U0109,M071,Zodiac,Thriller,2
U0109,M061,Ex Machina,Sci-Fi,1
U0109,M008,Get Out,Horror,3
U0109,M082,A Beautiful Mind,Drama,5
U0109,M002,Inception,Sci-Fi,5
U0109,M022,Midsommar,Horror,1
U0110,M041,Spirited Away,Animation,4
U0110,M003,The Notebook,Romance,5
U0110,M027,Gone Girl,Thriller,3
U0110,M076,Annihilation,Horror,5
U0110,M019,Alien,Sci-Fi,4
U0110,M097,Moon,Sci-Fi,5
U0110,M092,Iron Man,Action,3
U0110,M051,Pan's Labyrinth,Fantasy,4
U0110,M010,Pride and Prejudice,Romance,2
U0110,M039,Up,Animation,3
U0111,M007,Titanic,Romance,4
U0111,M013,Parasite,Thriller,5
U0111,M056,Die Hard,Action,2
U0111,M030,The Wolf of Wall Street,Drama,4
U0111,M010,Pride and Prejudice,Romance,5
U0111,M044,Free Solo,Documentary,4
U0111,M078,Schindler's List,Drama,5
U0111,M099,Barbarian,Horror,2
U0111,M079,12 Angry Men,Drama,5
U0111,M077,Us,Horror,4
U0111,M051,Pan's Labyrinth,Fantasy,2
U0111,M100,Nope,Horror,5
U0111,M042,Coco,Animation,4
U0111,M004,Interstellar,Sci-Fi,2
U0111,M082,A Beautiful Mind,Drama,2
U0111,M035,The Big Lebowski,Comedy,1
U0112,M020,John Wick,Action,3
U0112,M049,Harry Potter,Fantasy,4
U0112,M092,Iron Man,Action,1
U0112,M082,A Beautiful Mind,Drama,3
U0112,M095,The Martian,Sci-Fi,1
U0112,M050,The Hobbit,Fantasy,3
U0112,M041,Spirited Away,Animation,5
U0112,M047,Jiro Dreams of Sushi,Documentary,4
U0112,M014,The Shawshank Redemption,Drama,5
U0112,M012,The Hangover,Comedy,5
U0112,M001,The Dark Knight,Action,5
U0112,M040,WALL-E,Animation,5
U0112,M057,Speed,Action,1
U0113,M012,The Hangover,Comedy,4
U0113,M046,The Act of Killing,Documentary,1
U0113,M071,Zodiac,Thriller,4
U0113,M077,Us,Horror,4
U0113,M042,Coco,Animation,5
U0114,M093,Everything Everywhere All at Once,Sci-Fi,4
U0114,M072,Nightcrawler,Thriller,3
U0114,M032,The Pursuit of Happyness,Drama,3
U0114,M074,Rosemary's Baby,Horror,3
U0114,M067,The Fault in Our Stars,Romance,3
U0114,M022,Midsommar,Horror,3
U0114,M088,Black Panther,Action,4
U0115,M009,The Grand Budapest Hotel,Comedy,3
U0115,M022,Midsommar,Horror,2
U0115,M056,Die Hard,Action,4
U0115,M036,Se7en,Thriller,5
U0115,M054,Top Gun: Maverick,Action,5
U0115,M039,Up,Animation,4
U0115,M062,Gravity,Sci-Fi,4
U0115,M010,Pride and Prejudice,Romance,1
U0115,M047,Jiro Dreams of Sushi,Documentary,2
U0116,M001,The Dark Knight,Action,2
U0116,M051,Pan's Labyrinth,Fantasy,4
U0116,M043,Planet Earth,Documentary,3
U0116,M080,Good Will Hunting,Drama,3
U0116,M049,Harry Potter,Fantasy,4
U0116,M057,Speed,Action,3
U0116,M056,Die Hard,Action,3
U0116,M084,Anchorman,Comedy,4
U0116,M077,Us,Horror,5
U0116,M018,Superbad,Comedy,2
U0116,M039,Up,Animation,4
U0116,M042,Coco,Animation,5
U0116,M078,Schindler's List,Drama,4
U0116,M089,Spider-Man: No Way Home,Action,4
U0117,M015,Crazy Rich Asians,Romance,1
U0117,M073,The Exorcist,Horror,4
U0117,M026,Mad Max: Fury Road,Action,4
U0117,M076,Annihilation,Horror,2
U0117,M070,Prisoners,Thriller,4
U0117,M024,Knives Out,Thriller,3
U0117,M088,Black Panther,Action,3
U0117,M099,Barbarian,Horror,2
U0117,M071,Zodiac,Thriller,5
U0117,M004,Interstellar,Sci-Fi,4
U0117,M094,Dune,Sci-Fi,1
U0117,M060,Arrival,Sci-Fi,4
U0117,M091,Thor: Ragnarok,Action,5
U0117,M027,Gone Girl,Thriller,5
U0117,M057,Speed,Action,5
U0117,M038,Finding Nemo,Animation,5
U0118,M070,Prisoners,Thriller,5
U0118,M005,The Conjuring,Horror,4
U0118,M047,Jiro Dreams of Sushi,Documentary,3
U0118,M090,Doctor Strange,Action,4
U0118,M069,No Country for Old Men,Thriller,2
U0118,M077,Us,Horror,1
U0118,M082,A Beautiful Mind,Drama,2
U0118,M011,A Quiet Place,Horror,3
U0118,M014,The Shawshank Redemption,Drama,3
U0118,M099,Barbarian,Horror,5
U0118,M032,The Pursuit of Happyness,Drama,5
U0118,M085,Step Brothers,Comedy,5
U0118,M086,Airplane!,Comedy,5
U0118,M046,The Act of Killing,Documentary,5
U0118,M022,Midsommar,Horror,2
U0118,M083,Monty Python,Comedy,4
U0118,M079,12 Angry Men,Drama,4
U0118,M006,Avengers: Endgame,Action,4
U0119,M099,Barbarian,Horror,2
U0119,M087,The Mask,Comedy,5
U0119,M076,Annihilation,Horror,4
U0119,M089,Spider-Man: No Way Home,Action,3
U0119,M065,Eternal Sunshine,Romance,4
U0119,M020,John Wick,Action,1
U0119,M045,13th,Documentary,4
U0119,M004,Interstellar,Sci-Fi,4
U0119,M062,Gravity,Sci-Fi,3
U0119,M014,The Shawshank Redemption,Drama,2
U0119,M038,Finding Nemo,Animation,4
U0119,M054,Top Gun: Maverick,Action,1
U0119,M011,A Quiet Place,Horror,1
U0119,M015,Crazy Rich Asians,Romance,1
U0119,M094,Dune,Sci-Fi,3
U0119,M019,Alien,Sci-Fi,1
U0119,M040,WALL-E,Animation,4
U0119,M044,Free Solo,Documentary,2
U0119,M059,2001: A Space Odyssey,Sci-Fi,5
U0120,M071,Zodiac,Thriller,3
U0120,M021,Bridesmaids,Comedy,4
U0120,M043,Planet Earth,Documentary,4
U0120,M072,Nightcrawler,Thriller,2
U0120,M055,Mission Impossible,Action,5
U0120,M060,Arrival,Sci-Fi,2
U0120,M030,The Wolf of Wall Street,Drama,5
U0120,M052,Princess Mononoke,Fantasy,5
U0120,M081,Dead Poets Society,Drama,5
U0120,M024,Knives Out,Thriller,5
U0121,M091,Thor: Ragnarok,Action,1
U0121,M028,La La Land,Romance,5
U0121,M027,Gone Girl,Thriller,2
U0121,M036,Se7en,Thriller,5
U0121,M097,Moon,Sci-Fi,2
U0122,M042,Coco,Animation,4
U0122,M026,Mad Max: Fury Road,Action,4
U0122,M059,2001: A Space Odyssey,Sci-Fi,5
U0122,M015,Crazy Rich Asians,Romance,2
U0122,M034,Joker,Drama,4
U0122,M086,Airplane!,Comedy,5
U0122,M063,Casablanca,Romance,5
U0122,M068,The Silence of the Lambs,Thriller,2
U0122,M082,A Beautiful Mind,Drama,3
U0122,M041,Spirited Away,Animation,4
U0122,M077,Us,Horror,1
U0122,M050,The Hobbit,Fantasy,3
U0122,M079,12 Angry Men,Drama,4
U0122,M051,Pan's Labyrinth,Fantasy,2
U0122,M076,Annihilation,Horror,2
U0122,M045,13th,Documentary,3
U0123,M066,Before Sunrise,Romance,5
U0123,M050,The Hobbit,Fantasy,3
U0123,M054,Top Gun: Maverick,Action,5
U0123,M077,Us,Horror,2
U0123,M018,Superbad,Comedy,4
U0123,M074,Rosemary's Baby,Horror,3
U0123,M055,Mission Impossible,Action,2
U0123,M024,Knives Out,Thriller,3
U0123,M063,Casablanca,Romance,3
U0124,M080,Good Will Hunting,Drama,5
U0124,M007,Titanic,Romance,1
U0124,M046,The Act of Killing,Documentary,2
U0124,M002,Inception,Sci-Fi,3
U0124,M063,Casablanca,Romance,1
U0124,M018,Superbad,Comedy,3
U0124,M025,It,Horror,2
U0124,M050,The Hobbit,Fantasy,5
U0124,M072,Nightcrawler,Thriller,4
U0124,M065,Eternal Sunshine,Romance,2
U0124,M084,Anchorman,Comedy,4
U0124,M064,When Harry Met Sally,Romance,5
U0124,M053,Gladiator,Action,4
U0124,M088,Black Panther,Action,5
U0124,M054,Top Gun: Maverick,Action,5
U0124,M091,Thor: Ragnarok,Action,1
U0124,M057,Speed,Action,5
U0124,M022,Midsommar,Horror,1
U0124,M011,A Quiet Place,Horror,3
U0125,M070,Prisoners,Thriller,4
U0125,M097,Moon,Sci-Fi,1
U0125,M006,Avengers: Endgame,Action,4
U0125,M098,The Menu,Thriller,2
U0125,M093,Everything Everywhere All at Once,Sci-Fi,2
U0125,M057,Speed,Action,2
U0125,M028,La La Land,Romance,5
U0125,M055,Mission Impossible,Action,3
U0125,M014,The Shawshank Redemption,Drama,5
U0125,M095,The Martian,Sci-Fi,4
U0125,M084,Anchorman,Comedy,2
U0125,M032,The Pursuit of Happyness,Drama,5
U0125,M039,Up,Animation,4
U0125,M005,The Conjuring,Horror,2
U0125,M058,The Terminator,Sci-Fi,2
U0125,M034,Joker,Drama,2
U0126,M069,No Country for Old Men,Thriller,4
U0126,M036,Se7en,Thriller,3
U0126,M077,Us,Horror,2
U0126,M022,Midsommar,Horror,2
U0126,M042,Coco,Animation,4
U0126,M091,Thor: Ragnarok,Action,3
U0126,M038,Finding Nemo,Animation,4
U0126,M074,Rosemary's Baby,Horror,4
U0126,M035,The Big Lebowski,Comedy,4
U0126,M066,Before Sunrise,Romance,2
U0126,M087,The Mask,Comedy,5
U0126,M013,Parasite,Thriller,4
U0126,M018,Superbad,Comedy,4
U0126,M097,Moon,Sci-Fi,4
U0126,M053,Gladiator,Action,4
U0126,M008,Get Out,Horror,1
U0127,M052,Princess Mononoke,Fantasy,4
U0127,M066,Before Sunrise,Romance,3
U0127,M096,Annihilation,Sci-Fi,5
U0127,M036,Se7en,Thriller,2
U0127,M089,Spider-Man: No Way Home,Action,1
U0127,M048,The Lord of the Rings,Fantasy,4
U0127,M059,2001: A Space Odyssey,Sci-Fi,3
U0128,M069,No Country for Old Men,Thriller,4
U0128,M051,Pan's Labyrinth,Fantasy,4
U0128,M028,La La Land,Romance,5
U0128,M055,Mission Impossible,Action,5
U0128,M064,When Harry Met Sally,Romance,2
U0128,M035,The Big Lebowski,Comedy,5
U0128,M042,Coco,Animation,5
U0129,M088,Black Panther,Action,2
U0129,M098,The Menu,Thriller,4
U0129,M007,Titanic,Romance,2
U0129,M006,Avengers: Endgame,Action,3
U0129,M013,Parasite,Thriller,2
U0129,M081,Dead Poets Society,Drama,4
U0129,M059,2001: A Space Odyssey,Sci-Fi,3
U0129,M003,The Notebook,Romance,1
U0129,M016,Hereditary,Horror,3
U0129,M021,Bridesmaids,Comedy,2
U0129,M057,Speed,Action,1
U0129,M001,The Dark Knight,Action,4
U0129,M055,Mission Impossible,Action,3
U0129,M026,Mad Max: Fury Road,Action,2
U0129,M089,Spider-Man: No Way Home,Action,4
U0130,M091,Thor: Ragnarok,Action,5
U0130,M013,Parasite,Thriller,3
U0130,M001,The Dark Knight,Action,5
U0130,M028,La La Land,Romance,4
U0130,M062,Gravity,Sci-Fi,1
U0130,M010,Pride and Prejudice,Romance,1
U0130,M017,Forrest Gump,Drama,4
U0131,M055,Mission Impossible,Action,1
U0131,M089,Spider-Man: No Way Home,Action,1
U0131,M017,Forrest Gump,Drama,4
U0131,M062,Gravity,Sci-Fi,3
U0131,M010,Pride and Prejudice,Romance,3
U0131,M030,The Wolf of Wall Street,Drama,3
U0131,M050,The Hobbit,Fantasy,4
U0131,M012,The Hangover,Comedy,2
U0132,M009,The Grand Budapest Hotel,Comedy,2
U0132,M068,The Silence of the Lambs,Thriller,3
U0132,M073,The Exorcist,Horror,4
U0132,M002,Inception,Sci-Fi,5
U0132,M079,12 Angry Men,Drama,5
U0132,M084,Anchorman,Comedy,2
U0132,M022,Midsommar,Horror,1
U0132,M057,Speed,Action,1
U0132,M045,13th,Documentary,2
U0133,M076,Annihilation,Horror,3
U0133,M094,Dune,Sci-Fi,1
U0133,M050,The Hobbit,Fantasy,3
U0133,M045,13th,Documentary,5
U0133,M055,Mission Impossible,Action,5
U0133,M041,Spirited Away,Animation,5
U0133,M018,Superbad,Comedy,5
U0133,M032,The Pursuit of Happyness,Drama,4
U0134,M085,Step Brothers,Comedy,5
U0134,M039,Up,Animation,4
U0134,M027,Gone Girl,Thriller,5
U0134,M067,The Fault in Our Stars,Romance,3
U0134,M078,Schindler's List,Drama,2
U0135,M064,When Harry Met Sally,Romance,4
U0135,M050,The Hobbit,Fantasy,5
U0135,M015,Crazy Rich Asians,Romance,4
U0135,M031,Whiplash,Drama,4
U0135,M082,A Beautiful Mind,Drama,5
U0135,M077,Us,Horror,2
U0135,M010,Pride and Prejudice,Romance,4
U0135,M068,The Silence of the Lambs,Thriller,2
U0135,M002,Inception,Sci-Fi,1
U0135,M047,Jiro Dreams of Sushi,Documentary,5
U0135,M041,Spirited Away,Animation,3
U0135,M017,Forrest Gump,Drama,2
U0136,M028,La La Land,Romance,1
U0136,M006,Avengers: Endgame,Action,5
U0136,M008,Get Out,Horror,5
U0136,M051,Pan's Labyrinth,Fantasy,5
U0136,M065,Eternal Sunshine,Romance,2
U0136,M037,Toy Story,Animation,4
U0136,M081,Dead Poets Society,Drama,2
U0136,M092,Iron Man,Action,3
U0136,M099,Barbarian,Horror,1
U0136,M054,Top Gun: Maverick,Action,5
U0136,M055,Mission Impossible,Action,2
U0136,M090,Doctor Strange,Action,2
U0136,M052,Princess Mononoke,Fantasy,5
U0137,M051,Pan's Labyrinth,Fantasy,2
U0137,M076,Annihilation,Horror,4
U0137,M082,A Beautiful Mind,Drama,2
U0137,M098,The Menu,Thriller,5
U0137,M084,Anchorman,Comedy,5
U0137,M088,Black Panther,Action,5
U0137,M083,Monty Python,Comedy,1
U0137,M009,The Grand Budapest Hotel,Comedy,3
U0137,M040,WALL-E,Animation,4
U0137,M090,Doctor Strange,Action,1
U0137,M056,Die Hard,Action,1
U0137,M094,Dune,Sci-Fi,2
U0137,M031,Whiplash,Drama,2
U0137,M008,Get Out,Horror,2
U0137,M032,The Pursuit of Happyness,Drama,5
U0138,M067,The Fault in Our Stars,Romance,1
U0138,M093,Everything Everywhere All at Once,Sci-Fi,3
U0138,M034,Joker,Drama,5
U0138,M022,Midsommar,Horror,1
U0138,M048,The Lord of the Rings,Fantasy,4
U0138,M017,Forrest Gump,Drama,5
U0138,M096,Annihilation,Sci-Fi,5
U0138,M100,Nope,Horror,3
U0138,M035,The Big Lebowski,Comedy,1
U0138,M094,Dune,Sci-Fi,4
U0138,M016,Hereditary,Horror,5
U0138,M099,Barbarian,Horror,2
U0138,M004,Interstellar,Sci-Fi,3
U0138,M043,Planet Earth,Documentary,2
U0138,M055,Mission Impossible,Action,3
U0138,M068,The Silence of the Lambs,Thriller,2
U0139,M030,The Wolf of Wall Street,Drama,4
U0139,M095,The Martian,Sci-Fi,4
U0139,M066,Before Sunrise,Romance,2
U0139,M001,The Dark Knight,Action,2
U0139,M006,Avengers: Endgame,Action,1
U0139,M002,Inception,Sci-Fi,5
U0139,M032,The Pursuit of Happyness,Drama,5
U0139,M061,Ex Machina,Sci-Fi,2
U0140,M032,The Pursuit of Happyness,Drama,2
U0140,M054,Top Gun: Maverick,Action,4
U0140,M093,Everything Everywhere All at Once,Sci-Fi,1
U0140,M041,Spirited Away,Animation,5
U0140,M035,The Big Lebowski,Comedy,3
U0140,M010,Pride and Prejudice,Romance,3
U0140,M074,Rosemary's Baby,Horror,3
U0140,M048,The Lord of the Rings,Fantasy,2
U0140,M016,Hereditary,Horror,5
U0140,M065,Eternal Sunshine,Romance,4
U0140,M087,The Mask,Comedy,1
U0140,M007,Titanic,Romance,3
U0140,M023,The Matrix,Sci-Fi,2
U0140,M029,Blade Runner 2049,Sci-Fi,3
U0140,M067,The Fault in Our Stars,Romance,5
U0141,M095,The Martian,Sci-Fi,1
U0141,M080,Good Will Hunting,Drama,5
U0141,M032,The Pursuit of Happyness,Drama,2
U0141,M060,Arrival,Sci-Fi,2
U0141,M048,The Lord of the Rings,Fantasy,5
U0141,M076,Annihilation,Horror,3
U0141,M064,When Harry Met Sally,Romance,1
U0141,M099,Barbarian,Horror,3
U0141,M100,Nope,Horror,1
U0141,M026,Mad Max: Fury Road,Action,4
U0141,M094,Dune,Sci-Fi,3
U0141,M070,Prisoners,Thriller,2
U0141,M098,The Menu,Thriller,3
U0141,M020,John Wick,Action,5
U0142,M054,Top Gun: Maverick,Action,3
U0142,M063,Casablanca,Romance,4
U0142,M008,Get Out,Horror,1
U0142,M019,Alien,Sci-Fi,5
U0142,M092,Iron Man,Action,1
U0142,M036,Se7en,Thriller,5
U0142,M012,The Hangover,Comedy,2
U0142,M006,Avengers: Endgame,Action,4
U0142,M030,The Wolf of Wall Street,Drama,2
U0142,M067,The Fault in Our Stars,Romance,5
U0142,M053,Gladiator,Action,5
U0142,M090,Doctor Strange,Action,1
U0143,M085,Step Brothers,Comedy,5
U0143,M017,Forrest Gump,Drama,2
U0143,M031,Whiplash,Drama,3
U0143,M038,Finding Nemo,Animation,3
U0143,M034,Joker,Drama,3
U0143,M041,Spirited Away,Animation,5
U0143,M051,Pan's Labyrinth,Fantasy,4
U0143,M090,Doctor Strange,Action,3
U0143,M095,The Martian,Sci-Fi,4
U0143,M042,Coco,Animation,3
U0143,M058,The Terminator,Sci-Fi,5
U0143,M035,The Big Lebowski,Comedy,3
U0143,M030,The Wolf of Wall Street,Drama,3
U0143,M010,Pride and Prejudice,Romance,4
U0143,M026,Mad Max: Fury Road,Action,3
U0143,M018,Superbad,Comedy,4
U0143,M100,Nope,Horror,3
U0143,M099,Barbarian,Horror,1
U0144,M021,Bridesmaids,Comedy,2
U0144,M088,Black Panther,Action,3
U0144,M039,Up,Animation,4
U0144,M091,Thor: Ragnarok,Action,1
U0144,M090,Doctor Strange,Action,2
U0144,M078,Schindler's List,Drama,4
U0144,M006,Avengers: Endgame,Action,4
U0145,M087,The Mask,Comedy,4
U0145,M039,Up,Animation,5
U0145,M034,Joker,Drama,5
U0145,M023,The Matrix,Sci-Fi,2
U0145,M004,Interstellar,Sci-Fi,1
U0145,M052,Princess Mononoke,Fantasy,4
U0146,M018,Superbad,Comedy,4
U0146,M016,Hereditary,Horror,3
U0146,M002,Inception,Sci-Fi,1
U0146,M008,Get Out,Horror,5
U0146,M100,Nope,Horror,5
U0146,M029,Blade Runner 2049,Sci-Fi,3
U0146,M017,Forrest Gump,Drama,2
U0146,M026,Mad Max: Fury Road,Action,1
U0147,M026,Mad Max: Fury Road,Action,1
U0147,M083,Monty Python,Comedy,4
U0147,M057,Speed,Action,1
U0147,M017,Forrest Gump,Drama,3
U0147,M012,The Hangover,Comedy,5
U0147,M043,Planet Earth,Documentary,4
U0147,M016,Hereditary,Horror,4
U0148,M004,Interstellar,Sci-Fi,4
U0148,M049,Harry Potter,Fantasy,2
U0148,M088,Black Panther,Action,1
U0148,M055,Mission Impossible,Action,3
U0148,M023,The Matrix,Sci-Fi,4
U0148,M046,The Act of Killing,Documentary,2
U0148,M028,La La Land,Romance,4
U0148,M024,Knives Out,Thriller,3
U0148,M036,Se7en,Thriller,5
U0148,M058,The Terminator,Sci-Fi,2
U0148,M020,John Wick,Action,5
U0148,M005,The Conjuring,Horror,1
U0148,M079,12 Angry Men,Drama,5
U0148,M080,Good Will Hunting,Drama,4
U0148,M032,The Pursuit of Happyness,Drama,5
U0148,M083,Monty Python,Comedy,5
U0148,M038,Finding Nemo,Animation,5
U0148,M064,When Harry Met Sally,Romance,3
U0148,M053,Gladiator,Action,5
U0148,M071,Zodiac,Thriller,5
U0149,M050,The Hobbit,Fantasy,3
U0149,M035,The Big Lebowski,Comedy,2
U0149,M024,Knives Out,Thriller,2
U0149,M004,Interstellar,Sci-Fi,2
U0149,M041,Spirited Away,Animation,4
U0149,M077,Us,Horror,3
U0149,M029,Blade Runner 2049,Sci-Fi,5
U0149,M100,Nope,Horror,1
U0149,M036,Se7en,Thriller,3
U0149,M008,Get Out,Horror,5
U0149,M061,Ex Machina,Sci-Fi,4
U0149,M068,The Silence of the Lambs,Thriller,4
U0149,M046,The Act of Killing,Documentary,2
U0149,M099,Barbarian,Horror,2
U0149,M075,The Shining,Horror,2
U0150,M095,The Martian,Sci-Fi,1
U0150,M090,Doctor Strange,Action,1
U0150,M046,The Act of Killing,Documentary,2
U0150,M076,Annihilation,Horror,5
U0150,M004,Interstellar,Sci-Fi,2
U0150,M091,Thor: Ragnarok,Action,1
U0150,M073,The Exorcist,Horror,5
U0150,M019,Alien,Sci-Fi,4
U0150,M025,It,Horror,1
U0150,M064,When Harry Met Sally,Romance,3
U0150,M070,Prisoners,Thriller,5
U0150,M040,WALL-E,Animation,4
U0150,M023,The Matrix,Sci-Fi,2
U0150,M063,Casablanca,Romance,3
U0150,M005,The Conjuring,Horror,2
U0151,M008,Get Out,Horror,3
U0151,M003,The Notebook,Romance,3
U0151,M019,Alien,Sci-Fi,2
U0151,M076,Annihilation,Horror,2
U0151,M091,Thor: Ragnarok,Action,4
U0151,M100,Nope,Horror,4
U0151,M015,Crazy Rich Asians,Romance,3
U0151,M068,The Silence of the Lambs,Thriller,3
U0151,M047,Jiro Dreams of Sushi,Documentary,5
U0151,M010,Pride and Prejudice,Romance,5
U0151,M048,The Lord of the Rings,Fantasy,4
U0151,M085,Step Brothers,Comedy,2
U0151,M051,Pan's Labyrinth,Fantasy,5
U0151,M013,Parasite,Thriller,3
U0151,M044,Free Solo,Documentary,4
U0152,M094,Dune,Sci-Fi,3
U0152,M089,Spider-Man: No Way Home,Action,5
U0152,M038,Finding Nemo,Animation,4
U0152,M017,Forrest Gump,Drama,5
U0152,M023,The Matrix,Sci-Fi,1
U0152,M001,The Dark Knight,Action,4
U0152,M090,Doctor Strange,Action,2
U0152,M074,Rosemary's Baby,Horror,3
U0152,M051,Pan's Labyrinth,Fantasy,2
U0152,M099,Barbarian,Horror,2
U0152,M073,The Exorcist,Horror,3
U0152,M005,The Conjuring,Horror,3
U0152,M024,Knives Out,Thriller,3
U0152,M078,Schindler's List,Drama,2
U0153,M058,The Terminator,Sci-Fi,4
U0153,M002,Inception,Sci-Fi,2
U0153,M034,Joker,Drama,5
U0153,M027,Gone Girl,Thriller,5
U0153,M032,The Pursuit of Happyness,Drama,5
U0153,M089,Spider-Man: No Way Home,Action,3
U0153,M009,The Grand Budapest Hotel,Comedy,5
U0153,M045,13th,Documentary,4
U0153,M033,Pitch Perfect,Comedy,1
U0153,M014,The Shawshank Redemption,Drama,5
U0153,M093,Everything Everywhere All at Once,Sci-Fi,5
U0153,M001,The Dark Knight,Action,2
U0153,M007,Titanic,Romance,2
U0153,M050,The Hobbit,Fantasy,4
U0153,M057,Speed,Action,1
U0154,M038,Finding Nemo,Animation,4
U0154,M003,The Notebook,Romance,2
U0154,M041,Spirited Away,Animation,5
U0154,M034,Joker,Drama,3
U0154,M014,The Shawshank Redemption,Drama,2
U0154,M010,Pride and Prejudice,Romance,5
U0155,M044,Free Solo,Documentary,2
U0155,M077,Us,Horror,5
U0155,M079,12 Angry Men,Drama,5
U0155,M062,Gravity,Sci-Fi,2
U0155,M091,Thor: Ragnarok,Action,1
U0155,M004,Interstellar,Sci-Fi,1
U0155,M056,Die Hard,Action,3
U0156,M025,It,Horror,2
U0156,M053,Gladiator,Action,1
U0156,M090,Doctor Strange,Action,1
U0156,M071,Zodiac,Thriller,5
U0156,M093,Everything Everywhere All at Once,Sci-Fi,5
U0156,M094,Dune,Sci-Fi,5
U0156,M070,Prisoners,Thriller,5
U0156,M034,Joker,Drama,3
U0156,M085,Step Brothers,Comedy,1
U0156,M037,Toy Story,Animation,4
U0156,M039,Up,Animation,3
U0157,M012,The Hangover,Comedy,3
U0157,M038,Finding Nemo,Animation,3
U0157,M085,Step Brothers,Comedy,5
U0157,M081,Dead Poets Society,Drama,5
U0157,M077,Us,Horror,2
U0157,M062,Gravity,Sci-Fi,3
U0157,M026,Mad Max: Fury Road,Action,4
U0157,M013,Parasite,Thriller,4
U0157,M004,Interstellar,Sci-Fi,2
U0157,M027,Gone Girl,Thriller,5
U0157,M022,Midsommar,Horror,1
U0157,M082,A Beautiful Mind,Drama,4
U0157,M011,A Quiet Place,Horror,4
U0157,M061,Ex Machina,Sci-Fi,4
U0157,M015,Crazy Rich Asians,Romance,3
U0157,M040,WALL-E,Animation,4
U0157,M051,Pan's Labyrinth,Fantasy,4
U0157,M063,Casablanca,Romance,5
U0158,M020,John Wick,Action,3
U0158,M097,Moon,Sci-Fi,5
U0158,M090,Doctor Strange,Action,4
U0158,M086,Airplane!,Comedy,5
U0158,M013,Parasite,Thriller,3
U0158,M011,A Quiet Place,Horror,5
U0159,M050,The Hobbit,Fantasy,5
U0159,M067,The Fault in Our Stars,Romance,2
U0159,M054,Top Gun: Maverick,Action,4
U0159,M069,No Country for Old Men,Thriller,4
U0159,M088,Black Panther,Action,1
U0159,M061,Ex Machina,Sci-Fi,4
U0160,M065,Eternal Sunshine,Romance,1
U0160,M074,Rosemary's Baby,Horror,4
U0160,M067,The Fault in Our Stars,Romance,2
U0160,M087,The Mask,Comedy,2
U0160,M080,Good Will Hunting,Drama,3
U0160,M019,Alien,Sci-Fi,2
U0161,M006,Avengers: Endgame,Action,3
U0161,M055,Mission Impossible,Action,3
U0161,M011,A Quiet Place,Horror,1
U0161,M088,Black Panther,Action,1
U0161,M056,Die Hard,Action,4
U0161,M026,Mad Max: Fury Road,Action,5
U0161,M081,Dead Poets Society,Drama,5
U0161,M019,Alien,Sci-Fi,5
U0161,M077,Us,Horror,3
U0162,M067,The Fault in Our Stars,Romance,1
U0162,M059,2001: A Space Odyssey,Sci-Fi,1
U0162,M002,Inception,Sci-Fi,5
U0162,M090,Doctor Strange,Action,1
U0162,M080,Good Will Hunting,Drama,4
U0162,M076,Annihilation,Horror,5
U0162,M054,Top Gun: Maverick,Action,3
U0162,M015,Crazy Rich Asians,Romance,4
U0162,M020,John Wick,Action,3
U0162,M019,Alien,Sci-Fi,4
U0162,M073,The Exorcist,Horror,4
U0162,M075,The Shining,Horror,5
U0162,M098,The Menu,Thriller,5
U0163,M005,The Conjuring,Horror,3
U0163,M023,The Matrix,Sci-Fi,3
U0163,M036,Se7en,Thriller,5
U0163,M052,Princess Mononoke,Fantasy,2
U0163,M019,Alien,Sci-Fi,2
U0163,M080,Good Will Hunting,Drama,3
U0163,M078,Schindler's List,Drama,4
U0163,M088,Black Panther,Action,4
U0163,M089,Spider-Man: No Way Home,Action,3
U0163,M051,Pan's Labyrinth,Fantasy,4
U0163,M043,Planet Earth,Documentary,4
U0163,M031,Whiplash,Drama,5
U0163,M007,Titanic,Romance,1
U0163,M096,Annihilation,Sci-Fi,2
U0163,M061,Ex Machina,Sci-Fi,4
U0163,M035,The Big Lebowski,Comedy,2
U0163,M048,The Lord of the Rings,Fantasy,4
U0163,M003,The Notebook,Romance,4
U0163,M044,Free Solo,Documentary,5
U0163,M039,Up,Animation,4
U0164,M066,Before Sunrise,Romance,4
U0164,M021,Bridesmaids,Comedy,2
U0164,M009,The Grand Budapest Hotel,Comedy,5
U0164,M040,WALL-E,Animation,5
U0164,M091,Thor: Ragnarok,Action,1
U0164,M065,Eternal Sunshine,Romance,2
U0165,M026,Mad Max: Fury Road,Action,5
U0165,M008,Get Out,Horror,4
U0165,M032,The Pursuit of Happyness,Drama,2
U0165,M005,The Conjuring,Horror,1
U0165,M059,2001: A Space Odyssey,Sci-Fi,2
U0165,M007,Titanic,Romance,3
U0165,M047,Jiro Dreams of Sushi,Documentary,4
U0165,M091,Thor: Ragnarok,Action,5
U0165,M036,Se7en,Thriller,5
U0165,M048,The Lord of the Rings,Fantasy,3
U0165,M060,Arrival,Sci-Fi,4
U0166,M045,13th,Documentary,2
U0166,M021,Bridesmaids,Comedy,3
U0166,M034,Joker,Drama,5
U0166,M096,Annihilation,Sci-Fi,5
U0166,M089,Spider-Man: No Way Home,Action,1
U0166,M012,The Hangover,Comedy,1
U0166,M037,Toy Story,Animation,5
U0166,M004,Interstellar,Sci-Fi,2
U0166,M050,The Hobbit,Fantasy,3
U0166,M007,Titanic,Romance,5
U0166,M074,Rosemary's Baby,Horror,1
U0166,M100,Nope,Horror,2
U0166,M028,La La Land,Romance,3
U0166,M029,Blade Runner 2049,Sci-Fi,5
U0166,M083,Monty Python,Comedy,3
U0166,M087,The Mask,Comedy,3
U0167,M049,Harry Potter,Fantasy,5
U0167,M045,13th,Documentary,5
U0167,M059,2001: A Space Odyssey,Sci-Fi,3
U0167,M033,Pitch Perfect,Comedy,3
U0167,M028,La La Land,Romance,1
U0167,M060,Arrival,Sci-Fi,4
U0167,M039,Up,Animation,3
U0167,M087,The Mask,Comedy,3
U0167,M067,The Fault in Our Stars,Romance,3
U0167,M080,Good Will Hunting,Drama,4
U0167,M051,Pan's Labyrinth,Fantasy,4
U0167,M075,The Shining,Horror,3
U0167,M014,The Shawshank Redemption,Drama,4
U0167,M001,The Dark Knight,Action,2
U0167,M066,Before Sunrise,Romance,2
U0167,M085,Step Brothers,Comedy,5
U0167,M048,The Lord of the Rings,Fantasy,3
U0167,M072,Nightcrawler,Thriller,2
U0168,M085,Step Brothers,Comedy,5
U0168,M041,Spirited Away,Animation,4
U0168,M088,Black Panther,Action,3
U0168,M018,Superbad,Comedy,2
U0168,M093,Everything Everywhere All at Once,Sci-Fi,5
U0168,M004,Interstellar,Sci-Fi,4
U0168,M084,Anchorman,Comedy,3
U0168,M064,When Harry Met Sally,Romance,5
U0168,M038,Finding Nemo,Animation,4
U0168,M034,Joker,Drama,3
U0168,M054,Top Gun: Maverick,Action,5
U0168,M052,Princess Mononoke,Fantasy,3
U0168,M050,The Hobbit,Fantasy,4
U0168,M095,The Martian,Sci-Fi,1
U0168,M005,The Conjuring,Horror,4
U0168,M075,The Shining,Horror,2
U0168,M091,Thor: Ragnarok,Action,3
U0169,M088,Black Panther,Action,3
U0169,M043,Planet Earth,Documentary,5
U0169,M084,Anchorman,Comedy,3
U0169,M012,The Hangover,Comedy,4
U0169,M029,Blade Runner 2049,Sci-Fi,1
U0169,M046,The Act of Killing,Documentary,4
U0169,M096,Annihilation,Sci-Fi,1
U0169,M040,WALL-E,Animation,5
U0169,M054,Top Gun: Maverick,Action,5
U0169,M048,The Lord of the Rings,Fantasy,5
U0170,M061,Ex Machina,Sci-Fi,3
U0170,M025,It,Horror,4
U0170,M065,Eternal Sunshine,Romance,1
U0170,M016,Hereditary,Horror,2
U0170,M088,Black Panther,Action,2
U0170,M049,Harry Potter,Fantasy,3
U0170,M068,The Silence of the Lambs,Thriller,4
U0171,M073,The Exorcist,Horror,2
U0171,M059,2001: A Space Odyssey,Sci-Fi,5
U0171,M019,Alien,Sci-Fi,2
U0171,M041,Spirited Away,Animation,5
U0171,M092,Iron Man,Action,1
U0171,M024,Knives Out,Thriller,3
U0171,M100,Nope,Horror,5
U0171,M011,A Quiet Place,Horror,4
U0171,M063,Casablanca,Romance,4
U0171,M043,Planet Earth,Documentary,4
U0171,M081,Dead Poets Society,Drama,5
U0171,M023,The Matrix,Sci-Fi,4
U0171,M082,A Beautiful Mind,Drama,5
U0171,M008,Get Out,Horror,1
U0171,M001,The Dark Knight,Action,1
U0171,M058,The Terminator,Sci-Fi,5
U0171,M036,Se7en,Thriller,3
U0171,M027,Gone Girl,Thriller,4
U0172,M042,Coco,Animation,3
U0172,M097,Moon,Sci-Fi,2
U0172,M068,The Silence of the Lambs,Thriller,3
U0172,M025,It,Horror,3
U0172,M003,The Notebook,Romance,3
U0173,M014,The Shawshank Redemption,Drama,4
U0173,M050,The Hobbit,Fantasy,4
U0173,M065,Eternal Sunshine,Romance,5
U0173,M076,Annihilation,Horror,5
U0173,M040,WALL-E,Animation,5
U0173,M022,Midsommar,Horror,3
U0173,M009,The Grand Budapest Hotel,Comedy,4
U0173,M006,Avengers: Endgame,Action,2
U0173,M039,Up,Animation,4
U0174,M046,The Act of Killing,Documentary,3
U0174,M097,Moon,Sci-Fi,5
U0174,M025,It,Horror,5
U0174,M022,Midsommar,Horror,1
U0174,M052,Princess Mononoke,Fantasy,5
U0174,M003,The Notebook,Romance,1
U0174,M030,The Wolf of Wall Street,Drama,2
U0174,M029,Blade Runner 2049,Sci-Fi,1
U0174,M094,Dune,Sci-Fi,1
U0174,M017,Forrest Gump,Drama,2
U0174,M028,La La Land,Romance,4
U0174,M076,Annihilation,Horror,4
U0174,M065,Eternal Sunshine,Romance,4
U0174,M016,Hereditary,Horror,1
U0174,M047,Jiro Dreams of Sushi,Documentary,5
U0174,M092,Iron Man,Action,3
U0174,M084,Anchorman,Comedy,4
U0174,M005,The Conjuring,Horror,2
U0174,M049,Harry Potter,Fantasy,3
U0174,M082,A Beautiful Mind,Drama,2
U0175,M054,Top Gun: Maverick,Action,1
U0175,M085,Step Brothers,Comedy,1
U0175,M013,Parasite,Thriller,5
U0175,M067,The Fault in Our Stars,Romance,2
U0175,M035,The Big Lebowski,Comedy,5
U0175,M080,Good Will Hunting,Drama,3
U0175,M078,Schindler's List,Drama,4
U0175,M090,Doctor Strange,Action,5
U0175,M018,Superbad,Comedy,2
U0175,M014,The Shawshank Redemption,Drama,4
U0175,M066,Before Sunrise,Romance,4
U0175,M093,Everything Everywhere All at Once,Sci-Fi,3
U0175,M016,Hereditary,Horror,2
U0175,M037,Toy Story,Animation,3
U0176,M027,Gone Girl,Thriller,3
U0176,M089,Spider-Man: No Way Home,Action,4
U0176,M062,Gravity,Sci-Fi,3
U0176,M043,Planet Earth,Documentary,3
U0176,M031,Whiplash,Drama,5
U0176,M001,The Dark Knight,Action,1
U0176,M002,Inception,Sci-Fi,1
U0176,M086,Airplane!,Comedy,2
U0176,M012,The Hangover,Comedy,1
U0176,M015,Crazy Rich Asians,Romance,3
U0176,M074,Rosemary's Baby,Horror,3
U0176,M064,When Harry Met Sally,Romance,3
U0176,M020,John Wick,Action,4
U0176,M100,Nope,Horror,1
U0176,M066,Before Sunrise,Romance,1
U0176,M010,Pride and Prejudice,Romance,1
U0176,M093,Everything Everywhere All at Once,Sci-Fi,1
U0176,M013,Parasite,Thriller,3
U0176,M033,Pitch Perfect,Comedy,2
U0176,M083,Monty Python,Comedy,3
U0177,M057,Speed,Action,2
U0177,M080,Good Will Hunting,Drama,2
U0177,M035,The Big Lebowski,Comedy,2
U0177,M094,Dune,Sci-Fi,1
U0177,M012,The Hangover,Comedy,2
U0177,M048,The Lord of the Rings,Fantasy,2
U0177,M044,Free Solo,Documentary,4
U0177,M024,Knives Out,Thriller,5
U0177,M015,Crazy Rich Asians,Romance,4
U0177,M052,Princess Mononoke,Fantasy,5
U0177,M059,2001: A Space Odyssey,Sci-Fi,4
U0177,M050,The Hobbit,Fantasy,3
U0177,M089,Spider-Man: No Way Home,Action,5
U0177,M062,Gravity,Sci-Fi,4
U0177,M054,Top Gun: Maverick,Action,3
U0177,M084,Anchorman,Comedy,5
U0178,M088,Black Panther,Action,1
U0178,M094,Dune,Sci-Fi,4
U0178,M017,Forrest Gump,Drama,5
U0178,M062,Gravity,Sci-Fi,1
U0178,M063,Casablanca,Romance,1
U0179,M084,Anchorman,Comedy,3
U0179,M041,Spirited Away,Animation,5
U0179,M002,Inception,Sci-Fi,5
U0179,M091,Thor: Ragnarok,Action,5
U0179,M087,The Mask,Comedy,1
U0179,M068,The Silence of the Lambs,Thriller,5
U0179,M099,Barbarian,Horror,2
U0179,M096,Annihilation,Sci-Fi,4
U0179,M074,Rosemary's Baby,Horror,3
U0179,M093,Everything Everywhere All at Once,Sci-Fi,4
U0179,M073,The Exorcist,Horror,2
U0179,M029,Blade Runner 2049,Sci-Fi,5
U0179,M086,Airplane!,Comedy,5
U0180,M002,Inception,Sci-Fi,2
U0180,M083,Monty Python,Comedy,1
U0180,M021,Bridesmaids,Comedy,4
U0180,M065,Eternal Sunshine,Romance,3
U0180,M061,Ex Machina,Sci-Fi,2
U0180,M064,When Harry Met Sally,Romance,3
U0181,M007,Titanic,Romance,1
U0181,M065,Eternal Sunshine,Romance,4
U0181,M029,Blade Runner 2049,Sci-Fi,4
U0181,M071,Zodiac,Thriller,4
U0181,M083,Monty Python,Comedy,1
U0181,M049,Harry Potter,Fantasy,4
U0181,M052,Princess Mononoke,Fantasy,2
U0181,M031,Whiplash,Drama,2
U0181,M011,A Quiet Place,Horror,4
U0181,M059,2001: A Space Odyssey,Sci-Fi,4
U0181,M057,Speed,Action,1
U0181,M074,Rosemary's Baby,Horror,5
U0181,M058,The Terminator,Sci-Fi,5
U0182,M012,The Hangover,Comedy,5
U0182,M078,Schindler's List,Drama,5
U0182,M080,Good Will Hunting,Drama,3
U0182,M082,A Beautiful Mind,Drama,5
U0182,M039,Up,Animation,4
U0183,M007,Titanic,Romance,2
U0183,M029,Blade Runner 2049,Sci-Fi,1
U0183,M059,2001: A Space Odyssey,Sci-Fi,3
U0183,M043,Planet Earth,Documentary,3
U0183,M072,Nightcrawler,Thriller,4
U0183,M099,Barbarian,Horror,5
U0183,M080,Good Will Hunting,Drama,5
U0183,M077,Us,Horror,3
U0183,M061,Ex Machina,Sci-Fi,1
U0183,M092,Iron Man,Action,1
U0183,M085,Step Brothers,Comedy,2
U0183,M047,Jiro Dreams of Sushi,Documentary,4
U0183,M058,The Terminator,Sci-Fi,2
U0183,M015,Crazy Rich Asians,Romance,4
U0183,M013,Parasite,Thriller,2
U0183,M098,The Menu,Thriller,4
U0184,M025,It,Horror,5
U0184,M016,Hereditary,Horror,1
U0184,M051,Pan's Labyrinth,Fantasy,4
U0184,M028,La La Land,Romance,4
U0184,M059,2001: A Space Odyssey,Sci-Fi,5
U0184,M092,Iron Man,Action,5
U0184,M044,Free Solo,Documentary,2
U0184,M014,The Shawshank Redemption,Drama,5
U0184,M097,Moon,Sci-Fi,1
U0184,M054,Top Gun: Maverick,Action,5
U0184,M006,Avengers: Endgame,Action,1
U0185,M075,The Shining,Horror,3
U0185,M062,Gravity,Sci-Fi,4
U0185,M066,Before Sunrise,Romance,3
U0185,M100,Nope,Horror,3
U0185,M023,The Matrix,Sci-Fi,4
U0185,M089,Spider-Man: No Way Home,Action,2
U0185,M094,Dune,Sci-Fi,2
U0185,M017,Forrest Gump,Drama,5
U0185,M014,The Shawshank Redemption,Drama,5
U0185,M050,The Hobbit,Fantasy,5
U0185,M085,Step Brothers,Comedy,3
U0185,M077,Us,Horror,5
U0185,M078,Schindler's List,Drama,4
U0185,M042,Coco,Animation,5
U0185,M065,Eternal Sunshine,Romance,2
U0185,M054,Top Gun: Maverick,Action,2
U0185,M098,The Menu,Thriller,3
U0185,M032,The Pursuit of Happyness,Drama,5
U0186,M088,Black Panther,Action,3
U0186,M045,13th,Documentary,5
U0186,M087,The Mask,Comedy,4
U0186,M017,Forrest Gump,Drama,5
U0186,M091,Thor: Ragnarok,Action,5
U0186,M084,Anchorman,Comedy,4
U0186,M023,The Matrix,Sci-Fi,5
U0186,M065,Eternal Sunshine,Romance,3
U0186,M070,Prisoners,Thriller,5
U0186,M089,Spider-Man: No Way Home,Action,1
U0186,M082,A Beautiful Mind,Drama,5
U0186,M042,Coco,Animation,3
U0186,M015,Crazy Rich Asians,Romance,1
U0186,M098,The Menu,Thriller,5
U0187,M007,Titanic,Romance,3
U0187,M086,Airplane!,Comedy,2
U0187,M008,Get Out,Horror,1
U0187,M026,Mad Max: Fury Road,Action,3
U0187,M035,The Big Lebowski,Comedy,2
U0187,M097,Moon,Sci-Fi,5
U0187,M021,Bridesmaids,Comedy,1
U0187,M037,Toy Story,Animation,4
U0187,M088,Black Panther,Action,4
U0188,M079,12 Angry Men,Drama,3
U0188,M087,The Mask,Comedy,5
U0188,M095,The Martian,Sci-Fi,3
U0188,M072,Nightcrawler,Thriller,2
U0188,M029,Blade Runner 2049,Sci-Fi,4
U0188,M096,Annihilation,Sci-Fi,4
U0188,M083,Monty Python,Comedy,4
U0188,M050,The Hobbit,Fantasy,4
U0189,M002,Inception,Sci-Fi,4
U0189,M096,Annihilation,Sci-Fi,2
U0189,M033,Pitch Perfect,Comedy,3
U0189,M026,Mad Max: Fury Road,Action,5
U0189,M080,Good Will Hunting,Drama,5
U0189,M100,Nope,Horror,5
U0190,M100,Nope,Horror,1
U0190,M093,Everything Everywhere All at Once,Sci-Fi,4
U0190,M025,It,Horror,1
U0190,M038,Finding Nemo,Animation,5
U0190,M058,The Terminator,Sci-Fi,3
U0190,M023,The Matrix,Sci-Fi,5
U0190,M088,Black Panther,Action,3
U0190,M010,Pride and Prejudice,Romance,2
U0190,M024,Knives Out,Thriller,3
U0190,M095,The Martian,Sci-Fi,5
U0190,M066,Before Sunrise,Romance,3
U0191,M043,Planet Earth,Documentary,2
U0191,M060,Arrival,Sci-Fi,3
U0191,M091,Thor: Ragnarok,Action,5
U0191,M020,John Wick,Action,1
U0191,M006,Avengers: Endgame,Action,5
U0192,M063,Casablanca,Romance,4
U0192,M074,Rosemary's Baby,Horror,5
U0192,M071,Zodiac,Thriller,5
U0192,M046,The Act of Killing,Documentary,4
U0192,M010,Pride and Prejudice,Romance,1
U0192,M091,Thor: Ragnarok,Action,3
U0192,M041,Spirited Away,Animation,4
U0192,M068,The Silence of the Lambs,Thriller,3
U0192,M029,Blade Runner 2049,Sci-Fi,3
U0192,M024,Knives Out,Thriller,4
U0192,M067,The Fault in Our Stars,Romance,3
U0192,M009,The Grand Budapest Hotel,Comedy,3
U0192,M065,Eternal Sunshine,Romance,2
U0192,M021,Bridesmaids,Comedy,5
U0193,M072,Nightcrawler,Thriller,4
U0193,M097,Moon,Sci-Fi,1
U0193,M084,Anchorman,Comedy,5
U0193,M002,Inception,Sci-Fi,3
U0193,M015,Crazy Rich Asians,Romance,5
U0193,M086,Airplane!,Comedy,5
U0193,M045,13th,Documentary,4
U0193,M058,The Terminator,Sci-Fi,4
U0193,M031,Whiplash,Drama,2
U0193,M083,Monty Python,Comedy,3
U0193,M079,12 Angry Men,Drama,3
U0193,M080,Good Will Hunting,Drama,4
U0193,M032,The Pursuit of Happyness,Drama,5
U0193,M006,Avengers: Endgame,Action,1
U0193,M088,Black Panther,Action,1
U0193,M042,Coco,Animation,4
U0193,M049,Harry Potter,Fantasy,5
U0193,M050,The Hobbit,Fantasy,5
U0193,M033,Pitch Perfect,Comedy,1
U0193,M070,Prisoners,Thriller,2
U0194,M086,Airplane!,Comedy,4
U0194,M081,Dead Poets Society,Drama,2
U0194,M100,Nope,Horror,2
U0194,M028,La La Land,Romance,1
U0194,M088,Black Panther,Action,4
U0194,M055,Mission Impossible,Action,3
U0194,M014,The Shawshank Redemption,Drama,2
U0194,M027,Gone Girl,Thriller,2
U0194,M069,No Country for Old Men,Thriller,2
U0194,M090,Doctor Strange,Action,1
U0194,M095,The Martian,Sci-Fi,2
U0195,M072,Nightcrawler,Thriller,5
U0195,M010,Pride and Prejudice,Romance,1
U0195,M074,Rosemary's Baby,Horror,5
U0195,M030,The Wolf of Wall Street,Drama,2
U0195,M034,Joker,Drama,5
U0195,M053,Gladiator,Action,1
U0195,M050,The Hobbit,Fantasy,5
U0195,M058,The Terminator,Sci-Fi,1
U0195,M081,Dead Poets Society,Drama,2
U0195,M052,Princess Mononoke,Fantasy,4
U0195,M056,Die Hard,Action,5
U0195,M041,Spirited Away,Animation,3
U0195,M003,The Notebook,Romance,3
U0196,M078,Schindler's List,Drama,5
U0196,M012,The Hangover,Comedy,5
U0196,M037,Toy Story,Animation,4
U0196,M098,The Menu,Thriller,3
U0196,M057,Speed,Action,3
U0196,M049,Harry Potter,Fantasy,4
U0196,M051,Pan's Labyrinth,Fantasy,2
U0196,M085,Step Brothers,Comedy,5
U0196,M004,Interstellar,Sci-Fi,5
U0196,M061,Ex Machina,Sci-Fi,2
U0196,M021,Bridesmaids,Comedy,1
U0196,M069,No Country for Old Men,Thriller,2
U0196,M029,Blade Runner 2049,Sci-Fi,1
U0196,M018,Superbad,Comedy,5
U0197,M069,No Country for Old Men,Thriller,5
U0197,M071,Zodiac,Thriller,4
U0197,M011,A Quiet Place,Horror,2
U0197,M040,WALL-E,Animation,3
U0197,M027,Gone Girl,Thriller,3
U0197,M096,Annihilation,Sci-Fi,5
U0197,M095,The Martian,Sci-Fi,1
U0197,M093,Everything Everywhere All at Once,Sci-Fi,5
U0197,M045,13th,Documentary,4
U0197,M028,La La Land,Romance,5
U0197,M053,Gladiator,Action,1
U0197,M083,Monty Python,Comedy,3
U0197,M066,Before Sunrise,Romance,1
U0197,M019,Alien,Sci-Fi,3
U0197,M021,Bridesmaids,Comedy,1
U0197,M024,Knives Out,Thriller,3
U0197,M029,Blade Runner 2049,Sci-Fi,5
U0198,M043,Planet Earth,Documentary,5
U0198,M046,The Act of Killing,Documentary,5
U0198,M017,Forrest Gump,Drama,4
U0198,M086,Airplane!,Comedy,3
U0198,M084,Anchorman,Comedy,4
U0198,M031,Whiplash,Drama,3
U0198,M013,Parasite,Thriller,2
U0198,M037,Toy Story,Animation,4
U0198,M080,Good Will Hunting,Drama,3
U0198,M009,The Grand Budapest Hotel,Comedy,2
U0198,M025,It,Horror,4
U0198,M041,Spirited Away,Animation,4
U0198,M063,Casablanca,Romance,3
U0198,M058,The Terminator,Sci-Fi,2
U0198,M079,12 Angry Men,Drama,4
U0198,M085,Step Brothers,Comedy,4
U0198,M040,WALL-E,Animation,5
U0198,M089,Spider-Man: No Way Home,Action,4
U0198,M075,The Shining,Horror,3
U0198,M020,John Wick,Action,3
U0199,M071,Zodiac,Thriller,5
U0199,M014,The Shawshank Redemption,Drama,3
U0199,M023,The Matrix,Sci-Fi,1
U0199,M083,Monty Python,Comedy,5
U0199,M078,Schindler's List,Drama,4
U0199,M011,A Quiet Place,Horror,5
U0199,M036,Se7en,Thriller,5
U0199,M018,Superbad,Comedy,4
U0199,M069,No Country for Old Men,Thriller,3
U0199,M026,Mad Max: Fury Road,Action,3
U0199,M034,Joker,Drama,5
U0199,M094,Dune,Sci-Fi,2
U0199,M081,Dead Poets Society,Drama,5
U0199,M010,Pride and Prejudice,Romance,3
U0199,M003,The Notebook,Romance,2
U0199,M065,Eternal Sunshine,Romance,4
U0199,M004,Interstellar,Sci-Fi,5
U0199,M075,The Shining,Horror,5
U0199,M052,Princess Mononoke,Fantasy,2
U0199,M099,Barbarian,Horror,4
U0200,M065,Eternal Sunshine,Romance,4
U0200,M002,Inception,Sci-Fi,3
U0200,M085,Step Brothers,Comedy,1
U0200,M031,Whiplash,Drama,3
U0200,M079,12 Angry Men,Drama,5
U0200,M088,Black Panther,Action,2
U0200,M022,Midsommar,Horror,1
U0200,M097,Moon,Sci-Fi,3
U0200,M066,Before Sunrise,Romance,3
U0200,M018,Superbad,Comedy,2
U0200,M058,The Terminator,Sci-Fi,1
U0200,M021,Bridesmaids,Comedy,2
U0200,M023,The Matrix,Sci-Fi,5
U0200,M073,The Exorcist,Horror,3
U0200,M019,Alien,Sci-Fi,4
U0200,M095,The Martian,Sci-Fi,4
U0201,M006,Avengers: Endgame,Action,4
U0201,M084,Anchorman,Comedy,2
U0201,M042,Coco,Animation,5
U0201,M014,The Shawshank Redemption,Drama,5
U0201,M091,Thor: Ragnarok,Action,3
U0201,M067,The Fault in Our Stars,Romance,3
U0201,M082,A Beautiful Mind,Drama,5
U0201,M036,Se7en,Thriller,5
U0201,M095,The Martian,Sci-Fi,5
U0201,M034,Joker,Drama,2
U0201,M075,The Shining,Horror,5
U0201,M070,Prisoners,Thriller,3
U0201,M073,The Exorcist,Horror,4
U0201,M023,The Matrix,Sci-Fi,2
U0201,M049,Harry Potter,Fantasy,3
U0201,M047,Jiro Dreams of Sushi,Documentary,1
U0201,M076,Annihilation,Horror,5
U0201,M010,Pride and Prejudice,Romance,3
U0201,M033,Pitch Perfect,Comedy,2
U0202,M024,Knives Out,Thriller,4
U0202,M021,Bridesmaids,Comedy,1
U0202,M047,Jiro Dreams of Sushi,Documentary,4
U0202,M078,Schindler's List,Drama,5
U0202,M092,Iron Man,Action,4
U0202,M016,Hereditary,Horror,2
U0202,M085,Step Brothers,Comedy,5
U0202,M030,The Wolf of Wall Street,Drama,3
U0202,M054,Top Gun: Maverick,Action,4
U0203,M032,The Pursuit of Happyness,Drama,3
U0203,M006,Avengers: Endgame,Action,2
U0203,M017,Forrest Gump,Drama,5
U0203,M074,Rosemary's Baby,Horror,1
U0203,M076,Annihilation,Horror,5
U0204,M008,Get Out,Horror,1
U0204,M022,Midsommar,Horror,3
U0204,M034,Joker,Drama,2
U0204,M024,Knives Out,Thriller,3
U0204,M067,The Fault in Our Stars,Romance,4
U0204,M052,Princess Mononoke,Fantasy,5
U0204,M077,Us,Horror,4
U0204,M073,The Exorcist,Horror,4
U0204,M082,A Beautiful Mind,Drama,3
U0205,M053,Gladiator,Action,3
U0205,M077,Us,Horror,4
U0205,M019,Alien,Sci-Fi,5
U0205,M075,The Shining,Horror,5
U0205,M099,Barbarian,Horror,1
U0205,M024,Knives Out,Thriller,3
U0205,M080,Good Will Hunting,Drama,5
U0205,M085,Step Brothers,Comedy,4
U0205,M066,Before Sunrise,Romance,2
U0205,M034,Joker,Drama,2
U0205,M022,Midsommar,Horror,1
U0205,M093,Everything Everywhere All at Once,Sci-Fi,2
U0206,M020,John Wick,Action,4
U0206,M078,Schindler's List,Drama,5
U0206,M013,Parasite,Thriller,5
U0206,M023,The Matrix,Sci-Fi,3
U0206,M061,Ex Machina,Sci-Fi,1
U0206,M079,12 Angry Men,Drama,5
U0206,M077,Us,Horror,4
U0206,M005,The Conjuring,Horror,2
U0206,M069,No Country for Old Men,Thriller,5
U0206,M065,Eternal Sunshine,Romance,4
U0206,M097,Moon,Sci-Fi,3
U0206,M016,Hereditary,Horror,5
U0206,M012,The Hangover,Comedy,5
U0206,M062,Gravity,Sci-Fi,1
U0206,M085,Step Brothers,Comedy,4
U0206,M017,Forrest Gump,Drama,3
U0206,M070,Prisoners,Thriller,4
U0206,M001,The Dark Knight,Action,4
U0207,M011,A Quiet Place,Horror,1
U0207,M037,Toy Story,Animation,5
U0207,M077,Us,Horror,1
U0207,M070,Prisoners,Thriller,5
U0207,M053,Gladiator,Action,2
U0207,M033,Pitch Perfect,Comedy,3
U0207,M025,It,Horror,4
U0207,M001,The Dark Knight,Action,3
U0207,M091,Thor: Ragnarok,Action,1
U0207,M096,Annihilation,Sci-Fi,2
U0207,M074,Rosemary's Baby,Horror,4
U0207,M067,The Fault in Our Stars,Romance,5
U0208,M034,Joker,Drama,5
U0208,M069,No Country for Old Men,Thriller,5
U0208,M055,Mission Impossible,Action,2
U0208,M073,The Exorcist,Horror,3
U0208,M047,Jiro Dreams of Sushi,Documentary,5
U0208,M079,12 Angry Men,Drama,5
U0208,M036,Se7en,Thriller,5
U0208,M088,Black Panther,Action,3
U0208,M051,Pan's Labyrinth,Fantasy,4
U0208,M097,Moon,Sci-Fi,5
U0208,M027,Gone Girl,Thriller,4
U0208,M053,Gladiator,Action,4
U0208,M071,Zodiac,Thriller,3
U0209,M096,Annihilation,Sci-Fi,4
U0209,M030,The Wolf of Wall Street,Drama,4
U0209,M058,The Terminator,Sci-Fi,5
U0209,M090,Doctor Strange,Action,5
U0209,M021,Bridesmaids,Comedy,1
U0209,M013,Parasite,Thriller,3
U0209,M028,La La Land,Romance,4
U0209,M066,Before Sunrise,Romance,1
U0210,M019,Alien,Sci-Fi,2
U0210,M061,Ex Machina,Sci-Fi,3
U0210,M077,Us,Horror,1
U0210,M056,Die Hard,Action,5
U0210,M012,The Hangover,Comedy,1
U0210,M009,The Grand Budapest Hotel,Comedy,4
U0210,M034,Joker,Drama,5
U0211,M092,Iron Man,Action,1
U0211,M077,Us,Horror,5
U0211,M008,Get Out,Horror,5
U0211,M100,Nope,Horror,5
U0211,M023,The Matrix,Sci-Fi,2
U0211,M082,A Beautiful Mind,Drama,5
U0211,M064,When Harry Met Sally,Romance,2
U0211,M057,Speed,Action,1
U0211,M002,Inception,Sci-Fi,3
U0211,M026,Mad Max: Fury Road,Action,2
U0211,M085,Step Brothers,Comedy,1
U0211,M067,The Fault in Our Stars,Romance,2
U0211,M037,Toy Story,Animation,3
U0211,M025,It,Horror,3
U0212,M046,The Act of Killing,Documentary,3
U0212,M086,Airplane!,Comedy,3
U0212,M051,Pan's Labyrinth,Fantasy,4
U0212,M052,Princess Mononoke,Fantasy,3
U0212,M076,Annihilation,Horror,5
U0212,M026,Mad Max: Fury Road,Action,2
U0212,M067,The Fault in Our Stars,Romance,4
U0212,M002,Inception,Sci-Fi,4
U0212,M095,The Martian,Sci-Fi,5
U0212,M091,Thor: Ragnarok,Action,1
U0212,M009,The Grand Budapest Hotel,Comedy,3
U0212,M012,The Hangover,Comedy,2
U0212,M071,Zodiac,Thriller,5
U0212,M037,Toy Story,Animation,5
U0212,M093,Everything Everywhere All at Once,Sci-Fi,1
U0212,M072,Nightcrawler,Thriller,5
U0212,M075,The Shining,Horror,1
U0213,M044,Free Solo,Documentary,3
U0213,M015,Crazy Rich Asians,Romance,4
U0213,M066,Before Sunrise,Romance,4
U0213,M033,Pitch Perfect,Comedy,5
U0213,M069,No Country for Old Men,Thriller,2
U0213,M074,Rosemary's Baby,Horror,4
U0213,M089,Spider-Man: No Way Home,Action,1
U0213,M057,Speed,Action,3
U0213,M049,Harry Potter,Fantasy,2
U0213,M073,The Exorcist,Horror,4
U0213,M062,Gravity,Sci-Fi,2
U0213,M099,Barbarian,Horror,2
U0213,M032,The Pursuit of Happyness,Drama,4
U0213,M097,Moon,Sci-Fi,4
U0214,M067,The Fault in Our Stars,Romance,3
U0214,M069,No Country for Old Men,Thriller,4
U0214,M002,Inception,Sci-Fi,2
U0214,M090,Doctor Strange,Action,5
U0214,M034,Joker,Drama,4
U0214,M032,The Pursuit of Happyness,Drama,3
U0214,M037,Toy Story,Animation,4
U0214,M012,The Hangover,Comedy,4
U0214,M052,Princess Mononoke,Fantasy,3
U0214,M087,The Mask,Comedy,2
U0214,M096,Annihilation,Sci-Fi,2
U0214,M044,Free Solo,Documentary,3
U0214,M010,Pride and Prejudice,Romance,2
U0214,M071,Zodiac,Thriller,3
U0214,M023,The Matrix,Sci-Fi,2
U0214,M061,Ex Machina,Sci-Fi,2
U0215,M020,John Wick,Action,3
U0215,M100,Nope,Horror,4
U0215,M014,The Shawshank Redemption,Drama,5
U0215,M016,Hereditary,Horror,3
U0215,M011,A Quiet Place,Horror,4
U0215,M087,The Mask,Comedy,2
U0215,M085,Step Brothers,Comedy,5
U0215,M064,When Harry Met Sally,Romance,3
U0215,M079,12 Angry Men,Drama,5
U0215,M001,The Dark Knight,Action,2
U0215,M098,The Menu,Thriller,5
U0215,M070,Prisoners,Thriller,3
U0215,M006,Avengers: Endgame,Action,1
U0215,M062,Gravity,Sci-Fi,5
U0215,M048,The Lord of the Rings,Fantasy,4
U0215,M080,Good Will Hunting,Drama,5
U0216,M065,Eternal Sunshine,Romance,4
U0216,M045,13th,Documentary,1
U0216,M051,Pan's Labyrinth,Fantasy,5
U0216,M088,Black Panther,Action,4
U0216,M100,Nope,Horror,3
U0216,M023,The Matrix,Sci-Fi,1
U0217,M087,The Mask,Comedy,3
U0217,M027,Gone Girl,Thriller,4
U0217,M049,Harry Potter,Fantasy,5
U0217,M075,The Shining,Horror,3
U0217,M013,Parasite,Thriller,3
U0218,M031,Whiplash,Drama,4
U0218,M035,The Big Lebowski,Comedy,3
U0218,M061,Ex Machina,Sci-Fi,4
U0218,M079,12 Angry Men,Drama,4
U0218,M044,Free Solo,Documentary,4
U0218,M047,Jiro Dreams of Sushi,Documentary,2
U0218,M024,Knives Out,Thriller,5
U0218,M064,When Harry Met Sally,Romance,2
U0218,M055,Mission Impossible,Action,5
U0218,M027,Gone Girl,Thriller,3
U0218,M054,Top Gun: Maverick,Action,1
U0218,M090,Doctor Strange,Action,3
U0218,M097,Moon,Sci-Fi,2
U0219,M049,Harry Potter,Fantasy,4
U0219,M026,Mad Max: Fury Road,Action,5
U0219,M019,Alien,Sci-Fi,5
U0219,M095,The Martian,Sci-Fi,1
U0219,M020,John Wick,Action,4
U0219,M061,Ex Machina,Sci-Fi,1
U0219,M002,Inception,Sci-Fi,2
U0219,M023,The Matrix,Sci-Fi,1
U0219,M054,Top Gun: Maverick,Action,2
U0219,M064,When Harry Met Sally,Romance,3
U0219,M018,Superbad,Comedy,4
U0219,M081,Dead Poets Society,Drama,2
U0219,M067,The Fault in Our Stars,Romance,4
U0219,M069,No Country for Old Men,Thriller,4
U0219,M093,Everything Everywhere All at Once,Sci-Fi,3
U0219,M041,Spirited Away,Animation,4
U0219,M063,Casablanca,Romance,3
U0219,M039,Up,Animation,5
U0220,M045,13th,Documentary,3
U0220,M003,The Notebook,Romance,3
U0220,M053,Gladiator,Action,5
U0220,M016,Hereditary,Horror,4
U0220,M087,The Mask,Comedy,4
U0220,M078,Schindler's List,Drama,2
U0220,M026,Mad Max: Fury Road,Action,4
U0220,M074,Rosemary's Baby,Horror,5
U0220,M084,Anchorman,Comedy,3
U0220,M069,No Country for Old Men,Thriller,5
U0220,M023,The Matrix,Sci-Fi,2
U0220,M100,Nope,Horror,2
U0220,M037,Toy Story,Animation,4
U0221,M081,Dead Poets Society,Drama,4
U0221,M079,12 Angry Men,Drama,5
U0221,M074,Rosemary's Baby,Horror,5
U0221,M052,Princess Mononoke,Fantasy,4
U0221,M010,Pride and Prejudice,Romance,4
U0221,M011,A Quiet Place,Horror,2
U0221,M021,Bridesmaids,Comedy,2
U0221,M044,Free Solo,Documentary,1
U0221,M030,The Wolf of Wall Street,Drama,3
U0221,M041,Spirited Away,Animation,4
U0221,M084,Anchorman,Comedy,3
U0221,M038,Finding Nemo,Animation,3
U0221,M091,Thor: Ragnarok,Action,2
U0221,M035,The Big Lebowski,Comedy,2
U0221,M078,Schindler's List,Drama,5
U0221,M083,Monty Python,Comedy,1
U0221,M051,Pan's Labyrinth,Fantasy,2
U0221,M057,Speed,Action,1
U0222,M071,Zodiac,Thriller,3
U0222,M007,Titanic,Romance,2
U0222,M004,Interstellar,Sci-Fi,5
U0222,M099,Barbarian,Horror,2
U0222,M051,Pan's Labyrinth,Fantasy,2
U0222,M068,The Silence of the Lambs,Thriller,2
U0222,M098,The Menu,Thriller,4
U0222,M011,A Quiet Place,Horror,3
U0222,M014,The Shawshank Redemption,Drama,5
U0222,M034,Joker,Drama,5
U0222,M080,Good Will Hunting,Drama,5
U0222,M020,John Wick,Action,3
U0222,M084,Anchorman,Comedy,5
U0222,M050,The Hobbit,Fantasy,4
U0222,M040,WALL-E,Animation,4
U0222,M030,The Wolf of Wall Street,Drama,5
U0222,M032,The Pursuit of Happyness,Drama,3
U0222,M095,The Martian,Sci-Fi,5
U0222,M037,Toy Story,Animation,5
U0222,M057,Speed,Action,4
U0223,M068,The Silence of the Lambs,Thriller,3
U0223,M082,A Beautiful Mind,Drama,4
U0223,M069,No Country for Old Men,Thriller,4
U0223,M040,WALL-E,Animation,5
U0223,M045,13th,Documentary,5
U0223,M062,Gravity,Sci-Fi,1
U0223,M070,Prisoners,Thriller,5
U0223,M030,The Wolf of Wall Street,Drama,5
U0223,M012,The Hangover,Comedy,3
U0223,M057,Speed,Action,1
U0223,M047,Jiro Dreams of Sushi,Documentary,4
U0223,M053,Gladiator,Action,3
U0223,M034,Joker,Drama,5
U0223,M020,John Wick,Action,2
U0223,M039,Up,Animation,3
U0223,M002,Inception,Sci-Fi,5
U0223,M001,The Dark Knight,Action,3
U0223,M067,The Fault in Our Stars,Romance,2
U0224,M072,Nightcrawler,Thriller,5
U0224,M056,Die Hard,Action,3
U0224,M051,Pan's Labyrinth,Fantasy,4
U0224,M032,The Pursuit of Happyness,Drama,5
U0224,M021,Bridesmaids,Comedy,3
U0224,M092,Iron Man,Action,4
U0224,M095,The Martian,Sci-Fi,2
U0224,M083,Monty Python,Comedy,1
U0224,M050,The Hobbit,Fantasy,3
U0224,M049,Harry Potter,Fantasy,3
U0224,M029,Blade Runner 2049,Sci-Fi,3
U0224,M034,Joker,Drama,2
U0224,M011,A Quiet Place,Horror,4
U0224,M055,Mission Impossible,Action,5
U0224,M081,Dead Poets Society,Drama,5
U0224,M031,Whiplash,Drama,4
U0224,M067,The Fault in Our Stars,Romance,5
U0224,M098,The Menu,Thriller,5
U0225,M042,Coco,Animation,5
U0225,M003,The Notebook,Romance,1
U0225,M020,John Wick,Action,2
U0225,M007,Titanic,Romance,1
U0225,M069,No Country for Old Men,Thriller,3
U0225,M024,Knives Out,Thriller,2
U0225,M014,The Shawshank Redemption,Drama,5
U0225,M037,Toy Story,Animation,4
U0225,M035,The Big Lebowski,Comedy,3
U0225,M017,Forrest Gump,Drama,5
U0225,M092,Iron Man,Action,3
U0226,M048,The Lord of the Rings,Fantasy,2
U0226,M060,Arrival,Sci-Fi,2
U0226,M090,Doctor Strange,Action,4
U0226,M005,The Conjuring,Horror,4
U0226,M043,Planet Earth,Documentary,2
U0226,M011,A Quiet Place,Horror,1
U0226,M097,Moon,Sci-Fi,2
U0226,M019,Alien,Sci-Fi,4
U0226,M008,Get Out,Horror,1
U0226,M035,The Big Lebowski,Comedy,5
U0226,M100,Nope,Horror,2
U0226,M051,Pan's Labyrinth,Fantasy,4
U0226,M010,Pride and Prejudice,Romance,4
U0226,M070,Prisoners,Thriller,4
U0226,M061,Ex Machina,Sci-Fi,3
U0226,M024,Knives Out,Thriller,3
U0226,M025,It,Horror,1
U0226,M033,Pitch Perfect,Comedy,5
U0226,M049,Harry Potter,Fantasy,5
U0226,M002,Inception,Sci-Fi,1
U0227,M062,Gravity,Sci-Fi,2
U0227,M082,A Beautiful Mind,Drama,4
U0227,M039,Up,Animation,5
U0227,M026,Mad Max: Fury Road,Action,1
U0227,M047,Jiro Dreams of Sushi,Documentary,4
U0227,M007,Titanic,Romance,2
U0227,M086,Airplane!,Comedy,1
U0227,M028,La La Land,Romance,1
U0227,M015,Crazy Rich Asians,Romance,5
U0227,M031,Whiplash,Drama,5
U0227,M056,Die Hard,Action,5
U0227,M042,Coco,Animation,4
U0227,M002,Inception,Sci-Fi,3
U0228,M032,The Pursuit of Happyness,Drama,2
U0228,M021,Bridesmaids,Comedy,1
U0228,M064,When Harry Met Sally,Romance,3
U0228,M012,The Hangover,Comedy,2
U0228,M088,Black Panther,Action,5
U0228,M080,Good Will Hunting,Drama,2
U0228,M044,Free Solo,Documentary,2
U0229,M030,The Wolf of Wall Street,Drama,5
U0229,M041,Spirited Away,Animation,5
U0229,M072,Nightcrawler,Thriller,3
U0229,M083,Monty Python,Comedy,5
U0229,M097,Moon,Sci-Fi,2
U0229,M045,13th,Documentary,5
U0229,M057,Speed,Action,3
U0229,M094,Dune,Sci-Fi,3
U0229,M025,It,Horror,4
U0229,M003,The Notebook,Romance,3
U0229,M089,Spider-Man: No Way Home,Action,5
U0229,M049,Harry Potter,Fantasy,5
U0229,M046,The Act of Killing,Documentary,2
U0229,M093,Everything Everywhere All at Once,Sci-Fi,1
U0229,M018,Superbad,Comedy,5
U0229,M033,Pitch Perfect,Comedy,2
U0229,M006,Avengers: Endgame,Action,4
U0229,M063,Casablanca,Romance,3
U0229,M091,Thor: Ragnarok,Action,3
U0229,M038,Finding Nemo,Animation,5
U0230,M059,2001: A Space Odyssey,Sci-Fi,5
U0230,M001,The Dark Knight,Action,4
U0230,M100,Nope,Horror,2
U0230,M082,A Beautiful Mind,Drama,5
U0230,M065,Eternal Sunshine,Romance,4
U0230,M049,Harry Potter,Fantasy,5
U0230,M094,Dune,Sci-Fi,2
U0230,M024,Knives Out,Thriller,5
U0230,M003,The Notebook,Romance,3
U0230,M080,Good Will Hunting,Drama,4
U0230,M047,Jiro Dreams of Sushi,Documentary,4
U0230,M031,Whiplash,Drama,4
U0230,M042,Coco,Animation,3
U0230,M093,Everything Everywhere All at Once,Sci-Fi,1
U0230,M009,The Grand Budapest Hotel,Comedy,5
U0230,M085,Step Brothers,Comedy,1
U0231,M017,Forrest Gump,Drama,3
U0231,M023,The Matrix,Sci-Fi,1
U0231,M005,The Conjuring,Horror,1
U0231,M026,Mad Max: Fury Road,Action,5
U0231,M014,The Shawshank Redemption,Drama,5
U0231,M063,Casablanca,Romance,4
U0232,M007,Titanic,Romance,1
U0232,M047,Jiro Dreams of Sushi,Documentary,3
U0232,M029,Blade Runner 2049,Sci-Fi,5
U0232,M078,Schindler's List,Drama,5
U0232,M092,Iron Man,Action,3
U0232,M010,Pride and Prejudice,Romance,1
U0232,M002,Inception,Sci-Fi,5
U0232,M027,Gone Girl,Thriller,4
U0232,M084,Anchorman,Comedy,5
U0232,M063,Casablanca,Romance,1
U0232,M011,A Quiet Place,Horror,1
U0232,M060,Arrival,Sci-Fi,3
U0232,M082,A Beautiful Mind,Drama,2
U0233,M067,The Fault in Our Stars,Romance,2
U0233,M013,Parasite,Thriller,5
U0233,M093,Everything Everywhere All at Once,Sci-Fi,5
U0233,M030,The Wolf of Wall Street,Drama,5
U0233,M069,No Country for Old Men,Thriller,2
U0233,M050,The Hobbit,Fantasy,5
U0233,M025,It,Horror,3
U0233,M068,The Silence of the Lambs,Thriller,5
U0233,M085,Step Brothers,Comedy,4
U0233,M032,The Pursuit of Happyness,Drama,2
U0233,M073,The Exorcist,Horror,2
U0234,M071,Zodiac,Thriller,4
U0234,M052,Princess Mononoke,Fantasy,5
U0234,M065,Eternal Sunshine,Romance,3
U0234,M044,Free Solo,Documentary,3
U0234,M085,Step Brothers,Comedy,4
U0234,M021,Bridesmaids,Comedy,4
U0234,M069,No Country for Old Men,Thriller,4
U0234,M077,Us,Horror,5
U0234,M057,Speed,Action,2
U0234,M046,The Act of Killing,Documentary,5
U0235,M049,Harry Potter,Fantasy,4
U0235,M099,Barbarian,Horror,5
U0235,M071,Zodiac,Thriller,2
U0235,M096,Annihilation,Sci-Fi,5
U0235,M033,Pitch Perfect,Comedy,2
U0235,M047,Jiro Dreams of Sushi,Documentary,3
U0235,M058,The Terminator,Sci-Fi,1
U0235,M051,Pan's Labyrinth,Fantasy,4
U0235,M001,The Dark Knight,Action,2
U0235,M093,Everything Everywhere All at Once,Sci-Fi,2
U0235,M005,The Conjuring,Horror,3
U0236,M099,Barbarian,Horror,5
U0236,M089,Spider-Man: No Way Home,Action,5
U0236,M036,Se7en,Thriller,5
U0236,M071,Zodiac,Thriller,3
U0236,M066,Before Sunrise,Romance,1
U0237,M059,2001: A Space Odyssey,Sci-Fi,5
U0237,M046,The Act of Killing,Documentary,2
U0237,M020,John Wick,Action,2
U0237,M018,Superbad,Comedy,3
U0237,M034,Joker,Drama,4
U0237,M047,Jiro Dreams of Sushi,Documentary,1
U0238,M073,The Exorcist,Horror,5
U0238,M028,La La Land,Romance,4
U0238,M094,Dune,Sci-Fi,1
U0238,M010,Pride and Prejudice,Romance,1
U0238,M093,Everything Everywhere All at Once,Sci-Fi,3
U0238,M042,Coco,Animation,4
U0238,M062,Gravity,Sci-Fi,4
U0238,M023,The Matrix,Sci-Fi,4
U0238,M063,Casablanca,Romance,1
U0238,M089,Spider-Man: No Way Home,Action,2
U0238,M090,Doctor Strange,Action,5
U0238,M074,Rosemary's Baby,Horror,1
U0238,M013,Parasite,Thriller,5
U0238,M077,Us,Horror,1
U0238,M083,Monty Python,Comedy,3
U0238,M039,Up,Animation,5
U0238,M005,The Conjuring,Horror,1
U0239,M070,Prisoners,Thriller,5
U0239,M073,The Exorcist,Horror,1
U0239,M020,John Wick,Action,2
U0239,M042,Coco,Animation,5
U0239,M065,Eternal Sunshine,Romance,3
U0239,M090,Doctor Strange,Action,4
U0239,M029,Blade Runner 2049,Sci-Fi,2
U0239,M007,Titanic,Romance,2
U0239,M087,The Mask,Comedy,3
U0239,M094,Dune,Sci-Fi,1
U0239,M051,Pan's Labyrinth,Fantasy,4
U0239,M058,The Terminator,Sci-Fi,5
U0239,M097,Moon,Sci-Fi,1
U0239,M077,Us,Horror,5
U0239,M074,Rosemary's Baby,Horror,4
U0240,M011,A Quiet Place,Horror,4
U0240,M052,Princess Mononoke,Fantasy,5
U0240,M065,Eternal Sunshine,Romance,2
U0240,M056,Die Hard,Action,5
U0240,M100,Nope,Horror,5
U0240,M090,Doctor Strange,Action,5
U0240,M017,Forrest Gump,Drama,3
U0240,M098,The Menu,Thriller,3
U0240,M018,Superbad,Comedy,1
U0240,M062,Gravity,Sci-Fi,3
U0240,M072,Nightcrawler,Thriller,5
U0240,M026,Mad Max: Fury Road,Action,3
U0240,M063,Casablanca,Romance,5
U0241,M015,Crazy Rich Asians,Romance,3
U0241,M086,Airplane!,Comedy,3
U0241,M053,Gladiator,Action,5
U0241,M055,Mission Impossible,Action,1
U0241,M047,Jiro Dreams of Sushi,Documentary,3
U0241,M045,13th,Documentary,2
U0241,M025,It,Horror,3
U0242,M080,Good Will Hunting,Drama,2
U0242,M019,Alien,Sci-Fi,3
U0242,M057,Speed,Action,4
U0242,M006,Avengers: Endgame,Action,4
U0242,M030,The Wolf of Wall Street,Drama,2
U0242,M026,Mad Max: Fury Road,Action,3
U0242,M088,Black Panther,Action,2
U0242,M048,The Lord of the Rings,Fantasy,5
U0242,M020,John Wick,Action,2
U0242,M097,Moon,Sci-Fi,2
U0242,M094,Dune,Sci-Fi,5
U0242,M011,A Quiet Place,Horror,5
U0242,M015,Crazy Rich Asians,Romance,3
U0242,M095,The Martian,Sci-Fi,5
U0242,M007,Titanic,Romance,4
U0242,M032,The Pursuit of Happyness,Drama,5
U0242,M037,Toy Story,Animation,4
U0242,M002,Inception,Sci-Fi,1
U0242,M044,Free Solo,Documentary,4
U0243,M033,Pitch Perfect,Comedy,5
U0243,M022,Midsommar,Horror,3
U0243,M008,Get Out,Horror,1
U0243,M037,Toy Story,Animation,5
U0243,M026,Mad Max: Fury Road,Action,1
U0243,M090,Doctor Strange,Action,1
U0244,M085,Step Brothers,Comedy,1
U0244,M035,The Big Lebowski,Comedy,2
U0244,M047,Jiro Dreams of Sushi,Documentary,2
U0244,M014,The Shawshank Redemption,Drama,5
U0244,M003,The Notebook,Romance,4
U0244,M038,Finding Nemo,Animation,5
U0244,M084,Anchorman,Comedy,1
U0244,M050,The Hobbit,Fantasy,2
U0244,M030,The Wolf of Wall Street,Drama,3
U0244,M049,Harry Potter,Fantasy,5
U0244,M066,Before Sunrise,Romance,3
U0244,M091,Thor: Ragnarok,Action,3
U0244,M013,Parasite,Thriller,5
U0244,M041,Spirited Away,Animation,5
U0244,M063,Casablanca,Romance,2
U0244,M077,Us,Horror,1
U0244,M069,No Country for Old Men,Thriller,4
U0245,M046,The Act of Killing,Documentary,2
U0245,M081,Dead Poets Society,Drama,2
U0245,M039,Up,Animation,5
U0245,M031,Whiplash,Drama,5
U0245,M065,Eternal Sunshine,Romance,5
U0245,M036,Se7en,Thriller,3
U0245,M008,Get Out,Horror,4
U0245,M033,Pitch Perfect,Comedy,2
U0245,M050,The Hobbit,Fantasy,5
U0245,M004,Interstellar,Sci-Fi,2
U0245,M072,Nightcrawler,Thriller,5
U0245,M029,Blade Runner 2049,Sci-Fi,3
U0245,M020,John Wick,Action,5
U0245,M044,Free Solo,Documentary,3
U0245,M051,Pan's Labyrinth,Fantasy,4
U0245,M085,Step Brothers,Comedy,5
U0246,M027,Gone Girl,Thriller,5
U0246,M084,Anchorman,Comedy,2
U0246,M018,Superbad,Comedy,4
U0246,M075,The Shining,Horror,2
U0246,M070,Prisoners,Thriller,5
U0246,M088,Black Panther,Action,2
U0246,M026,Mad Max: Fury Road,Action,3
U0246,M040,WALL-E,Animation,3
U0246,M089,Spider-Man: No Way Home,Action,5
U0247,M024,Knives Out,Thriller,5
U0247,M041,Spirited Away,Animation,4
U0247,M019,Alien,Sci-Fi,2
U0247,M094,Dune,Sci-Fi,2
U0247,M004,Interstellar,Sci-Fi,1
U0247,M098,The Menu,Thriller,3
U0247,M053,Gladiator,Action,2
U0247,M039,Up,Animation,3
U0248,M078,Schindler's List,Drama,5
U0248,M073,The Exorcist,Horror,5
U0248,M079,12 Angry Men,Drama,5
U0248,M030,The Wolf of Wall Street,Drama,4
U0248,M077,Us,Horror,2
U0248,M088,Black Panther,Action,4
U0248,M004,Interstellar,Sci-Fi,4
U0248,M046,The Act of Killing,Documentary,4
U0248,M011,A Quiet Place,Horror,2
U0248,M089,Spider-Man: No Way Home,Action,2
U0248,M100,Nope,Horror,2
U0248,M062,Gravity,Sci-Fi,2
U0248,M018,Superbad,Comedy,1
U0249,M098,The Menu,Thriller,3
U0249,M002,Inception,Sci-Fi,4
U0249,M035,The Big Lebowski,Comedy,4
U0249,M053,Gladiator,Action,1
U0249,M029,Blade Runner 2049,Sci-Fi,5
U0249,M096,Annihilation,Sci-Fi,4
U0249,M086,Airplane!,Comedy,3
U0249,M026,Mad Max: Fury Road,Action,4
U0249,M097,Moon,Sci-Fi,5
U0249,M027,Gone Girl,Thriller,5
U0249,M009,The Grand Budapest Hotel,Comedy,5
U0249,M023,The Matrix,Sci-Fi,5
U0249,M057,Speed,Action,5
U0249,M079,12 Angry Men,Drama,2
U0249,M063,Casablanca,Romance,5
U0249,M089,Spider-Man: No Way Home,Action,1
U0249,M042,Coco,Animation,5
U0249,M059,2001: A Space Odyssey,Sci-Fi,4
U0250,M032,The Pursuit of Happyness,Drama,5
U0250,M067,The Fault in Our Stars,Romance,4
U0250,M069,No Country for Old Men,Thriller,5
U0250,M051,Pan's Labyrinth,Fantasy,2
U0250,M095,The Martian,Sci-Fi,2
U0250,M006,Avengers: Endgame,Action,3
U0251,M051,Pan's Labyrinth,Fantasy,3
U0251,M039,Up,Animation,5
U0251,M100,Nope,Horror,5
U0251,M037,Toy Story,Animation,4
U0251,M060,Arrival,Sci-Fi,4
U0251,M022,Midsommar,Horror,4
U0251,M055,Mission Impossible,Action,3
U0251,M038,Finding Nemo,Animation,5
U0251,M079,12 Angry Men,Drama,2
U0251,M007,Titanic,Romance,2
U0251,M089,Spider-Man: No Way Home,Action,4
U0251,M067,The Fault in Our Stars,Romance,5
U0251,M019,Alien,Sci-Fi,2
U0251,M083,Monty Python,Comedy,4
U0251,M058,The Terminator,Sci-Fi,1
U0251,M012,The Hangover,Comedy,3
U0251,M093,Everything Everywhere All at Once,Sci-Fi,3
U0251,M065,Eternal Sunshine,Romance,2
U0251,M015,Crazy Rich Asians,Romance,1
U0252,M015,Crazy Rich Asians,Romance,4
U0252,M091,Thor: Ragnarok,Action,5
U0252,M058,The Terminator,Sci-Fi,5
U0252,M082,A Beautiful Mind,Drama,3
U0252,M047,Jiro Dreams of Sushi,Documentary,4
U0252,M011,A Quiet Place,Horror,5
U0252,M068,The Silence of the Lambs,Thriller,5
U0253,M099,Barbarian,Horror,2
U0253,M022,Midsommar,Horror,2
U0253,M043,Planet Earth,Documentary,2
U0253,M073,The Exorcist,Horror,1
U0253,M085,Step Brothers,Comedy,4
U0253,M020,John Wick,Action,3
U0254,M094,Dune,Sci-Fi,4
U0254,M099,Barbarian,Horror,4
U0254,M058,The Terminator,Sci-Fi,4
U0254,M037,Toy Story,Animation,5
U0254,M081,Dead Poets Society,Drama,2
U0254,M024,Knives Out,Thriller,5
U0254,M016,Hereditary,Horror,4
U0254,M017,Forrest Gump,Drama,3
U0254,M026,Mad Max: Fury Road,Action,2
U0254,M001,The Dark Knight,Action,5
U0254,M080,Good Will Hunting,Drama,5
U0254,M098,The Menu,Thriller,5
U0254,M033,Pitch Perfect,Comedy,4
U0254,M002,Inception,Sci-Fi,4
U0255,M077,Us,Horror,5
U0255,M001,The Dark Knight,Action,2
U0255,M032,The Pursuit of Happyness,Drama,2
U0255,M071,Zodiac,Thriller,3
U0255,M036,Se7en,Thriller,3
U0255,M080,Good Will Hunting,Drama,2
U0255,M081,Dead Poets Society,Drama,4
U0256,M019,Alien,Sci-Fi,3
U0256,M005,The Conjuring,Horror,1
U0256,M086,Airplane!,Comedy,1
U0256,M074,Rosemary's Baby,Horror,1
U0256,M078,Schindler's List,Drama,5
U0256,M039,Up,Animation,4
U0257,M087,The Mask,Comedy,4
U0257,M037,Toy Story,Animation,5
U0257,M079,12 Angry Men,Drama,4
U0257,M085,Step Brothers,Comedy,1
U0257,M089,Spider-Man: No Way Home,Action,1
U0257,M090,Doctor Strange,Action,3
U0257,M077,Us,Horror,3
U0257,M074,Rosemary's Baby,Horror,3
U0257,M072,Nightcrawler,Thriller,5
U0257,M023,The Matrix,Sci-Fi,1
U0258,M071,Zodiac,Thriller,5
U0258,M009,The Grand Budapest Hotel,Comedy,1
U0258,M038,Finding Nemo,Animation,5
U0258,M061,Ex Machina,Sci-Fi,5
U0258,M018,Superbad,Comedy,3
U0258,M016,Hereditary,Horror,4
U0258,M089,Spider-Man: No Way Home,Action,5
U0258,M036,Se7en,Thriller,4
U0258,M043,Planet Earth,Documentary,3
U0258,M068,The Silence of the Lambs,Thriller,5
U0258,M053,Gladiator,Action,5
U0258,M027,Gone Girl,Thriller,5
U0258,M090,Doctor Strange,Action,3
U0258,M079,12 Angry Men,Drama,3
U0258,M008,Get Out,Horror,5
U0258,M014,The Shawshank Redemption,Drama,5
U0258,M074,Rosemary's Baby,Horror,4
U0258,M094,Dune,Sci-Fi,5
U0259,M064,When Harry Met Sally,Romance,2
U0259,M024,Knives Out,Thriller,2
U0259,M079,12 Angry Men,Drama,3
U0259,M030,The Wolf of Wall Street,Drama,4
U0259,M091,Thor: Ragnarok,Action,3
U0259,M038,Finding Nemo,Animation,3
U0259,M025,It,Horror,3
U0259,M001,The Dark Knight,Action,3
U0259,M016,Hereditary,Horror,5
U0259,M004,Interstellar,Sci-Fi,5
U0259,M060,Arrival,Sci-Fi,3
U0259,M081,Dead Poets Society,Drama,2
U0259,M095,The Martian,Sci-Fi,1
U0259,M027,Gone Girl,Thriller,4
U0259,M054,Top Gun: Maverick,Action,3
U0259,M053,Gladiator,Action,4
U0259,M006,Avengers: Endgame,Action,5
U0259,M043,Planet Earth,Documentary,5
U0259,M045,13th,Documentary,1
U0259,M072,Nightcrawler,Thriller,3
U0260,M043,Planet Earth,Documentary,5
U0260,M044,Free Solo,Documentary,3
U0260,M087,The Mask,Comedy,4
U0260,M062,Gravity,Sci-Fi,4
U0260,M061,Ex Machina,Sci-Fi,1
U0260,M005,The Conjuring,Horror,5
U0260,M083,Monty Python,Comedy,3
U0260,M018,Superbad,Comedy,5
U0260,M020,John Wick,Action,3
U0260,M081,Dead Poets Society,Drama,5
U0260,M059,2001: A Space Odyssey,Sci-Fi,5
U0261,M027,Gone Girl,Thriller,2
U0261,M074,Rosemary's Baby,Horror,2
U0261,M088,Black Panther,Action,3
U0261,M043,Planet Earth,Documentary,1
U0261,M046,The Act of Killing,Documentary,3
U0262,M081,Dead Poets Society,Drama,5
U0262,M069,No Country for Old Men,Thriller,3
U0262,M022,Midsommar,Horror,3
U0262,M074,Rosemary's Baby,Horror,4
U0262,M078,Schindler's List,Drama,4
U0262,M050,The Hobbit,Fantasy,3
U0262,M024,Knives Out,Thriller,5
U0262,M077,Us,Horror,3
U0262,M015,Crazy Rich Asians,Romance,2
U0262,M097,Moon,Sci-Fi,1
U0262,M040,WALL-E,Animation,4
U0262,M091,Thor: Ragnarok,Action,1
U0262,M041,Spirited Away,Animation,4
U0262,M005,The Conjuring,Horror,1
U0262,M035,The Big Lebowski,Comedy,4
U0262,M053,Gladiator,Action,5
U0262,M012,The Hangover,Comedy,1
U0263,M065,Eternal Sunshine,Romance,4
U0263,M020,John Wick,Action,5
U0263,M025,It,Horror,1
U0263,M044,Free Solo,Documentary,1
U0263,M062,Gravity,Sci-Fi,3
U0263,M094,Dune,Sci-Fi,1
U0263,M068,The Silence of the Lambs,Thriller,5
U0263,M040,WALL-E,Animation,3
U0263,M100,Nope,Horror,3
U0263,M042,Coco,Animation,5
U0263,M019,Alien,Sci-Fi,1
U0263,M099,Barbarian,Horror,1
U0263,M013,Parasite,Thriller,5
U0263,M067,The Fault in Our Stars,Romance,3
U0263,M087,The Mask,Comedy,1
U0263,M017,Forrest Gump,Drama,5
U0263,M027,Gone Girl,Thriller,4
U0263,M093,Everything Everywhere All at Once,Sci-Fi,2
U0263,M005,The Conjuring,Horror,3
U0263,M059,2001: A Space Odyssey,Sci-Fi,2
U0264,M037,Toy Story,Animation,4
U0264,M036,Se7en,Thriller,2
U0264,M069,No Country for Old Men,Thriller,2
U0264,M041,Spirited Away,Animation,5
U0264,M099,Barbarian,Horror,5
U0264,M057,Speed,Action,5
U0264,M086,Airplane!,Comedy,1
U0264,M016,Hereditary,Horror,2
U0264,M035,The Big Lebowski,Comedy,5
U0264,M020,John Wick,Action,3
U0264,M021,Bridesmaids,Comedy,5
U0265,M035,The Big Lebowski,Comedy,1
U0265,M019,Alien,Sci-Fi,4
U0265,M091,Thor: Ragnarok,Action,1
U0265,M037,Toy Story,Animation,3
U0265,M074,Rosemary's Baby,Horror,4
U0265,M032,The Pursuit of Happyness,Drama,2
U0265,M022,Midsommar,Horror,1
U0265,M010,Pride and Prejudice,Romance,4
U0265,M040,WALL-E,Animation,5
U0265,M079,12 Angry Men,Drama,3
U0265,M044,Free Solo,Documentary,5
U0265,M070,Prisoners,Thriller,5
U0265,M057,Speed,Action,4
U0265,M007,Titanic,Romance,5
U0265,M017,Forrest Gump,Drama,4
U0266,M043,Planet Earth,Documentary,4
U0266,M026,Mad Max: Fury Road,Action,3
U0266,M092,Iron Man,Action,4
U0266,M098,The Menu,Thriller,5
U0266,M086,Airplane!,Comedy,2
U0266,M069,No Country for Old Men,Thriller,3
U0266,M011,A Quiet Place,Horror,2
U0266,M097,Moon,Sci-Fi,5
U0266,M060,Arrival,Sci-Fi,3
U0266,M073,The Exorcist,Horror,3
U0266,M017,Forrest Gump,Drama,5
U0266,M012,The Hangover,Comedy,2
U0266,M090,Doctor Strange,Action,3
U0266,M013,Parasite,Thriller,4
U0267,M063,Casablanca,Romance,5
U0267,M004,Interstellar,Sci-Fi,1
U0267,M009,The Grand Budapest Hotel,Comedy,3
U0267,M061,Ex Machina,Sci-Fi,5
U0267,M015,Crazy Rich Asians,Romance,4
U0267,M045,13th,Documentary,4
U0267,M062,Gravity,Sci-Fi,5
U0267,M060,Arrival,Sci-Fi,4
U0267,M022,Midsommar,Horror,2
U0267,M037,Toy Story,Animation,5
U0267,M099,Barbarian,Horror,2
U0267,M078,Schindler's List,Drama,5
U0267,M074,Rosemary's Baby,Horror,2
U0267,M017,Forrest Gump,Drama,5
U0267,M066,Before Sunrise,Romance,4
U0267,M014,The Shawshank Redemption,Drama,2
U0267,M052,Princess Mononoke,Fantasy,4
U0267,M092,Iron Man,Action,2
U0267,M042,Coco,Animation,5
U0268,M056,Die Hard,Action,3
U0268,M073,The Exorcist,Horror,5
U0268,M044,Free Solo,Documentary,1
U0268,M070,Prisoners,Thriller,5
U0268,M089,Spider-Man: No Way Home,Action,2
U0268,M031,Whiplash,Drama,4
U0268,M023,The Matrix,Sci-Fi,4
U0268,M085,Step Brothers,Comedy,1
U0268,M086,Airplane!,Comedy,5
U0268,M010,Pride and Prejudice,Romance,1
U0268,M095,The Martian,Sci-Fi,5
U0268,M092,Iron Man,Action,4
U0268,M074,Rosemary's Baby,Horror,3
U0268,M063,Casablanca,Romance,4
U0268,M015,Crazy Rich Asians,Romance,1
U0268,M076,Annihilation,Horror,1
U0268,M077,Us,Horror,2
U0268,M060,Arrival,Sci-Fi,2
U0269,M097,Moon,Sci-Fi,5
U0269,M019,Alien,Sci-Fi,3
U0269,M085,Step Brothers,Comedy,4
U0269,M020,John Wick,Action,5
U0269,M058,The Terminator,Sci-Fi,5
U0270,M026,Mad Max: Fury Road,Action,3
U0270,M027,Gone Girl,Thriller,5
U0270,M088,Black Panther,Action,1
U0270,M041,Spirited Away,Animation,3
U0270,M039,Up,Animation,5
U0270,M073,The Exorcist,Horror,3
U0270,M087,The Mask,Comedy,1
U0270,M056,Die Hard,Action,3
U0270,M092,Iron Man,Action,1
U0270,M045,13th,Documentary,2
U0270,M012,The Hangover,Comedy,4
U0270,M075,The Shining,Horror,5
U0270,M002,Inception,Sci-Fi,4
U0270,M079,12 Angry Men,Drama,4
U0270,M066,Before Sunrise,Romance,4
U0270,M052,Princess Mononoke,Fantasy,4
U0270,M017,Forrest Gump,Drama,5
U0270,M038,Finding Nemo,Animation,5
U0270,M008,Get Out,Horror,5
U0271,M085,Step Brothers,Comedy,2
U0271,M023,The Matrix,Sci-Fi,2
U0271,M061,Ex Machina,Sci-Fi,1
U0271,M018,Superbad,Comedy,1
U0271,M025,It,Horror,1
U0271,M072,Nightcrawler,Thriller,3
U0271,M050,The Hobbit,Fantasy,4
U0271,M047,Jiro Dreams of Sushi,Documentary,4
U0271,M054,Top Gun: Maverick,Action,2
U0271,M020,John Wick,Action,1
U0271,M037,Toy Story,Animation,4
U0272,M059,2001: A Space Odyssey,Sci-Fi,5
U0272,M090,Doctor Strange,Action,3
U0272,M078,Schindler's List,Drama,5
U0272,M055,Mission Impossible,Action,5
U0272,M080,Good Will Hunting,Drama,5
U0272,M024,Knives Out,Thriller,4
U0272,M066,Before Sunrise,Romance,1
U0272,M071,Zodiac,Thriller,2
U0272,M058,The Terminator,Sci-Fi,5
U0272,M050,The Hobbit,Fantasy,4
U0272,M046,The Act of Killing,Documentary,3
U0272,M029,Blade Runner 2049,Sci-Fi,1
U0272,M001,The Dark Knight,Action,5
U0272,M074,Rosemary's Baby,Horror,4
U0272,M064,When Harry Met Sally,Romance,1
U0272,M094,Dune,Sci-Fi,2
U0272,M031,Whiplash,Drama,5
U0272,M092,Iron Man,Action,3
U0273,M067,The Fault in Our Stars,Romance,1
U0273,M011,A Quiet Place,Horror,4
U0273,M079,12 Angry Men,Drama,5
U0273,M012,The Hangover,Comedy,5
U0273,M032,The Pursuit of Happyness,Drama,5
U0273,M061,Ex Machina,Sci-Fi,5
U0273,M081,Dead Poets Society,Drama,4
U0273,M095,The Martian,Sci-Fi,4
U0273,M085,Step Brothers,Comedy,3
U0273,M086,Airplane!,Comedy,3
U0273,M010,Pride and Prejudice,Romance,3
U0273,M088,Black Panther,Action,2
U0273,M082,A Beautiful Mind,Drama,2
U0273,M070,Prisoners,Thriller,5
U0273,M075,The Shining,Horror,3
U0273,M040,WALL-E,Animation,5
U0273,M007,Titanic,Romance,3
U0273,M044,Free Solo,Documentary,1
U0273,M069,No Country for Old Men,Thriller,5
U0274,M074,Rosemary's Baby,Horror,2
U0274,M007,Titanic,Romance,5
U0274,M085,Step Brothers,Comedy,1
U0274,M038,Finding Nemo,Animation,4
U0274,M095,The Martian,Sci-Fi,3
U0274,M080,Good Will Hunting,Drama,3
U0274,M004,Interstellar,Sci-Fi,5
U0274,M037,Toy Story,Animation,4
U0274,M063,Casablanca,Romance,3
U0274,M011,A Quiet Place,Horror,3
U0275,M095,The Martian,Sci-Fi,2
U0275,M015,Crazy Rich Asians,Romance,4
U0275,M078,Schindler's List,Drama,4
U0275,M023,The Matrix,Sci-Fi,2
U0275,M076,Annihilation,Horror,3
U0276,M063,Casablanca,Romance,4
U0276,M024,Knives Out,Thriller,3
U0276,M068,The Silence of the Lambs,Thriller,5
U0276,M005,The Conjuring,Horror,2
U0276,M044,Free Solo,Documentary,2
U0276,M011,A Quiet Place,Horror,5
U0276,M019,Alien,Sci-Fi,3
U0276,M077,Us,Horror,1
U0276,M020,John Wick,Action,3
U0276,M064,When Harry Met Sally,Romance,1
U0276,M097,Moon,Sci-Fi,1
U0276,M053,Gladiator,Action,2
U0277,M052,Princess Mononoke,Fantasy,4
U0277,M061,Ex Machina,Sci-Fi,5
U0277,M039,Up,Animation,3
U0277,M096,Annihilation,Sci-Fi,1
U0277,M097,Moon,Sci-Fi,5
U0277,M069,No Country for Old Men,Thriller,4
U0277,M030,The Wolf of Wall Street,Drama,5
U0277,M049,Harry Potter,Fantasy,5
U0277,M088,Black Panther,Action,3
U0277,M091,Thor: Ragnarok,Action,3
U0277,M050,The Hobbit,Fantasy,4
U0277,M034,Joker,Drama,4
U0277,M019,Alien,Sci-Fi,1
U0277,M068,The Silence of the Lambs,Thriller,4
U0277,M056,Die Hard,Action,5
U0277,M002,Inception,Sci-Fi,4
U0277,M037,Toy Story,Animation,5
U0277,M058,The Terminator,Sci-Fi,2
U0277,M087,The Mask,Comedy,5
U0278,M067,The Fault in Our Stars,Romance,5
U0278,M044,Free Solo,Documentary,1
U0278,M087,The Mask,Comedy,4
U0278,M089,Spider-Man: No Way Home,Action,3
U0278,M024,Knives Out,Thriller,3
U0278,M041,Spirited Away,Animation,4
U0278,M071,Zodiac,Thriller,4
U0278,M002,Inception,Sci-Fi,2
U0278,M009,The Grand Budapest Hotel,Comedy,1
U0278,M053,Gladiator,Action,1
U0278,M013,Parasite,Thriller,5
U0279,M008,Get Out,Horror,1
U0279,M077,Us,Horror,1
U0279,M085,Step Brothers,Comedy,5
U0279,M028,La La Land,Romance,2
U0279,M082,A Beautiful Mind,Drama,5
U0279,M016,Hereditary,Horror,5
U0279,M091,Thor: Ragnarok,Action,2
U0280,M090,Doctor Strange,Action,4
U0280,M024,Knives Out,Thriller,4
U0280,M033,Pitch Perfect,Comedy,4
U0280,M038,Finding Nemo,Animation,4
U0280,M060,Arrival,Sci-Fi,3
U0280,M085,Step Brothers,Comedy,2
U0280,M010,Pride and Prejudice,Romance,1
U0280,M082,A Beautiful Mind,Drama,4
U0281,M049,Harry Potter,Fantasy,4
U0281,M050,The Hobbit,Fantasy,2
U0281,M043,Planet Earth,Documentary,4
U0281,M008,Get Out,Horror,2
U0281,M034,Joker,Drama,5
U0281,M023,The Matrix,Sci-Fi,4
U0282,M083,Monty Python,Comedy,3
U0282,M063,Casablanca,Romance,1
U0282,M014,The Shawshank Redemption,Drama,2
U0282,M019,Alien,Sci-Fi,1
U0282,M070,Prisoners,Thriller,2
U0282,M099,Barbarian,Horror,5
U0282,M056,Die Hard,Action,3
U0282,M028,La La Land,Romance,4
U0282,M079,12 Angry Men,Drama,2
U0282,M057,Speed,Action,4
U0283,M084,Anchorman,Comedy,3
U0283,M082,A Beautiful Mind,Drama,5
U0283,M001,The Dark Knight,Action,5
U0283,M005,The Conjuring,Horror,1
U0283,M086,Airplane!,Comedy,5
U0283,M050,The Hobbit,Fantasy,4
U0283,M035,The Big Lebowski,Comedy,4
U0283,M020,John Wick,Action,4
U0283,M090,Doctor Strange,Action,4
U0284,M070,Prisoners,Thriller,2
U0284,M029,Blade Runner 2049,Sci-Fi,5
U0284,M001,The Dark Knight,Action,5
U0284,M050,The Hobbit,Fantasy,4
U0284,M089,Spider-Man: No Way Home,Action,3
U0284,M100,Nope,Horror,3
U0284,M062,Gravity,Sci-Fi,4
U0285,M081,Dead Poets Society,Drama,2
U0285,M083,Monty Python,Comedy,4
U0285,M012,The Hangover,Comedy,3
U0285,M047,Jiro Dreams of Sushi,Documentary,2
U0285,M069,No Country for Old Men,Thriller,3
U0285,M044,Free Solo,Documentary,5
U0286,M050,The Hobbit,Fantasy,4
U0286,M085,Step Brothers,Comedy,4
U0286,M025,It,Horror,1
U0286,M039,Up,Animation,5
U0286,M090,Doctor Strange,Action,2
U0286,M014,The Shawshank Redemption,Drama,3
U0287,M025,It,Horror,4
U0287,M004,Interstellar,Sci-Fi,1
U0287,M093,Everything Everywhere All at Once,Sci-Fi,5
U0287,M076,Annihilation,Horror,3
U0287,M031,Whiplash,Drama,5
U0287,M063,Casablanca,Romance,5
U0288,M003,The Notebook,Romance,1
U0288,M005,The Conjuring,Horror,1
U0288,M044,Free Solo,Documentary,2
U0288,M008,Get Out,Horror,4
U0288,M093,Everything Everywhere All at Once,Sci-Fi,1
U0288,M006,Avengers: Endgame,Action,4
U0288,M052,Princess Mononoke,Fantasy,5
U0288,M016,Hereditary,Horror,1
U0288,M028,La La Land,Romance,2
U0288,M084,Anchorman,Comedy,2
U0288,M086,Airplane!,Comedy,1
U0288,M067,The Fault in Our Stars,Romance,2
U0288,M059,2001: A Space Odyssey,Sci-Fi,1
U0288,M087,The Mask,Comedy,3
U0288,M069,No Country for Old Men,Thriller,2
U0288,M020,John Wick,Action,4
U0288,M095,The Martian,Sci-Fi,5
U0288,M075,The Shining,Horror,2
U0288,M030,The Wolf of Wall Street,Drama,5
U0289,M014,The Shawshank Redemption,Drama,3
U0289,M015,Crazy Rich Asians,Romance,4
U0289,M064,When Harry Met Sally,Romance,3
U0289,M077,Us,Horror,4
U0289,M079,12 Angry Men,Drama,4
U0289,M029,Blade Runner 2049,Sci-Fi,1
U0289,M009,The Grand Budapest Hotel,Comedy,5
U0290,M042,Coco,Animation,4
U0290,M028,La La Land,Romance,2
U0290,M098,The Menu,Thriller,5
U0290,M006,Avengers: Endgame,Action,2
U0290,M076,Annihilation,Horror,3
U0290,M023,The Matrix,Sci-Fi,5
U0290,M043,Planet Earth,Documentary,2
U0290,M009,The Grand Budapest Hotel,Comedy,4
U0290,M016,Hereditary,Horror,2
U0291,M018,Superbad,Comedy,2
U0291,M013,Parasite,Thriller,2
U0291,M081,Dead Poets Society,Drama,5
U0291,M079,12 Angry Men,Drama,2
U0291,M049,Harry Potter,Fantasy,2
U0291,M100,Nope,Horror,1
U0292,M012,The Hangover,Comedy,2
U0292,M091,Thor: Ragnarok,Action,2
U0292,M084,Anchorman,Comedy,3
U0292,M076,Annihilation,Horror,5
U0292,M037,Toy Story,Animation,5
U0292,M054,Top Gun: Maverick,Action,4
U0292,M089,Spider-Man: No Way Home,Action,2
U0292,M099,Barbarian,Horror,2
U0292,M061,Ex Machina,Sci-Fi,5
U0292,M017,Forrest Gump,Drama,2
U0293,M092,Iron Man,Action,2
U0293,M064,When Harry Met Sally,Romance,2
U0293,M079,12 Angry Men,Drama,2
U0293,M012,The Hangover,Comedy,5
U0293,M081,Dead Poets Society,Drama,2
U0293,M039,Up,Animation,5
U0293,M045,13th,Documentary,3
U0293,M054,Top Gun: Maverick,Action,5
U0293,M001,The Dark Knight,Action,5
U0293,M072,Nightcrawler,Thriller,3
U0294,M099,Barbarian,Horror,2
U0294,M081,Dead Poets Society,Drama,5
U0294,M085,Step Brothers,Comedy,3
U0294,M027,Gone Girl,Thriller,4
U0294,M036,Se7en,Thriller,5
U0294,M007,Titanic,Romance,4
U0294,M025,It,Horror,1
U0294,M015,Crazy Rich Asians,Romance,1
U0294,M020,John Wick,Action,1
U0294,M088,Black Panther,Action,5
U0294,M061,Ex Machina,Sci-Fi,2
U0294,M064,When Harry Met Sally,Romance,2
U0294,M023,The Matrix,Sci-Fi,1
U0294,M021,Bridesmaids,Comedy,4
U0294,M086,Airplane!,Comedy,5
U0294,M006,Avengers: Endgame,Action,1
U0294,M083,Monty Python,Comedy,1
U0294,M047,Jiro Dreams of Sushi,Documentary,2
U0294,M037,Toy Story,Animation,5
U0295,M054,Top Gun: Maverick,Action,4
U0295,M026,Mad Max: Fury Road,Action,5
U0295,M096,Annihilation,Sci-Fi,4
U0295,M087,The Mask,Comedy,1
U0295,M042,Coco,Animation,5
U0295,M030,The Wolf of Wall Street,Drama,3
U0295,M100,Nope,Horror,2
U0295,M015,Crazy Rich Asians,Romance,5
U0295,M013,Parasite,Thriller,5
U0295,M031,Whiplash,Drama,3
U0295,M095,The Martian,Sci-Fi,4
U0295,M053,Gladiator,Action,3
U0295,M049,Harry Potter,Fantasy,3
U0295,M029,Blade Runner 2049,Sci-Fi,4
U0295,M010,Pride and Prejudice,Romance,2
U0296,M035,The Big Lebowski,Comedy,3
U0296,M026,Mad Max: Fury Road,Action,2
U0296,M043,Planet Earth,Documentary,3
U0296,M017,Forrest Gump,Drama,5
U0296,M005,The Conjuring,Horror,2
U0296,M089,Spider-Man: No Way Home,Action,5
U0296,M073,The Exorcist,Horror,2
U0296,M008,Get Out,Horror,5
U0296,M036,Se7en,Thriller,5
U0296,M018,Superbad,Comedy,2
U0296,M015,Crazy Rich Asians,Romance,1
U0296,M060,Arrival,Sci-Fi,4
U0296,M059,2001: A Space Odyssey,Sci-Fi,5
U0296,M054,Top Gun: Maverick,Action,4
U0296,M022,Midsommar,Horror,2
U0296,M098,The Menu,Thriller,5
U0297,M060,Arrival,Sci-Fi,1
U0297,M036,Se7en,Thriller,5
U0297,M002,Inception,Sci-Fi,5
U0297,M094,Dune,Sci-Fi,4
U0297,M055,Mission Impossible,Action,4
U0297,M095,The Martian,Sci-Fi,1
U0297,M032,The Pursuit of Happyness,Drama,5
U0297,M042,Coco,Animation,5
U0297,M056,Die Hard,Action,2
U0297,M075,The Shining,Horror,1
U0297,M029,Blade Runner 2049,Sci-Fi,5
U0297,M076,Annihilation,Horror,1
U0297,M020,John Wick,Action,4
U0297,M074,Rosemary's Baby,Horror,2
U0297,M001,The Dark Knight,Action,2
U0297,M054,Top Gun: Maverick,Action,3
U0297,M006,Avengers: Endgame,Action,3
U0297,M061,Ex Machina,Sci-Fi,2
U0297,M099,Barbarian,Horror,1
U0297,M065,Eternal Sunshine,Romance,1
U0298,M086,Airplane!,Comedy,3
U0298,M040,WALL-E,Animation,5
U0298,M021,Bridesmaids,Comedy,1
U0298,M091,Thor: Ragnarok,Action,3
U0298,M059,2001: A Space Odyssey,Sci-Fi,4
U0298,M074,Rosemary's Baby,Horror,3
U0298,M096,Annihilation,Sci-Fi,5
U0298,M075,The Shining,Horror,5
U0298,M004,Interstellar,Sci-Fi,5
U0298,M060,Arrival,Sci-Fi,2
U0298,M099,Barbarian,Horror,1
U0298,M018,Superbad,Comedy,5
U0298,M052,Princess Mononoke,Fantasy,4
U0298,M024,Knives Out,Thriller,2
U0298,M048,The Lord of the Rings,Fantasy,5
U0298,M081,Dead Poets Society,Drama,4
U0298,M082,A Beautiful Mind,Drama,2
U0298,M001,The Dark Knight,Action,1
U0298,M010,Pride and Prejudice,Romance,4
U0298,M050,The Hobbit,Fantasy,4
U0299,M080,Good Will Hunting,Drama,5
U0299,M006,Avengers: Endgame,Action,2
U0299,M047,Jiro Dreams of Sushi,Documentary,2
U0299,M023,The Matrix,Sci-Fi,3
U0299,M083,Monty Python,Comedy,3
U0299,M072,Nightcrawler,Thriller,4
U0299,M091,Thor: Ragnarok,Action,5
U0299,M009,The Grand Budapest Hotel,Comedy,4
U0299,M100,Nope,Horror,3
U0299,M027,Gone Girl,Thriller,2
U0299,M018,Superbad,Comedy,1
U0299,M043,Planet Earth,Documentary,3
U0299,M031,Whiplash,Drama,4
U0299,M070,Prisoners,Thriller,5
U0299,M015,Crazy Rich Asians,Romance,4
U0299,M084,Anchorman,Comedy,5
U0299,M062,Gravity,Sci-Fi,5
U0299,M095,The Martian,Sci-Fi,1
U0299,M097,Moon,Sci-Fi,4
U0300,M058,The Terminator,Sci-Fi,1
U0300,M080,Good Will Hunting,Drama,3
U0300,M048,The Lord of the Rings,Fantasy,4
U0300,M087,The Mask,Comedy,1
U0300,M089,Spider-Man: No Way Home,Action,2
U0300,M009,The Grand Budapest Hotel,Comedy,4
U0300,M025,It,Horror,2
U0300,M059,2001: A Space Odyssey,Sci-Fi,2
U0300,M012,The Hangover,Comedy,5
U0300,M011,A Quiet Place,Horror,1
U0300,M051,Pan's Labyrinth,Fantasy,4
U0300,M023,The Matrix,Sci-Fi,4
U0300,M037,Toy Story,Animation,5
U0300,M010,Pride and Prejudice,Romance,2
U0301,M045,13th,Documentary,5
U0301,M054,Top Gun: Maverick,Action,5
U0301,M057,Speed,Action,4
U0301,M095,The Martian,Sci-Fi,4
U0301,M083,Monty Python,Comedy,3
U0301,M003,The Notebook,Romance,5
U0301,M038,Finding Nemo,Animation,4
U0301,M025,It,Horror,3
U0301,M009,The Grand Budapest Hotel,Comedy,2
U0301,M030,The Wolf of Wall Street,Drama,4
U0301,M067,The Fault in Our Stars,Romance,2
U0301,M043,Planet Earth,Documentary,4
U0301,M053,Gladiator,Action,3
U0301,M075,The Shining,Horror,3
U0301,M044,Free Solo,Documentary,1
U0301,M084,Anchorman,Comedy,2
U0301,M042,Coco,Animation,4
U0301,M063,Casablanca,Romance,3
U0301,M076,Annihilation,Horror,4
U0301,M086,Airplane!,Comedy,2
U0302,M092,Iron Man,Action,2
U0302,M069,No Country for Old Men,Thriller,2
U0302,M037,Toy Story,Animation,3
U0302,M024,Knives Out,Thriller,4
U0302,M023,The Matrix,Sci-Fi,5
U0302,M091,Thor: Ragnarok,Action,2
U0302,M089,Spider-Man: No Way Home,Action,4
U0302,M086,Airplane!,Comedy,3
U0302,M020,John Wick,Action,3
U0302,M021,Bridesmaids,Comedy,2
U0303,M072,Nightcrawler,Thriller,5
U0303,M091,Thor: Ragnarok,Action,3
U0303,M005,The Conjuring,Horror,1
U0303,M086,Airplane!,Comedy,1
U0303,M041,Spirited Away,Animation,5
U0303,M045,13th,Documentary,4
U0303,M019,Alien,Sci-Fi,2
U0303,M048,The Lord of the Rings,Fantasy,4
U0303,M058,The Terminator,Sci-Fi,3
U0303,M070,Prisoners,Thriller,3
U0303,M021,Bridesmaids,Comedy,1
U0304,M083,Monty Python,Comedy,1
U0304,M091,Thor: Ragnarok,Action,2
U0304,M038,Finding Nemo,Animation,5
U0304,M061,Ex Machina,Sci-Fi,1
U0304,M097,Moon,Sci-Fi,3
U0304,M074,Rosemary's Baby,Horror,1
U0304,M086,Airplane!,Comedy,4
U0304,M019,Alien,Sci-Fi,5
U0304,M073,The Exorcist,Horror,2
U0304,M094,Dune,Sci-Fi,4
U0304,M057,Speed,Action,3
U0304,M044,Free Solo,Documentary,1
U0304,M089,Spider-Man: No Way Home,Action,3
U0304,M015,Crazy Rich Asians,Romance,1
U0304,M062,Gravity,Sci-Fi,5
U0305,M075,The Shining,Horror,1
U0305,M068,The Silence of the Lambs,Thriller,5
U0305,M029,Blade Runner 2049,Sci-Fi,4
U0305,M099,Barbarian,Horror,2
U0305,M036,Se7en,Thriller,5
U0305,M026,Mad Max: Fury Road,Action,3
U0305,M003,The Notebook,Romance,5
U0305,M011,A Quiet Place,Horror,5
U0305,M069,No Country for Old Men,Thriller,5
U0305,M058,The Terminator,Sci-Fi,1
U0305,M087,The Mask,Comedy,3
U0306,M019,Alien,Sci-Fi,4
U0306,M092,Iron Man,Action,3
U0306,M055,Mission Impossible,Action,2
U0306,M048,The Lord of the Rings,Fantasy,4
U0306,M050,The Hobbit,Fantasy,4
U0306,M002,Inception,Sci-Fi,2
U0306,M037,Toy Story,Animation,5
U0306,M045,13th,Documentary,5
U0306,M040,WALL-E,Animation,3
U0306,M058,The Terminator,Sci-Fi,2
U0306,M072,Nightcrawler,Thriller,3
U0306,M012,The Hangover,Comedy,3
U0306,M028,La La Land,Romance,4
U0306,M094,Dune,Sci-Fi,5
U0306,M057,Speed,Action,3
U0306,M095,The Martian,Sci-Fi,1
U0306,M054,Top Gun: Maverick,Action,5
U0307,M012,The Hangover,Comedy,5
U0307,M001,The Dark Knight,Action,4
U0307,M053,Gladiator,Action,1
U0307,M082,A Beautiful Mind,Drama,4
U0307,M035,The Big Lebowski,Comedy,5
U0307,M054,Top Gun: Maverick,Action,3
U0307,M023,The Matrix,Sci-Fi,4
U0307,M072,Nightcrawler,Thriller,5
U0307,M060,Arrival,Sci-Fi,4
U0307,M091,Thor: Ragnarok,Action,2
U0307,M073,The Exorcist,Horror,1
U0307,M097,Moon,Sci-Fi,1
U0307,M018,Superbad,Comedy,2
U0307,M026,Mad Max: Fury Road,Action,3
U0307,M024,Knives Out,Thriller,4
U0307,M049,Harry Potter,Fantasy,4
U0307,M038,Finding Nemo,Animation,3
U0308,M054,Top Gun: Maverick,Action,3
U0308,M023,The Matrix,Sci-Fi,5
U0308,M063,Casablanca,Romance,4
U0308,M089,Spider-Man: No Way Home,Action,5
U0308,M083,Monty Python,Comedy,4
U0308,M032,The Pursuit of Happyness,Drama,4
U0308,M004,Interstellar,Sci-Fi,4
U0308,M016,Hereditary,Horror,1
U0308,M098,The Menu,Thriller,4
U0308,M036,Se7en,Thriller,5
U0308,M064,When Harry Met Sally,Romance,5
U0308,M009,The Grand Budapest Hotel,Comedy,1
U0308,M077,Us,Horror,3
U0308,M096,Annihilation,Sci-Fi,2
U0309,M019,Alien,Sci-Fi,2
U0309,M041,Spirited Away,Animation,3
U0309,M060,Arrival,Sci-Fi,3
U0309,M089,Spider-Man: No Way Home,Action,3
U0309,M018,Superbad,Comedy,4
U0309,M046,The Act of Killing,Documentary,3
U0310,M038,Finding Nemo,Animation,4
U0310,M068,The Silence of the Lambs,Thriller,2
U0310,M082,A Beautiful Mind,Drama,5
U0310,M010,Pride and Prejudice,Romance,2
U0310,M066,Before Sunrise,Romance,5
U0310,M025,It,Horror,3
U0311,M088,Black Panther,Action,3
U0311,M039,Up,Animation,5
U0311,M035,The Big Lebowski,Comedy,4
U0311,M090,Doctor Strange,Action,3
U0311,M089,Spider-Man: No Way Home,Action,2
U0311,M047,Jiro Dreams of Sushi,Documentary,1
U0311,M013,Parasite,Thriller,3
U0311,M069,No Country for Old Men,Thriller,3
U0311,M075,The Shining,Horror,5
U0311,M046,The Act of Killing,Documentary,2
U0311,M019,Alien,Sci-Fi,2
U0311,M002,Inception,Sci-Fi,5
U0311,M018,Superbad,Comedy,5
U0311,M067,The Fault in Our Stars,Romance,5
U0311,M037,Toy Story,Animation,5
U0312,M054,Top Gun: Maverick,Action,3
U0312,M059,2001: A Space Odyssey,Sci-Fi,3
U0312,M010,Pride and Prejudice,Romance,2
U0312,M015,Crazy Rich Asians,Romance,4
U0312,M017,Forrest Gump,Drama,5
U0312,M003,The Notebook,Romance,5
U0312,M062,Gravity,Sci-Fi,3
U0312,M045,13th,Documentary,2
U0313,M004,Interstellar,Sci-Fi,1
U0313,M096,Annihilation,Sci-Fi,1
U0313,M016,Hereditary,Horror,4
U0313,M029,Blade Runner 2049,Sci-Fi,4
U0313,M017,Forrest Gump,Drama,2
U0313,M089,Spider-Man: No Way Home,Action,2
U0313,M019,Alien,Sci-Fi,1
U0313,M030,The Wolf of Wall Street,Drama,2
U0313,M040,WALL-E,Animation,5
U0313,M027,Gone Girl,Thriller,5
U0313,M011,A Quiet Place,Horror,1
U0313,M055,Mission Impossible,Action,4
U0313,M098,The Menu,Thriller,2
U0313,M015,Crazy Rich Asians,Romance,3
U0314,M009,The Grand Budapest Hotel,Comedy,1
U0314,M039,Up,Animation,5
U0314,M086,Airplane!,Comedy,2
U0314,M002,Inception,Sci-Fi,5
U0314,M097,Moon,Sci-Fi,2
U0314,M013,Parasite,Thriller,3
U0315,M004,Interstellar,Sci-Fi,1
U0315,M012,The Hangover,Comedy,5
U0315,M019,Alien,Sci-Fi,1
U0315,M096,Annihilation,Sci-Fi,5
U0315,M036,Se7en,Thriller,3
U0315,M075,The Shining,Horror,2
U0315,M045,13th,Documentary,3
U0315,M046,The Act of Killing,Documentary,2
U0315,M021,Bridesmaids,Comedy,5
U0315,M065,Eternal Sunshine,Romance,1
U0315,M100,Nope,Horror,1
U0315,M094,Dune,Sci-Fi,2
U0315,M079,12 Angry Men,Drama,5
U0315,M031,Whiplash,Drama,5
U0315,M073,The Exorcist,Horror,3
U0315,M009,The Grand Budapest Hotel,Comedy,5
U0316,M057,Speed,Action,4
U0316,M087,The Mask,Comedy,1
U0316,M014,The Shawshank Redemption,Drama,4
U0316,M024,Knives Out,Thriller,2
U0316,M046,The Act of Killing,Documentary,4
U0316,M049,Harry Potter,Fantasy,2
U0316,M055,Mission Impossible,Action,5
U0316,M028,La La Land,Romance,2
U0316,M066,Before Sunrise,Romance,4
U0316,M030,The Wolf of Wall Street,Drama,4
U0317,M072,Nightcrawler,Thriller,5
U0317,M093,Everything Everywhere All at Once,Sci-Fi,2
U0317,M006,Avengers: Endgame,Action,5
U0317,M011,A Quiet Place,Horror,4
U0317,M042,Coco,Animation,4
U0317,M064,When Harry Met Sally,Romance,4
U0317,M015,Crazy Rich Asians,Romance,2
U0317,M050,The Hobbit,Fantasy,2
U0317,M037,Toy Story,Animation,5
U0317,M059,2001: A Space Odyssey,Sci-Fi,3
U0317,M077,Us,Horror,2
U0317,M095,The Martian,Sci-Fi,1
U0317,M040,WALL-E,Animation,5
U0317,M088,Black Panther,Action,1
U0318,M057,Speed,Action,3
U0318,M067,The Fault in Our Stars,Romance,2
U0318,M085,Step Brothers,Comedy,5
U0318,M087,The Mask,Comedy,4
U0318,M011,A Quiet Place,Horror,1
U0318,M016,Hereditary,Horror,2
U0318,M019,Alien,Sci-Fi,4
U0318,M051,Pan's Labyrinth,Fantasy,4
U0318,M052,Princess Mononoke,Fantasy,4
U0318,M089,Spider-Man: No Way Home,Action,5
U0318,M076,Annihilation,Horror,5
U0318,M014,The Shawshank Redemption,Drama,4
U0318,M095,The Martian,Sci-Fi,4
U0318,M022,Midsommar,Horror,3
U0318,M009,The Grand Budapest Hotel,Comedy,4
U0318,M047,Jiro Dreams of Sushi,Documentary,5
U0318,M026,Mad Max: Fury Road,Action,4
U0319,M066,Before Sunrise,Romance,4
U0319,M036,Se7en,Thriller,5
U0319,M019,Alien,Sci-Fi,3
U0319,M099,Barbarian,Horror,2
U0319,M059,2001: A Space Odyssey,Sci-Fi,3
U0319,M014,The Shawshank Redemption,Drama,5
U0319,M016,Hereditary,Horror,5
U0319,M033,Pitch Perfect,Comedy,1
U0319,M063,Casablanca,Romance,1
U0319,M064,When Harry Met Sally,Romance,5
U0319,M030,The Wolf of Wall Street,Drama,5
U0319,M081,Dead Poets Society,Drama,5
U0319,M018,Superbad,Comedy,2
U0319,M004,Interstellar,Sci-Fi,3
U0319,M013,Parasite,Thriller,5
U0319,M095,The Martian,Sci-Fi,4
U0319,M007,Titanic,Romance,5
U0319,M009,The Grand Budapest Hotel,Comedy,3
U0319,M087,The Mask,Comedy,5
U0319,M023,The Matrix,Sci-Fi,3
U0320,M098,The Menu,Thriller,5
U0320,M005,The Conjuring,Horror,3
U0320,M056,Die Hard,Action,4
U0320,M016,Hereditary,Horror,4
U0320,M050,The Hobbit,Fantasy,4
U0321,M005,The Conjuring,Horror,2
U0321,M023,The Matrix,Sci-Fi,4
U0321,M072,Nightcrawler,Thriller,5
U0321,M085,Step Brothers,Comedy,2
U0321,M100,Nope,Horror,3
U0321,M039,Up,Animation,5
U0322,M098,The Menu,Thriller,5
U0322,M015,Crazy Rich Asians,Romance,3
U0322,M073,The Exorcist,Horror,3
U0322,M087,The Mask,Comedy,3
U0322,M063,Casablanca,Romance,1
U0322,M085,Step Brothers,Comedy,1
U0322,M071,Zodiac,Thriller,5
U0322,M088,Black Panther,Action,1
U0322,M070,Prisoners,Thriller,3
U0322,M074,Rosemary's Baby,Horror,3
U0322,M061,Ex Machina,Sci-Fi,3
U0322,M072,Nightcrawler,Thriller,5
U0322,M021,Bridesmaids,Comedy,1
U0322,M065,Eternal Sunshine,Romance,3
U0322,M008,Get Out,Horror,4
U0322,M051,Pan's Labyrinth,Fantasy,2
U0322,M034,Joker,Drama,5
U0322,M064,When Harry Met Sally,Romance,3
U0322,M076,Annihilation,Horror,3
U0322,M049,Harry Potter,Fantasy,4
U0323,M008,Get Out,Horror,1
U0323,M085,Step Brothers,Comedy,4
U0323,M032,The Pursuit of Happyness,Drama,5
U0323,M031,Whiplash,Drama,5
U0323,M083,Monty Python,Comedy,5
U0323,M040,WALL-E,Animation,5
U0323,M076,Annihilation,Horror,3
U0323,M011,A Quiet Place,Horror,1
U0323,M089,Spider-Man: No Way Home,Action,4
U0323,M009,The Grand Budapest Hotel,Comedy,5
U0323,M015,Crazy Rich Asians,Romance,1
U0323,M044,Free Solo,Documentary,3
U0323,M022,Midsommar,Horror,4
U0323,M003,The Notebook,Romance,5
U0323,M069,No Country for Old Men,Thriller,5
U0323,M042,Coco,Animation,4
U0324,M063,Casablanca,Romance,3
U0324,M013,Parasite,Thriller,3
U0324,M089,Spider-Man: No Way Home,Action,5
U0324,M087,The Mask,Comedy,3
U0324,M027,Gone Girl,Thriller,4
U0324,M044,Free Solo,Documentary,4
U0324,M064,When Harry Met Sally,Romance,2
U0324,M065,Eternal Sunshine,Romance,4
U0325,M069,No Country for Old Men,Thriller,5
U0325,M028,La La Land,Romance,2
U0325,M037,Toy Story,Animation,5
U0325,M034,Joker,Drama,2
U0325,M007,Titanic,Romance,5
U0325,M039,Up,Animation,3
U0325,M074,Rosemary's Baby,Horror,5
U0326,M035,The Big Lebowski,Comedy,3
U0326,M009,The Grand Budapest Hotel,Comedy,2
U0326,M073,The Exorcist,Horror,4
U0326,M068,The Silence of the Lambs,Thriller,5
U0326,M061,Ex Machina,Sci-Fi,3
U0326,M055,Mission Impossible,Action,5
U0326,M027,Gone Girl,Thriller,5
U0326,M045,13th,Documentary,4
U0326,M010,Pride and Prejudice,Romance,5
U0326,M084,Anchorman,Comedy,2
U0326,M039,Up,Animation,3
U0326,M065,Eternal Sunshine,Romance,5
U0326,M056,Die Hard,Action,2
U0326,M085,Step Brothers,Comedy,5
U0326,M070,Prisoners,Thriller,5
U0327,M085,Step Brothers,Comedy,1
U0327,M096,Annihilation,Sci-Fi,5
U0327,M060,Arrival,Sci-Fi,2
U0327,M035,The Big Lebowski,Comedy,3
U0327,M082,A Beautiful Mind,Drama,5
U0327,M069,No Country for Old Men,Thriller,3
U0327,M079,12 Angry Men,Drama,3
U0327,M099,Barbarian,Horror,2
U0327,M056,Die Hard,Action,3
U0327,M073,The Exorcist,Horror,4
U0327,M094,Dune,Sci-Fi,4
U0328,M009,The Grand Budapest Hotel,Comedy,2
U0328,M082,A Beautiful Mind,Drama,2
U0328,M027,Gone Girl,Thriller,3
U0328,M053,Gladiator,Action,3
U0328,M035,The Big Lebowski,Comedy,4
U0328,M037,Toy Story,Animation,5
U0328,M083,Monty Python,Comedy,5
U0328,M021,Bridesmaids,Comedy,4
U0328,M033,Pitch Perfect,Comedy,4
U0328,M088,Black Panther,Action,1
U0328,M077,Us,Horror,2
U0328,M031,Whiplash,Drama,3
U0328,M052,Princess Mononoke,Fantasy,4
U0328,M015,Crazy Rich Asians,Romance,2
U0328,M020,John Wick,Action,1
U0329,M036,Se7en,Thriller,4
U0329,M085,Step Brothers,Comedy,1
U0329,M071,Zodiac,Thriller,5
U0329,M023,The Matrix,Sci-Fi,3
U0329,M083,Monty Python,Comedy,1
U0329,M006,Avengers: Endgame,Action,4
U0329,M093,Everything Everywhere All at Once,Sci-Fi,2
U0329,M063,Casablanca,Romance,2
U0329,M003,The Notebook,Romance,1
U0329,M008,Get Out,Horror,5
U0329,M011,A Quiet Place,Horror,5
U0329,M041,Spirited Away,Animation,3
U0329,M078,Schindler's List,Drama,5
U0330,M064,When Harry Met Sally,Romance,2
U0330,M012,The Hangover,Comedy,2
U0330,M031,Whiplash,Drama,2
U0330,M077,Us,Horror,2
U0330,M016,Hereditary,Horror,2
U0330,M099,Barbarian,Horror,3
U0330,M041,Spirited Away,Animation,5
U0330,M043,Planet Earth,Documentary,4
U0330,M075,The Shining,Horror,3
U0330,M095,The Martian,Sci-Fi,5
U0330,M050,The Hobbit,Fantasy,2
U0330,M096,Annihilation,Sci-Fi,4
U0330,M055,Mission Impossible,Action,5
U0331,M090,Doctor Strange,Action,5
U0331,M015,Crazy Rich Asians,Romance,1
U0331,M041,Spirited Away,Animation,3
U0331,M070,Prisoners,Thriller,3
U0331,M055,Mission Impossible,Action,3
U0331,M061,Ex Machina,Sci-Fi,5
U0331,M088,Black Panther,Action,4
U0331,M032,The Pursuit of Happyness,Drama,4
U0331,M036,Se7en,Thriller,4
U0331,M019,Alien,Sci-Fi,1
U0331,M047,Jiro Dreams of Sushi,Documentary,5
U0331,M092,Iron Man,Action,2
U0331,M048,The Lord of the Rings,Fantasy,4
U0331,M040,WALL-E,Animation,5
U0331,M003,The Notebook,Romance,1
U0331,M083,Monty Python,Comedy,4
U0332,M039,Up,Animation,4
U0332,M012,The Hangover,Comedy,1
U0332,M097,Moon,Sci-Fi,4
U0332,M031,Whiplash,Drama,5
U0332,M027,Gone Girl,Thriller,5
U0332,M021,Bridesmaids,Comedy,3
U0332,M057,Speed,Action,4
U0332,M081,Dead Poets Society,Drama,2
U0332,M041,Spirited Away,Animation,4
U0332,M099,Barbarian,Horror,3
U0332,M083,Monty Python,Comedy,5
U0332,M053,Gladiator,Action,1
U0332,M005,The Conjuring,Horror,3
U0333,M078,Schindler's List,Drama,4
U0333,M094,Dune,Sci-Fi,3
U0333,M071,Zodiac,Thriller,5
U0333,M095,The Martian,Sci-Fi,1
U0333,M042,Coco,Animation,3
U0333,M059,2001: A Space Odyssey,Sci-Fi,2
U0333,M089,Spider-Man: No Way Home,Action,2
U0333,M004,Interstellar,Sci-Fi,5
U0333,M098,The Menu,Thriller,3
U0333,M007,Titanic,Romance,5
U0333,M083,Monty Python,Comedy,4
U0333,M024,Knives Out,Thriller,4
U0333,M081,Dead Poets Society,Drama,5
U0333,M057,Speed,Action,4
U0333,M018,Superbad,Comedy,2
U0333,M001,The Dark Knight,Action,3
U0333,M052,Princess Mononoke,Fantasy,3
U0333,M026,Mad Max: Fury Road,Action,5
U0334,M037,Toy Story,Animation,4
U0334,M026,Mad Max: Fury Road,Action,1
U0334,M011,A Quiet Place,Horror,4
U0334,M054,Top Gun: Maverick,Action,2
U0334,M048,The Lord of the Rings,Fantasy,4
U0334,M024,Knives Out,Thriller,3
U0334,M051,Pan's Labyrinth,Fantasy,2
U0334,M049,Harry Potter,Fantasy,4
U0334,M074,Rosemary's Baby,Horror,5
U0334,M029,Blade Runner 2049,Sci-Fi,4
U0334,M003,The Notebook,Romance,5
U0334,M072,Nightcrawler,Thriller,4
U0334,M083,Monty Python,Comedy,2
U0334,M079,12 Angry Men,Drama,2
U0334,M081,Dead Poets Society,Drama,4
U0335,M073,The Exorcist,Horror,1
U0335,M016,Hereditary,Horror,2
U0335,M002,Inception,Sci-Fi,2
U0335,M092,Iron Man,Action,2
U0335,M068,The Silence of the Lambs,Thriller,4
U0335,M056,Die Hard,Action,3
U0335,M099,Barbarian,Horror,4
U0335,M059,2001: A Space Odyssey,Sci-Fi,4
U0335,M087,The Mask,Comedy,2
U0335,M064,When Harry Met Sally,Romance,4
U0336,M077,Us,Horror,3
U0336,M028,La La Land,Romance,3
U0336,M037,Toy Story,Animation,4
U0336,M094,Dune,Sci-Fi,5
U0336,M087,The Mask,Comedy,4
U0336,M025,It,Horror,2
U0336,M054,Top Gun: Maverick,Action,3
U0336,M024,Knives Out,Thriller,5
U0336,M053,Gladiator,Action,4
U0336,M019,Alien,Sci-Fi,1
U0336,M004,Interstellar,Sci-Fi,1
U0337,M018,Superbad,Comedy,4
U0337,M042,Coco,Animation,4
U0337,M089,Spider-Man: No Way Home,Action,5
U0337,M051,Pan's Labyrinth,Fantasy,5
U0337,M088,Black Panther,Action,1
U0337,M028,La La Land,Romance,1
U0337,M092,Iron Man,Action,3
U0337,M050,The Hobbit,Fantasy,5
U0337,M091,Thor: Ragnarok,Action,5
U0337,M055,Mission Impossible,Action,4
U0337,M095,The Martian,Sci-Fi,3
U0337,M077,Us,Horror,4
U0337,M033,Pitch Perfect,Comedy,3
U0337,M010,Pride and Prejudice,Romance,2
U0337,M013,Parasite,Thriller,5
U0337,M072,Nightcrawler,Thriller,2
U0337,M008,Get Out,Horror,5
U0337,M007,Titanic,Romance,2
U0337,M043,Planet Earth,Documentary,3
U0337,M031,Whiplash,Drama,3
U0338,M044,Free Solo,Documentary,3
U0338,M060,Arrival,Sci-Fi,4
U0338,M017,Forrest Gump,Drama,3
U0338,M012,The Hangover,Comedy,3
U0338,M041,Spirited Away,Animation,5
U0338,M091,Thor: Ragnarok,Action,2
U0338,M068,The Silence of the Lambs,Thriller,5
U0338,M056,Die Hard,Action,4
U0338,M019,Alien,Sci-Fi,1
U0338,M034,Joker,Drama,3
U0338,M015,Crazy Rich Asians,Romance,2
U0338,M006,Avengers: Endgame,Action,1
U0338,M064,When Harry Met Sally,Romance,2
U0338,M036,Se7en,Thriller,3
U0338,M096,Annihilation,Sci-Fi,1
U0338,M047,Jiro Dreams of Sushi,Documentary,4
U0338,M037,Toy Story,Animation,4
U0338,M079,12 Angry Men,Drama,3
U0338,M098,The Menu,Thriller,5
U0338,M067,The Fault in Our Stars,Romance,4
U0339,M064,When Harry Met Sally,Romance,4
U0339,M006,Avengers: Endgame,Action,1
U0339,M057,Speed,Action,2
U0339,M046,The Act of Killing,Documentary,1
U0339,M091,Thor: Ragnarok,Action,3
U0339,M072,Nightcrawler,Thriller,2
U0339,M063,Casablanca,Romance,2
U0339,M059,2001: A Space Odyssey,Sci-Fi,3
U0340,M022,Midsommar,Horror,5
U0340,M096,Annihilation,Sci-Fi,2
U0340,M066,Before Sunrise,Romance,4
U0340,M035,The Big Lebowski,Comedy,1
U0340,M073,The Exorcist,Horror,2
U0340,M085,Step Brothers,Comedy,4
U0340,M075,The Shining,Horror,1
U0340,M028,La La Land,Romance,3
U0340,M001,The Dark Knight,Action,1
U0340,M068,The Silence of the Lambs,Thriller,4
U0341,M051,Pan's Labyrinth,Fantasy,4
U0341,M048,The Lord of the Rings,Fantasy,4
U0341,M076,Annihilation,Horror,4
U0341,M014,The Shawshank Redemption,Drama,4
U0341,M042,Coco,Animation,5
U0341,M020,John Wick,Action,1
U0341,M004,Interstellar,Sci-Fi,3
U0341,M011,A Quiet Place,Horror,1
U0342,M042,Coco,Animation,5
U0342,M094,Dune,Sci-Fi,1
U0342,M073,The Exorcist,Horror,1
U0342,M017,Forrest Gump,Drama,3
U0342,M028,La La Land,Romance,2
U0342,M007,Titanic,Romance,4
U0342,M083,Monty Python,Comedy,4
U0342,M037,Toy Story,Animation,4
U0342,M008,Get Out,Horror,2
U0342,M096,Annihilation,Sci-Fi,1
U0342,M010,Pride and Prejudice,Romance,3
U0342,M071,Zodiac,Thriller,5
U0342,M078,Schindler's List,Drama,5
U0342,M049,Harry Potter,Fantasy,4
U0342,M012,The Hangover,Comedy,5
U0342,M052,Princess Mononoke,Fantasy,3
U0342,M033,Pitch Perfect,Comedy,3
U0342,M023,The Matrix,Sci-Fi,1
U0342,M031,Whiplash,Drama,4
U0343,M063,Casablanca,Romance,5
U0343,M058,The Terminator,Sci-Fi,2
U0343,M050,The Hobbit,Fantasy,4
U0343,M061,Ex Machina,Sci-Fi,4
U0343,M035,The Big Lebowski,Comedy,1
U0343,M073,The Exorcist,Horror,1
U0343,M077,Us,Horror,5
U0343,M055,Mission Impossible,Action,3
U0343,M012,The Hangover,Comedy,4
U0343,M097,Moon,Sci-Fi,2
U0343,M048,The Lord of the Rings,Fantasy,3
U0344,M068,The Silence of the Lambs,Thriller,5
U0344,M081,Dead Poets Society,Drama,2
U0344,M083,Monty Python,Comedy,5
U0344,M011,A Quiet Place,Horror,4
U0344,M038,Finding Nemo,Animation,5
U0344,M060,Arrival,Sci-Fi,1
U0344,M056,Die Hard,Action,4
U0344,M062,Gravity,Sci-Fi,5
U0344,M039,Up,Animation,4
U0344,M020,John Wick,Action,3
U0344,M017,Forrest Gump,Drama,4
U0344,M088,Black Panther,Action,5
U0344,M032,The Pursuit of Happyness,Drama,2
U0344,M067,The Fault in Our Stars,Romance,5
U0344,M055,Mission Impossible,Action,1
U0344,M073,The Exorcist,Horror,1
U0344,M007,Titanic,Romance,4
U0344,M071,Zodiac,Thriller,3
U0344,M010,Pride and Prejudice,Romance,2
U0344,M006,Avengers: Endgame,Action,4
U0345,M011,A Quiet Place,Horror,4
U0345,M054,Top Gun: Maverick,Action,4
U0345,M091,Thor: Ragnarok,Action,5
U0345,M039,Up,Animation,4
U0345,M041,Spirited Away,Animation,4
U0345,M076,Annihilation,Horror,2
U0346,M024,Knives Out,Thriller,5
U0346,M011,A Quiet Place,Horror,1
U0346,M096,Annihilation,Sci-Fi,1
U0346,M078,Schindler's List,Drama,3
U0346,M034,Joker,Drama,5
U0346,M087,The Mask,Comedy,4
U0346,M014,The Shawshank Redemption,Drama,5
U0346,M056,Die Hard,Action,5
U0346,M069,No Country for Old Men,Thriller,5
U0346,M003,The Notebook,Romance,3
U0346,M001,The Dark Knight,Action,5
U0347,M089,Spider-Man: No Way Home,Action,2
U0347,M087,The Mask,Comedy,2
U0347,M051,Pan's Labyrinth,Fantasy,4
U0347,M039,Up,Animation,5
U0347,M012,The Hangover,Comedy,2
U0347,M017,Forrest Gump,Drama,2
U0347,M018,Superbad,Comedy,3
U0347,M002,Inception,Sci-Fi,4
U0347,M025,It,Horror,2
U0347,M015,Crazy Rich Asians,Romance,4
U0347,M003,The Notebook,Romance,4
U0347,M090,Doctor Strange,Action,1
U0347,M004,Interstellar,Sci-Fi,1
U0347,M027,Gone Girl,Thriller,3
U0347,M062,Gravity,Sci-Fi,2
U0347,M084,Anchorman,Comedy,4
U0348,M061,Ex Machina,Sci-Fi,5
U0348,M003,The Notebook,Romance,3
U0348,M058,The Terminator,Sci-Fi,1
U0348,M075,The Shining,Horror,4
U0348,M032,The Pursuit of Happyness,Drama,5
U0348,M026,Mad Max: Fury Road,Action,4
U0348,M038,Finding Nemo,Animation,5
U0348,M073,The Exorcist,Horror,5
U0348,M051,Pan's Labyrinth,Fantasy,5
U0348,M007,Titanic,Romance,4
U0348,M043,Planet Earth,Documentary,2
U0348,M002,Inception,Sci-Fi,1
U0348,M014,The Shawshank Redemption,Drama,5
U0348,M081,Dead Poets Society,Drama,2
U0348,M092,Iron Man,Action,4
U0348,M056,Die Hard,Action,5
U0348,M054,Top Gun: Maverick,Action,3
U0348,M064,When Harry Met Sally,Romance,5
U0348,M095,The Martian,Sci-Fi,1
U0348,M077,Us,Horror,3
U0349,M061,Ex Machina,Sci-Fi,5
U0349,M015,Crazy Rich Asians,Romance,3
U0349,M064,When Harry Met Sally,Romance,5
U0349,M080,Good Will Hunting,Drama,5
U0349,M083,Monty Python,Comedy,2
U0349,M045,13th,Documentary,3
U0349,M058,The Terminator,Sci-Fi,4
U0349,M090,Doctor Strange,Action,4
U0349,M056,Die Hard,Action,3
U0349,M003,The Notebook,Romance,4
U0349,M021,Bridesmaids,Comedy,2
U0349,M037,Toy Story,Animation,5
U0349,M093,Everything Everywhere All at Once,Sci-Fi,2
U0349,M025,It,Horror,3
U0349,M057,Speed,Action,1
U0349,M030,The Wolf of Wall Street,Drama,5
U0349,M065,Eternal Sunshine,Romance,2
U0349,M029,Blade Runner 2049,Sci-Fi,2
U0350,M021,Bridesmaids,Comedy,1
U0350,M078,Schindler's List,Drama,4
U0350,M063,Casablanca,Romance,3
U0350,M013,Parasite,Thriller,4
U0350,M054,Top Gun: Maverick,Action,2
U0350,M064,When Harry Met Sally,Romance,2
U0350,M039,Up,Animation,5
U0350,M031,Whiplash,Drama,2
U0350,M027,Gone Girl,Thriller,2
U0350,M072,Nightcrawler,Thriller,4
U0350,M007,Titanic,Romance,4
U0351,M080,Good Will Hunting,Drama,4
U0351,M030,The Wolf of Wall Street,Drama,2
U0351,M016,Hereditary,Horror,5
U0351,M072,Nightcrawler,Thriller,4
U0351,M029,Blade Runner 2049,Sci-Fi,2
U0351,M063,Casablanca,Romance,5
U0351,M034,Joker,Drama,5
U0351,M044,Free Solo,Documentary,1
U0352,M057,Speed,Action,5
U0352,M059,2001: A Space Odyssey,Sci-Fi,1
U0352,M097,Moon,Sci-Fi,5
U0352,M015,Crazy Rich Asians,Romance,1
U0352,M014,The Shawshank Redemption,Drama,5
U0352,M079,12 Angry Men,Drama,2
U0353,M081,Dead Poets Society,Drama,5
U0353,M016,Hereditary,Horror,4
U0353,M027,Gone Girl,Thriller,2
U0353,M047,Jiro Dreams of Sushi,Documentary,2
U0353,M021,Bridesmaids,Comedy,3
U0353,M094,Dune,Sci-Fi,3
U0353,M038,Finding Nemo,Animation,4
U0353,M091,Thor: Ragnarok,Action,1
U0353,M057,Speed,Action,2
U0353,M098,The Menu,Thriller,5
U0354,M099,Barbarian,Horror,5
U0354,M001,The Dark Knight,Action,4
U0354,M032,The Pursuit of Happyness,Drama,3
U0354,M061,Ex Machina,Sci-Fi,2
U0354,M044,Free Solo,Documentary,4
U0354,M037,Toy Story,Animation,5
U0354,M065,Eternal Sunshine,Romance,4
U0354,M022,Midsommar,Horror,4
U0354,M011,A Quiet Place,Horror,5
U0354,M035,The Big Lebowski,Comedy,3
U0354,M048,The Lord of the Rings,Fantasy,2
U0354,M092,Iron Man,Action,4
U0354,M097,Moon,Sci-Fi,2
U0354,M054,Top Gun: Maverick,Action,1
U0354,M047,Jiro Dreams of Sushi,Documentary,5
U0354,M081,Dead Poets Society,Drama,2
U0354,M086,Airplane!,Comedy,1
U0354,M020,John Wick,Action,3
U0355,M052,Princess Mononoke,Fantasy,4
U0355,M099,Barbarian,Horror,4
U0355,M022,Midsommar,Horror,4
U0355,M056,Die Hard,Action,5
U0355,M008,Get Out,Horror,3
U0355,M051,Pan's Labyrinth,Fantasy,4
U0355,M098,The Menu,Thriller,4
U0355,M005,The Conjuring,Horror,1
U0355,M085,Step Brothers,Comedy,3
U0355,M083,Monty Python,Comedy,5
U0355,M020,John Wick,Action,5
U0355,M074,Rosemary's Baby,Horror,2
U0355,M081,Dead Poets Society,Drama,5
U0355,M092,Iron Man,Action,4
U0355,M067,The Fault in Our Stars,Romance,2
U0356,M090,Doctor Strange,Action,1
U0356,M045,13th,Documentary,5
U0356,M084,Anchorman,Comedy,5
U0356,M052,Princess Mononoke,Fantasy,4
U0356,M100,Nope,Horror,5
U0356,M026,Mad Max: Fury Road,Action,3
U0356,M039,Up,Animation,4
U0356,M011,A Quiet Place,Horror,1
U0356,M005,The Conjuring,Horror,1
U0356,M069,No Country for Old Men,Thriller,5
U0356,M043,Planet Earth,Documentary,5
U0356,M050,The Hobbit,Fantasy,4
U0356,M093,Everything Everywhere All at Once,Sci-Fi,2
U0356,M095,The Martian,Sci-Fi,3
U0356,M017,Forrest Gump,Drama,5
U0356,M067,The Fault in Our Stars,Romance,5
U0356,M070,Prisoners,Thriller,2
U0356,M037,Toy Story,Animation,3
U0356,M028,La La Land,Romance,3
U0357,M081,Dead Poets Society,Drama,4
U0357,M065,Eternal Sunshine,Romance,2
U0357,M046,The Act of Killing,Documentary,5
U0357,M016,Hereditary,Horror,5
U0357,M007,Titanic,Romance,5
U0357,M097,Moon,Sci-Fi,5
U0357,M084,Anchorman,Comedy,2
U0357,M058,The Terminator,Sci-Fi,3
U0357,M039,Up,Animation,4
U0357,M074,Rosemary's Baby,Horror,3
U0357,M095,The Martian,Sci-Fi,5
U0357,M001,The Dark Knight,Action,2
U0357,M059,2001: A Space Odyssey,Sci-Fi,4
U0358,M014,The Shawshank Redemption,Drama,5
U0358,M042,Coco,Animation,3
U0358,M067,The Fault in Our Stars,Romance,1
U0358,M075,The Shining,Horror,1
U0358,M025,It,Horror,4
U0358,M100,Nope,Horror,2
U0358,M047,Jiro Dreams of Sushi,Documentary,4
U0358,M059,2001: A Space Odyssey,Sci-Fi,2
U0358,M013,Parasite,Thriller,5
U0358,M019,Alien,Sci-Fi,1
U0358,M092,Iron Man,Action,3
U0358,M055,Mission Impossible,Action,5
U0359,M076,Annihilation,Horror,5
U0359,M072,Nightcrawler,Thriller,3
U0359,M067,The Fault in Our Stars,Romance,4
U0359,M100,Nope,Horror,4
U0359,M051,Pan's Labyrinth,Fantasy,3
U0359,M034,Joker,Drama,5
U0359,M075,The Shining,Horror,5
U0359,M064,When Harry Met Sally,Romance,1
U0359,M082,A Beautiful Mind,Drama,3
U0359,M055,Mission Impossible,Action,4
U0359,M057,Speed,Action,4
U0359,M089,Spider-Man: No Way Home,Action,1
U0359,M063,Casablanca,Romance,2
U0359,M094,Dune,Sci-Fi,5
U0359,M054,Top Gun: Maverick,Action,3
U0359,M021,Bridesmaids,Comedy,1
U0359,M019,Alien,Sci-Fi,5
U0360,M015,Crazy Rich Asians,Romance,2
U0360,M016,Hereditary,Horror,4
U0360,M048,The Lord of the Rings,Fantasy,2
U0360,M074,Rosemary's Baby,Horror,1
U0360,M038,Finding Nemo,Animation,5
U0360,M006,Avengers: Endgame,Action,3
U0360,M067,The Fault in Our Stars,Romance,1
U0360,M020,John Wick,Action,1
U0360,M040,WALL-E,Animation,5
U0360,M039,Up,Animation,5
U0360,M063,Casablanca,Romance,5
U0360,M004,Interstellar,Sci-Fi,3
U0360,M019,Alien,Sci-Fi,5
U0360,M076,Annihilation,Horror,4
U0360,M054,Top Gun: Maverick,Action,3
U0360,M007,Titanic,Romance,4
U0360,M037,Toy Story,Animation,5
U0360,M028,La La Land,Romance,5
U0361,M098,The Menu,Thriller,4
U0361,M018,Superbad,Comedy,1
U0361,M065,Eternal Sunshine,Romance,5
U0361,M082,A Beautiful Mind,Drama,5
U0361,M059,2001: A Space Odyssey,Sci-Fi,4
U0361,M058,The Terminator,Sci-Fi,4
U0361,M086,Airplane!,Comedy,2
U0361,M020,John Wick,Action,4
U0361,M094,Dune,Sci-Fi,3
U0362,M086,Airplane!,Comedy,2
U0362,M057,Speed,Action,1
U0362,M095,The Martian,Sci-Fi,5
U0362,M036,Se7en,Thriller,4
U0362,M083,Monty Python,Comedy,5
U0362,M012,The Hangover,Comedy,1
U0363,M025,It,Horror,5
U0363,M080,Good Will Hunting,Drama,3
U0363,M070,Prisoners,Thriller,5
U0363,M074,Rosemary's Baby,Horror,5
U0363,M097,Moon,Sci-Fi,1
U0363,M007,Titanic,Romance,1
U0363,M073,The Exorcist,Horror,5
U0364,M003,The Notebook,Romance,3
U0364,M036,Se7en,Thriller,5
U0364,M027,Gone Girl,Thriller,5
U0364,M032,The Pursuit of Happyness,Drama,2
U0364,M091,Thor: Ragnarok,Action,4
U0364,M075,The Shining,Horror,1
U0364,M057,Speed,Action,3
U0364,M011,A Quiet Place,Horror,4
U0364,M069,No Country for Old Men,Thriller,3
U0364,M078,Schindler's List,Drama,5
U0365,M068,The Silence of the Lambs,Thriller,2
U0365,M041,Spirited Away,Animation,3
U0365,M049,Harry Potter,Fantasy,5
U0365,M033,Pitch Perfect,Comedy,2
U0365,M012,The Hangover,Comedy,3
U0366,M024,Knives Out,Thriller,2
U0366,M033,Pitch Perfect,Comedy,5
U0366,M099,Barbarian,Horror,3
U0366,M012,The Hangover,Comedy,2
U0366,M020,John Wick,Action,1
U0366,M040,WALL-E,Animation,3
U0366,M053,Gladiator,Action,3
U0366,M087,The Mask,Comedy,4
U0366,M022,Midsommar,Horror,1
U0367,M019,Alien,Sci-Fi,4
U0367,M053,Gladiator,Action,1
U0367,M042,Coco,Animation,4
U0367,M034,Joker,Drama,2
U0367,M049,Harry Potter,Fantasy,4
U0367,M016,Hereditary,Horror,4
U0367,M007,Titanic,Romance,5
U0367,M026,Mad Max: Fury Road,Action,4
U0367,M031,Whiplash,Drama,2
U0367,M097,Moon,Sci-Fi,4
U0367,M077,Us,Horror,1
U0367,M076,Annihilation,Horror,4
U0367,M064,When Harry Met Sally,Romance,2
U0367,M066,Before Sunrise,Romance,1
U0367,M065,Eternal Sunshine,Romance,3
U0368,M032,The Pursuit of Happyness,Drama,5
U0368,M098,The Menu,Thriller,2
U0368,M072,Nightcrawler,Thriller,5
U0368,M084,Anchorman,Comedy,2
U0368,M017,Forrest Gump,Drama,3
U0368,M039,Up,Animation,4
U0368,M073,The Exorcist,Horror,5
U0368,M053,Gladiator,Action,2
U0369,M069,No Country for Old Men,Thriller,5
U0369,M055,Mission Impossible,Action,3
U0369,M072,Nightcrawler,Thriller,5
U0369,M058,The Terminator,Sci-Fi,3
U0369,M006,Avengers: Endgame,Action,4
U0369,M001,The Dark Knight,Action,3
U0369,M060,Arrival,Sci-Fi,2
U0369,M080,Good Will Hunting,Drama,5
U0369,M038,Finding Nemo,Animation,5
U0369,M084,Anchorman,Comedy,3
U0369,M022,Midsommar,Horror,1
U0369,M008,Get Out,Horror,2
U0370,M039,Up,Animation,5
U0370,M012,The Hangover,Comedy,3
U0370,M051,Pan's Labyrinth,Fantasy,4
U0370,M090,Doctor Strange,Action,2
U0370,M016,Hereditary,Horror,5
U0370,M018,Superbad,Comedy,5
U0370,M093,Everything Everywhere All at Once,Sci-Fi,3
U0371,M082,A Beautiful Mind,Drama,3
U0371,M034,Joker,Drama,2
U0371,M097,Moon,Sci-Fi,5
U0371,M091,Thor: Ragnarok,Action,4
U0371,M058,The Terminator,Sci-Fi,1
U0371,M035,The Big Lebowski,Comedy,1
U0371,M032,The Pursuit of Happyness,Drama,3
U0371,M085,Step Brothers,Comedy,4
U0371,M042,Coco,Animation,5
U0371,M044,Free Solo,Documentary,4
U0371,M027,Gone Girl,Thriller,5
U0371,M059,2001: A Space Odyssey,Sci-Fi,5
U0371,M077,Us,Horror,1
U0371,M043,Planet Earth,Documentary,1
U0371,M003,The Notebook,Romance,5
U0372,M086,Airplane!,Comedy,4
U0372,M057,Speed,Action,5
U0372,M087,The Mask,Comedy,3
U0372,M016,Hereditary,Horror,4
U0372,M046,The Act of Killing,Documentary,2
U0373,M016,Hereditary,Horror,1
U0373,M060,Arrival,Sci-Fi,2
U0373,M048,The Lord of the Rings,Fantasy,2
U0373,M025,It,Horror,3
U0373,M057,Speed,Action,3
U0374,M012,The Hangover,Comedy,4
U0374,M079,12 Angry Men,Drama,5
U0374,M081,Dead Poets Society,Drama,3
U0374,M039,Up,Animation,3
U0374,M092,Iron Man,Action,2
U0374,M029,Blade Runner 2049,Sci-Fi,4
U0374,M030,The Wolf of Wall Street,Drama,2
U0374,M064,When Harry Met Sally,Romance,3
U0374,M047,Jiro Dreams of Sushi,Documentary,5
U0374,M005,The Conjuring,Horror,5
U0374,M036,Se7en,Thriller,5
U0375,M071,Zodiac,Thriller,5
U0375,M025,It,Horror,2
U0375,M085,Step Brothers,Comedy,1
U0375,M095,The Martian,Sci-Fi,2
U0375,M073,The Exorcist,Horror,3
U0375,M087,The Mask,Comedy,5
U0375,M088,Black Panther,Action,2
U0375,M078,Schindler's List,Drama,5
U0375,M023,The Matrix,Sci-Fi,3
U0375,M009,The Grand Budapest Hotel,Comedy,2
U0376,M089,Spider-Man: No Way Home,Action,5
U0376,M087,The Mask,Comedy,4
U0376,M069,No Country for Old Men,Thriller,2
U0376,M079,12 Angry Men,Drama,5
U0376,M033,Pitch Perfect,Comedy,1
U0377,M056,Die Hard,Action,5
U0377,M053,Gladiator,Action,4
U0377,M036,Se7en,Thriller,4
U0377,M016,Hereditary,Horror,1
U0377,M088,Black Panther,Action,4
U0377,M067,The Fault in Our Stars,Romance,2
U0377,M060,Arrival,Sci-Fi,3
U0377,M064,When Harry Met Sally,Romance,1
U0377,M047,Jiro Dreams of Sushi,Documentary,5
U0377,M098,The Menu,Thriller,2
U0377,M006,Avengers: Endgame,Action,2
U0377,M093,Everything Everywhere All at Once,Sci-Fi,4
U0377,M029,Blade Runner 2049,Sci-Fi,1
U0377,M007,Titanic,Romance,2
U0377,M054,Top Gun: Maverick,Action,2
U0378,M043,Planet Earth,Documentary,2
U0378,M040,WALL-E,Animation,3
U0378,M009,The Grand Budapest Hotel,Comedy,4
U0378,M081,Dead Poets Society,Drama,3
U0378,M013,Parasite,Thriller,4
U0378,M004,Interstellar,Sci-Fi,1
U0378,M062,Gravity,Sci-Fi,3
U0378,M056,Die Hard,Action,5
U0378,M076,Annihilation,Horror,2
U0378,M033,Pitch Perfect,Comedy,1
U0379,M098,The Menu,Thriller,2
U0379,M013,Parasite,Thriller,5
U0379,M081,Dead Poets Society,Drama,2
U0379,M058,The Terminator,Sci-Fi,3
U0379,M075,The Shining,Horror,4
U0379,M016,Hereditary,Horror,4
U0379,M011,A Quiet Place,Horror,1
U0379,M008,Get Out,Horror,5
U0379,M005,The Conjuring,Horror,4
U0379,M049,Harry Potter,Fantasy,3
U0379,M041,Spirited Away,Animation,5
U0379,M089,Spider-Man: No Way Home,Action,5
U0379,M009,The Grand Budapest Hotel,Comedy,1
U0379,M017,Forrest Gump,Drama,5
U0379,M057,Speed,Action,4
U0379,M039,Up,Animation,5
U0379,M079,12 Angry Men,Drama,5
U0379,M056,Die Hard,Action,5
U0379,M014,The Shawshank Redemption,Drama,5
U0380,M044,Free Solo,Documentary,2
U0380,M084,Anchorman,Comedy,1
U0380,M087,The Mask,Comedy,1
U0380,M004,Interstellar,Sci-Fi,1
U0380,M059,2001: A Space Odyssey,Sci-Fi,5
U0380,M067,The Fault in Our Stars,Romance,1
U0380,M043,Planet Earth,Documentary,5
U0380,M076,Annihilation,Horror,2
U0381,M082,A Beautiful Mind,Drama,3
U0381,M066,Before Sunrise,Romance,2
U0381,M033,Pitch Perfect,Comedy,2
U0381,M046,The Act of Killing,Documentary,1
U0381,M054,Top Gun: Maverick,Action,1
U0381,M062,Gravity,Sci-Fi,2
U0381,M093,Everything Everywhere All at Once,Sci-Fi,3
U0381,M080,Good Will Hunting,Drama,5
U0381,M057,Speed,Action,4
U0382,M040,WALL-E,Animation,4
U0382,M075,The Shining,Horror,5
U0382,M070,Prisoners,Thriller,5
U0382,M100,Nope,Horror,1
U0382,M019,Alien,Sci-Fi,4
U0382,M061,Ex Machina,Sci-Fi,3
U0382,M078,Schindler's List,Drama,3
U0382,M044,Free Solo,Documentary,2
U0382,M038,Finding Nemo,Animation,4
U0382,M048,The Lord of the Rings,Fantasy,2
U0382,M002,Inception,Sci-Fi,3
U0382,M067,The Fault in Our Stars,Romance,2
U0382,M076,Annihilation,Horror,4
U0382,M085,Step Brothers,Comedy,4
U0382,M087,The Mask,Comedy,5
U0382,M008,Get Out,Horror,3
U0383,M079,12 Angry Men,Drama,5
U0383,M039,Up,Animation,4
U0383,M054,Top Gun: Maverick,Action,2
U0383,M043,Planet Earth,Documentary,4
U0383,M021,Bridesmaids,Comedy,3
U0383,M014,The Shawshank Redemption,Drama,5
U0383,M059,2001: A Space Odyssey,Sci-Fi,2
U0383,M006,Avengers: Endgame,Action,4
U0383,M064,When Harry Met Sally,Romance,2
U0383,M029,Blade Runner 2049,Sci-Fi,1
U0383,M001,The Dark Knight,Action,3
U0383,M082,A Beautiful Mind,Drama,2
U0383,M089,Spider-Man: No Way Home,Action,1
U0383,M030,The Wolf of Wall Street,Drama,4
U0383,M060,Arrival,Sci-Fi,1
U0384,M019,Alien,Sci-Fi,1
U0384,M038,Finding Nemo,Animation,3
U0384,M057,Speed,Action,2
U0384,M025,It,Horror,2
U0384,M081,Dead Poets Society,Drama,4
U0384,M075,The Shining,Horror,2
U0384,M098,The Menu,Thriller,3
U0384,M047,Jiro Dreams of Sushi,Documentary,3
U0385,M044,Free Solo,Documentary,4
U0385,M071,Zodiac,Thriller,2
U0385,M032,The Pursuit of Happyness,Drama,4
U0385,M023,The Matrix,Sci-Fi,2
U0385,M026,Mad Max: Fury Road,Action,3
U0385,M003,The Notebook,Romance,4
U0385,M034,Joker,Drama,3
U0385,M013,Parasite,Thriller,4
U0385,M087,The Mask,Comedy,3
U0385,M018,Superbad,Comedy,2
U0386,M092,Iron Man,Action,5
U0386,M009,The Grand Budapest Hotel,Comedy,2
U0386,M016,Hereditary,Horror,5
U0386,M019,Alien,Sci-Fi,3
U0386,M017,Forrest Gump,Drama,3
U0386,M025,It,Horror,3
U0386,M069,No Country for Old Men,Thriller,3
U0386,M049,Harry Potter,Fantasy,2
U0386,M089,Spider-Man: No Way Home,Action,3
U0386,M048,The Lord of the Rings,Fantasy,3
U0386,M041,Spirited Away,Animation,5
U0386,M077,Us,Horror,5
U0386,M055,Mission Impossible,Action,4
U0386,M082,A Beautiful Mind,Drama,3
U0386,M032,The Pursuit of Happyness,Drama,2
U0386,M006,Avengers: Endgame,Action,4
U0386,M098,The Menu,Thriller,5
U0386,M079,12 Angry Men,Drama,2
U0387,M066,Before Sunrise,Romance,3
U0387,M050,The Hobbit,Fantasy,5
U0387,M097,Moon,Sci-Fi,4
U0387,M083,Monty Python,Comedy,4
U0387,M048,The Lord of the Rings,Fantasy,4
U0387,M064,When Harry Met Sally,Romance,3
U0387,M067,The Fault in Our Stars,Romance,5
U0387,M060,Arrival,Sci-Fi,4
U0387,M023,The Matrix,Sci-Fi,5
U0387,M042,Coco,Animation,3
U0388,M029,Blade Runner 2049,Sci-Fi,3
U0388,M026,Mad Max: Fury Road,Action,3
U0388,M058,The Terminator,Sci-Fi,5
U0388,M031,Whiplash,Drama,2
U0388,M051,Pan's Labyrinth,Fantasy,3
U0388,M028,La La Land,Romance,1
U0388,M040,WALL-E,Animation,4
U0388,M055,Mission Impossible,Action,4
U0388,M049,Harry Potter,Fantasy,5
U0388,M074,Rosemary's Baby,Horror,3
U0388,M021,Bridesmaids,Comedy,2
U0389,M060,Arrival,Sci-Fi,4
U0389,M066,Before Sunrise,Romance,4
U0389,M080,Good Will Hunting,Drama,5
U0389,M044,Free Solo,Documentary,3
U0389,M055,Mission Impossible,Action,4
U0389,M058,The Terminator,Sci-Fi,3
U0390,M049,Harry Potter,Fantasy,5
U0390,M004,Interstellar,Sci-Fi,1
U0390,M023,The Matrix,Sci-Fi,3
U0390,M057,Speed,Action,2
U0390,M030,The Wolf of Wall Street,Drama,2
U0390,M034,Joker,Drama,2
U0390,M083,Monty Python,Comedy,1
U0390,M010,Pride and Prejudice,Romance,3
U0390,M046,The Act of Killing,Documentary,1
U0390,M011,A Quiet Place,Horror,5
U0390,M038,Finding Nemo,Animation,4
U0390,M065,Eternal Sunshine,Romance,3
U0390,M066,Before Sunrise,Romance,2
U0391,M033,Pitch Perfect,Comedy,1
U0391,M039,Up,Animation,4
U0391,M096,Annihilation,Sci-Fi,3
U0391,M099,Barbarian,Horror,3
U0391,M088,Black Panther,Action,4
U0391,M036,Se7en,Thriller,5
U0391,M025,It,Horror,5
U0391,M091,Thor: Ragnarok,Action,1
U0391,M078,Schindler's List,Drama,5
U0391,M018,Superbad,Comedy,5
U0391,M097,Moon,Sci-Fi,2
U0391,M092,Iron Man,Action,4
U0391,M095,The Martian,Sci-Fi,2
U0391,M070,Prisoners,Thriller,3
U0391,M034,Joker,Drama,3
U0392,M030,The Wolf of Wall Street,Drama,4
U0392,M067,The Fault in Our Stars,Romance,2
U0392,M076,Annihilation,Horror,5
U0392,M071,Zodiac,Thriller,3
U0392,M097,Moon,Sci-Fi,3
U0392,M060,Arrival,Sci-Fi,1
U0392,M093,Everything Everywhere All at Once,Sci-Fi,4
U0392,M044,Free Solo,Documentary,3
U0392,M011,A Quiet Place,Horror,3
U0392,M041,Spirited Away,Animation,4
U0392,M025,It,Horror,4
U0392,M055,Mission Impossible,Action,4
U0392,M099,Barbarian,Horror,4
U0392,M090,Doctor Strange,Action,5
U0392,M054,Top Gun: Maverick,Action,3
U0392,M027,Gone Girl,Thriller,4
U0392,M057,Speed,Action,5
U0392,M058,The Terminator,Sci-Fi,1
U0392,M072,Nightcrawler,Thriller,5
U0392,M004,Interstellar,Sci-Fi,1
U0393,M020,John Wick,Action,4
U0393,M043,Planet Earth,Documentary,1
U0393,M073,The Exorcist,Horror,5
U0393,M081,Dead Poets Society,Drama,5
U0393,M078,Schindler's List,Drama,3
U0393,M074,Rosemary's Baby,Horror,4
U0393,M051,Pan's Labyrinth,Fantasy,2
U0393,M049,Harry Potter,Fantasy,4
U0393,M027,Gone Girl,Thriller,5
U0394,M082,A Beautiful Mind,Drama,3
U0394,M039,Up,Animation,4
U0394,M012,The Hangover,Comedy,5
U0394,M022,Midsommar,Horror,1
U0394,M014,The Shawshank Redemption,Drama,5
U0394,M087,The Mask,Comedy,1
U0394,M071,Zodiac,Thriller,4
U0394,M023,The Matrix,Sci-Fi,5
U0394,M005,The Conjuring,Horror,1
U0394,M089,Spider-Man: No Way Home,Action,2
U0394,M078,Schindler's List,Drama,4
U0394,M063,Casablanca,Romance,4
U0394,M004,Interstellar,Sci-Fi,4
U0394,M024,Knives Out,Thriller,3
U0394,M026,Mad Max: Fury Road,Action,1
U0394,M009,The Grand Budapest Hotel,Comedy,2
U0394,M050,The Hobbit,Fantasy,5
U0394,M037,Toy Story,Animation,5
U0394,M027,Gone Girl,Thriller,5
U0395,M050,The Hobbit,Fantasy,4
U0395,M027,Gone Girl,Thriller,3
U0395,M017,Forrest Gump,Drama,5
U0395,M040,WALL-E,Animation,5
U0395,M056,Die Hard,Action,3
U0395,M091,Thor: Ragnarok,Action,5
U0395,M086,Airplane!,Comedy,2
U0396,M036,Se7en,Thriller,4
U0396,M026,Mad Max: Fury Road,Action,4
U0396,M001,The Dark Knight,Action,3
U0396,M019,Alien,Sci-Fi,3
U0396,M058,The Terminator,Sci-Fi,4
U0396,M009,The Grand Budapest Hotel,Comedy,5
U0396,M052,Princess Mononoke,Fantasy,3
U0396,M078,Schindler's List,Drama,5
U0396,M032,The Pursuit of Happyness,Drama,3
U0396,M068,The Silence of the Lambs,Thriller,3
U0396,M043,Planet Earth,Documentary,5
U0396,M073,The Exorcist,Horror,4
U0396,M063,Casablanca,Romance,4
U0396,M059,2001: A Space Odyssey,Sci-Fi,4
U0396,M060,Arrival,Sci-Fi,2
U0396,M074,Rosemary's Baby,Horror,5
U0396,M006,Avengers: Endgame,Action,1
U0396,M095,The Martian,Sci-Fi,4
U0396,M012,The Hangover,Comedy,1
U0397,M021,Bridesmaids,Comedy,5
U0397,M036,Se7en,Thriller,2
U0397,M081,Dead Poets Society,Drama,4
U0397,M069,No Country for Old Men,Thriller,2
U0397,M038,Finding Nemo,Animation,3
U0397,M086,Airplane!,Comedy,5
U0397,M009,The Grand Budapest Hotel,Comedy,3
U0397,M090,Doctor Strange,Action,4
U0397,M093,Everything Everywhere All at Once,Sci-Fi,4
U0397,M028,La La Land,Romance,2
U0397,M064,When Harry Met Sally,Romance,3
U0397,M053,Gladiator,Action,2
U0398,M060,Arrival,Sci-Fi,4
U0398,M004,Interstellar,Sci-Fi,4
U0398,M010,Pride and Prejudice,Romance,3
U0398,M082,A Beautiful Mind,Drama,5
U0398,M089,Spider-Man: No Way Home,Action,2
U0398,M087,The Mask,Comedy,4
U0399,M002,Inception,Sci-Fi,4
U0399,M033,Pitch Perfect,Comedy,4
U0399,M015,Crazy Rich Asians,Romance,4
U0399,M091,Thor: Ragnarok,Action,1
U0399,M018,Superbad,Comedy,1
U0399,M042,Coco,Animation,5
U0400,M092,Iron Man,Action,1
U0400,M057,Speed,Action,5
U0400,M018,Superbad,Comedy,4
U0400,M061,Ex Machina,Sci-Fi,2
U0400,M036,Se7en,Thriller,2
U0400,M021,Bridesmaids,Comedy,1
U0400,M022,Midsommar,Horror,3
U0400,M003,The Notebook,Romance,2
U0400,M078,Schindler's List,Drama,5
U0400,M013,Parasite,Thriller,4
U0400,M023,The Matrix,Sci-Fi,2
U0400,M038,Finding Nemo,Animation,4
U0401,M087,The Mask,Comedy,5
U0401,M069,No Country for Old Men,Thriller,2
U0401,M028,La La Land,Romance,4
U0401,M057,Speed,Action,3
U0401,M090,Doctor Strange,Action,4
U0401,M007,Titanic,Romance,1
U0402,M007,Titanic,Romance,3
U0402,M099,Barbarian,Horror,2
U0402,M049,Harry Potter,Fantasy,3
U0402,M026,Mad Max: Fury Road,Action,1
U0402,M032,The Pursuit of Happyness,Drama,2
U0403,M004,Interstellar,Sci-Fi,2
U0403,M002,Inception,Sci-Fi,5
U0403,M044,Free Solo,Documentary,2
U0403,M025,It,Horror,5
U0403,M088,Black Panther,Action,4
U0403,M086,Airplane!,Comedy,4
U0403,M009,The Grand Budapest Hotel,Comedy,1
U0403,M029,Blade Runner 2049,Sci-Fi,2
U0403,M013,Parasite,Thriller,3
U0403,M022,Midsommar,Horror,1
U0403,M093,Everything Everywhere All at Once,Sci-Fi,3
U0403,M006,Avengers: Endgame,Action,3
U0403,M054,Top Gun: Maverick,Action,2
U0403,M066,Before Sunrise,Romance,1
U0403,M014,The Shawshank Redemption,Drama,5
U0403,M042,Coco,Animation,4
U0403,M072,Nightcrawler,Thriller,2
U0403,M081,Dead Poets Society,Drama,5
U0404,M059,2001: A Space Odyssey,Sci-Fi,3
U0404,M029,Blade Runner 2049,Sci-Fi,5
U0404,M009,The Grand Budapest Hotel,Comedy,4
U0404,M085,Step Brothers,Comedy,1
U0404,M036,Se7en,Thriller,5
U0404,M084,Anchorman,Comedy,5
U0404,M080,Good Will Hunting,Drama,3
U0404,M048,The Lord of the Rings,Fantasy,4
U0404,M006,Avengers: Endgame,Action,1
U0404,M028,La La Land,Romance,5
U0404,M053,Gladiator,Action,3
U0405,M087,The Mask,Comedy,5
U0405,M099,Barbarian,Horror,2
U0405,M089,Spider-Man: No Way Home,Action,5
U0405,M018,Superbad,Comedy,5
U0405,M043,Planet Earth,Documentary,1
U0405,M023,The Matrix,Sci-Fi,2
U0405,M082,A Beautiful Mind,Drama,2
U0405,M098,The Menu,Thriller,5
U0405,M041,Spirited Away,Animation,3
U0405,M086,Airplane!,Comedy,3
U0405,M062,Gravity,Sci-Fi,2
U0405,M009,The Grand Budapest Hotel,Comedy,4
U0405,M003,The Notebook,Romance,2
U0405,M078,Schindler's List,Drama,5
U0405,M075,The Shining,Horror,1
U0405,M058,The Terminator,Sci-Fi,1
U0405,M049,Harry Potter,Fantasy,3
U0406,M064,When Harry Met Sally,Romance,3
U0406,M038,Finding Nemo,Animation,3
U0406,M026,Mad Max: Fury Road,Action,5
U0406,M020,John Wick,Action,4
U0406,M049,Harry Potter,Fantasy,4
U0406,M027,Gone Girl,Thriller,2
U0406,M083,Monty Python,Comedy,2
U0406,M005,The Conjuring,Horror,3
U0406,M031,Whiplash,Drama,4
U0406,M093,Everything Everywhere All at Once,Sci-Fi,2
U0406,M077,Us,Horror,2
U0406,M057,Speed,Action,5
U0406,M095,The Martian,Sci-Fi,1
U0406,M043,Planet Earth,Documentary,2
U0406,M018,Superbad,Comedy,2
U0406,M036,Se7en,Thriller,5
U0407,M067,The Fault in Our Stars,Romance,5
U0407,M042,Coco,Animation,4
U0407,M024,Knives Out,Thriller,3
U0407,M057,Speed,Action,5
U0407,M081,Dead Poets Society,Drama,2
U0407,M001,The Dark Knight,Action,4
U0407,M009,The Grand Budapest Hotel,Comedy,4
U0407,M063,Casablanca,Romance,3
U0407,M025,It,Horror,2
U0407,M007,Titanic,Romance,2
U0407,M082,A Beautiful Mind,Drama,3
U0407,M019,Alien,Sci-Fi,4
U0407,M027,Gone Girl,Thriller,3
U0407,M017,Forrest Gump,Drama,5
U0407,M012,The Hangover,Comedy,2
U0407,M023,The Matrix,Sci-Fi,3
U0407,M076,Annihilation,Horror,3
U0408,M082,A Beautiful Mind,Drama,5
U0408,M026,Mad Max: Fury Road,Action,4
U0408,M035,The Big Lebowski,Comedy,1
U0408,M062,Gravity,Sci-Fi,3
U0408,M011,A Quiet Place,Horror,5
U0408,M047,Jiro Dreams of Sushi,Documentary,5
U0408,M051,Pan's Labyrinth,Fantasy,3
U0408,M049,Harry Potter,Fantasy,5
U0408,M022,Midsommar,Horror,2
U0408,M061,Ex Machina,Sci-Fi,3
U0408,M057,Speed,Action,4
U0408,M055,Mission Impossible,Action,4
U0408,M065,Eternal Sunshine,Romance,3
U0408,M079,12 Angry Men,Drama,5
U0408,M095,The Martian,Sci-Fi,3
U0408,M056,Die Hard,Action,4
U0408,M098,The Menu,Thriller,5
U0408,M020,John Wick,Action,5
U0408,M003,The Notebook,Romance,4
U0409,M043,Planet Earth,Documentary,1
U0409,M018,Superbad,Comedy,1
U0409,M092,Iron Man,Action,5
U0409,M061,Ex Machina,Sci-Fi,3
U0409,M026,Mad Max: Fury Road,Action,4
U0409,M020,John Wick,Action,4
U0409,M025,It,Horror,4
U0410,M096,Annihilation,Sci-Fi,3
U0410,M048,The Lord of the Rings,Fantasy,5
U0410,M050,The Hobbit,Fantasy,4
U0410,M063,Casablanca,Romance,3
U0410,M040,WALL-E,Animation,3
U0410,M083,Monty Python,Comedy,4
U0410,M076,Annihilation,Horror,4
U0410,M010,Pride and Prejudice,Romance,2
U0410,M053,Gladiator,Action,2
U0410,M005,The Conjuring,Horror,4
U0410,M016,Hereditary,Horror,1
U0410,M073,The Exorcist,Horror,3
U0410,M021,Bridesmaids,Comedy,1
U0410,M025,It,Horror,2
U0410,M098,The Menu,Thriller,4
U0410,M056,Die Hard,Action,5
U0410,M033,Pitch Perfect,Comedy,4
U0411,M033,Pitch Perfect,Comedy,1
U0411,M032,The Pursuit of Happyness,Drama,5
U0411,M078,Schindler's List,Drama,5
U0411,M075,The Shining,Horror,5
U0411,M085,Step Brothers,Comedy,1
U0411,M021,Bridesmaids,Comedy,5
U0411,M002,Inception,Sci-Fi,2
U0411,M015,Crazy Rich Asians,Romance,4
U0411,M099,Barbarian,Horror,2
U0412,M033,Pitch Perfect,Comedy,2
U0412,M089,Spider-Man: No Way Home,Action,3
U0412,M039,Up,Animation,4
U0412,M065,Eternal Sunshine,Romance,4
U0412,M069,No Country for Old Men,Thriller,4
U0412,M085,Step Brothers,Comedy,1
U0412,M049,Harry Potter,Fantasy,3
U0412,M076,Annihilation,Horror,4
U0412,M040,WALL-E,Animation,3
U0412,M094,Dune,Sci-Fi,1
U0412,M053,Gladiator,Action,1
U0412,M097,Moon,Sci-Fi,4
U0412,M012,The Hangover,Comedy,5
U0412,M014,The Shawshank Redemption,Drama,5
U0412,M082,A Beautiful Mind,Drama,4
U0412,M074,Rosemary's Baby,Horror,4
U0412,M100,Nope,Horror,2
U0412,M045,13th,Documentary,2
U0413,M024,Knives Out,Thriller,5
U0413,M091,Thor: Ragnarok,Action,5
U0413,M018,Superbad,Comedy,1
U0413,M026,Mad Max: Fury Road,Action,2
U0413,M063,Casablanca,Romance,1
U0413,M065,Eternal Sunshine,Romance,3
U0413,M015,Crazy Rich Asians,Romance,1
U0413,M058,The Terminator,Sci-Fi,4
U0413,M073,The Exorcist,Horror,1
U0413,M028,La La Land,Romance,3
U0413,M008,Get Out,Horror,1
U0413,M096,Annihilation,Sci-Fi,3
U0413,M098,The Menu,Thriller,2
U0413,M025,It,Horror,5
U0413,M034,Joker,Drama,3
U0413,M053,Gladiator,Action,4
U0414,M087,The Mask,Comedy,3
U0414,M098,The Menu,Thriller,4
U0414,M013,Parasite,Thriller,3
U0414,M002,Inception,Sci-Fi,3
U0414,M008,Get Out,Horror,4
U0414,M035,The Big Lebowski,Comedy,4
U0414,M097,Moon,Sci-Fi,5
U0414,M001,The Dark Knight,Action,1
U0414,M086,Airplane!,Comedy,3
U0414,M075,The Shining,Horror,3
U0414,M006,Avengers: Endgame,Action,1
U0414,M028,La La Land,Romance,1
U0414,M067,The Fault in Our Stars,Romance,4
U0414,M049,Harry Potter,Fantasy,4
U0414,M078,Schindler's List,Drama,3
U0414,M063,Casablanca,Romance,1
U0414,M061,Ex Machina,Sci-Fi,5
U0414,M044,Free Solo,Documentary,1
U0414,M055,Mission Impossible,Action,5
U0414,M048,The Lord of the Rings,Fantasy,4
U0415,M048,The Lord of the Rings,Fantasy,2
U0415,M058,The Terminator,Sci-Fi,3
U0415,M080,Good Will Hunting,Drama,2
U0415,M088,Black Panther,Action,3
U0415,M085,Step Brothers,Comedy,4
U0415,M061,Ex Machina,Sci-Fi,2
U0415,M066,Before Sunrise,Romance,5
U0415,M053,Gladiator,Action,4
U0415,M025,It,Horror,4
U0415,M001,The Dark Knight,Action,5
U0415,M082,A Beautiful Mind,Drama,2
U0415,M042,Coco,Animation,4
U0416,M061,Ex Machina,Sci-Fi,3
U0416,M085,Step Brothers,Comedy,5
U0416,M090,Doctor Strange,Action,4
U0416,M013,Parasite,Thriller,3
U0416,M094,Dune,Sci-Fi,4
U0416,M050,The Hobbit,Fantasy,2
U0416,M038,Finding Nemo,Animation,5
U0416,M078,Schindler's List,Drama,5
U0416,M025,It,Horror,2
U0416,M092,Iron Man,Action,2
U0416,M019,Alien,Sci-Fi,2
U0416,M067,The Fault in Our Stars,Romance,2
U0416,M074,Rosemary's Baby,Horror,1
U0416,M065,Eternal Sunshine,Romance,1
U0416,M005,The Conjuring,Horror,4
U0416,M017,Forrest Gump,Drama,2
U0416,M064,When Harry Met Sally,Romance,2
U0416,M012,The Hangover,Comedy,3
U0417,M099,Barbarian,Horror,1
U0417,M036,Se7en,Thriller,4
U0417,M029,Blade Runner 2049,Sci-Fi,4
U0417,M093,Everything Everywhere All at Once,Sci-Fi,4
U0417,M033,Pitch Perfect,Comedy,5
U0417,M086,Airplane!,Comedy,4
U0417,M061,Ex Machina,Sci-Fi,2
U0417,M016,Hereditary,Horror,2
U0417,M018,Superbad,Comedy,3
U0417,M069,No Country for Old Men,Thriller,2
U0417,M082,A Beautiful Mind,Drama,4
U0417,M063,Casablanca,Romance,1
U0417,M012,The Hangover,Comedy,1
U0417,M089,Spider-Man: No Way Home,Action,1
U0417,M043,Planet Earth,Documentary,3
U0417,M074,Rosemary's Baby,Horror,5
U0417,M077,Us,Horror,2
U0418,M074,Rosemary's Baby,Horror,1
U0418,M048,The Lord of the Rings,Fantasy,5
U0418,M017,Forrest Gump,Drama,5
U0418,M041,Spirited Away,Animation,4
U0418,M049,Harry Potter,Fantasy,4
U0418,M095,The Martian,Sci-Fi,4
U0418,M001,The Dark Knight,Action,3
U0418,M040,WALL-E,Animation,4
U0419,M067,The Fault in Our Stars,Romance,4
U0419,M085,Step Brothers,Comedy,3
U0419,M078,Schindler's List,Drama,3
U0419,M076,Annihilation,Horror,3
U0419,M029,Blade Runner 2049,Sci-Fi,2
U0419,M014,The Shawshank Redemption,Drama,5
U0419,M051,Pan's Labyrinth,Fantasy,4
U0419,M002,Inception,Sci-Fi,2
U0419,M069,No Country for Old Men,Thriller,5
U0420,M019,Alien,Sci-Fi,4
U0420,M096,Annihilation,Sci-Fi,2
U0420,M086,Airplane!,Comedy,4
U0420,M090,Doctor Strange,Action,3
U0420,M005,The Conjuring,Horror,4
U0420,M077,Us,Horror,1
U0420,M041,Spirited Away,Animation,4
U0420,M040,WALL-E,Animation,4
U0420,M065,Eternal Sunshine,Romance,2
U0420,M089,Spider-Man: No Way Home,Action,2
U0420,M016,Hereditary,Horror,1
U0420,M036,Se7en,Thriller,3
U0420,M091,Thor: Ragnarok,Action,4
U0420,M074,Rosemary's Baby,Horror,4
U0421,M085,Step Brothers,Comedy,3
U0421,M021,Bridesmaids,Comedy,3
U0421,M003,The Notebook,Romance,2
U0421,M071,Zodiac,Thriller,5
U0421,M051,Pan's Labyrinth,Fantasy,4
U0421,M044,Free Solo,Documentary,1
U0421,M055,Mission Impossible,Action,2
U0421,M087,The Mask,Comedy,3
U0421,M061,Ex Machina,Sci-Fi,5
U0421,M045,13th,Documentary,1
U0421,M097,Moon,Sci-Fi,3
U0421,M010,Pride and Prejudice,Romance,4
U0421,M068,The Silence of the Lambs,Thriller,3
U0421,M094,Dune,Sci-Fi,5
U0422,M057,Speed,Action,1
U0422,M090,Doctor Strange,Action,3
U0422,M062,Gravity,Sci-Fi,5
U0422,M038,Finding Nemo,Animation,3
U0422,M019,Alien,Sci-Fi,2
U0422,M027,Gone Girl,Thriller,5
U0422,M028,La La Land,Romance,4
U0422,M096,Annihilation,Sci-Fi,2
U0422,M026,Mad Max: Fury Road,Action,1
U0423,M046,The Act of Killing,Documentary,5
U0423,M061,Ex Machina,Sci-Fi,4
U0423,M023,The Matrix,Sci-Fi,2
U0423,M007,Titanic,Romance,4
U0423,M016,Hereditary,Horror,2
U0423,M066,Before Sunrise,Romance,1
U0423,M084,Anchorman,Comedy,1
U0423,M044,Free Solo,Documentary,2
U0424,M063,Casablanca,Romance,1
U0424,M039,Up,Animation,3
U0424,M089,Spider-Man: No Way Home,Action,1
U0424,M077,Us,Horror,1
U0424,M023,The Matrix,Sci-Fi,1
U0424,M084,Anchorman,Comedy,4
U0424,M096,Annihilation,Sci-Fi,5
U0424,M049,Harry Potter,Fantasy,3
U0424,M100,Nope,Horror,1
U0424,M086,Airplane!,Comedy,5
U0424,M085,Step Brothers,Comedy,5
U0424,M012,The Hangover,Comedy,5
U0424,M060,Arrival,Sci-Fi,4
U0424,M036,Se7en,Thriller,4
U0424,M081,Dead Poets Society,Drama,2
U0424,M057,Speed,Action,5
U0424,M048,The Lord of the Rings,Fantasy,3
U0425,M062,Gravity,Sci-Fi,5
U0425,M083,Monty Python,Comedy,5
U0425,M090,Doctor Strange,Action,4
U0425,M056,Die Hard,Action,1
U0425,M039,Up,Animation,5
U0425,M074,Rosemary's Baby,Horror,5
U0425,M017,Forrest Gump,Drama,5
U0425,M013,Parasite,Thriller,2
U0425,M042,Coco,Animation,4
U0425,M009,The Grand Budapest Hotel,Comedy,1
U0425,M092,Iron Man,Action,2
U0425,M069,No Country for Old Men,Thriller,5
U0425,M024,Knives Out,Thriller,3
U0425,M052,Princess Mononoke,Fantasy,2
U0425,M003,The Notebook,Romance,5
U0425,M051,Pan's Labyrinth,Fantasy,4
U0425,M072,Nightcrawler,Thriller,4
U0426,M006,Avengers: Endgame,Action,3
U0426,M017,Forrest Gump,Drama,2
U0426,M074,Rosemary's Baby,Horror,1
U0426,M027,Gone Girl,Thriller,2
U0426,M084,Anchorman,Comedy,5
U0426,M021,Bridesmaids,Comedy,3
U0426,M012,The Hangover,Comedy,3
U0426,M072,Nightcrawler,Thriller,5
U0427,M055,Mission Impossible,Action,2
U0427,M085,Step Brothers,Comedy,5
U0427,M001,The Dark Knight,Action,4
U0427,M032,The Pursuit of Happyness,Drama,4
U0427,M039,Up,Animation,5
U0427,M006,Avengers: Endgame,Action,3
U0427,M067,The Fault in Our Stars,Romance,5
U0427,M038,Finding Nemo,Animation,5
U0427,M069,No Country for Old Men,Thriller,5
U0427,M057,Speed,Action,2
U0428,M085,Step Brothers,Comedy,2
U0428,M006,Avengers: Endgame,Action,5
U0428,M031,Whiplash,Drama,5
U0428,M005,The Conjuring,Horror,2
U0428,M025,It,Horror,5
U0428,M019,Alien,Sci-Fi,3
U0428,M039,Up,Animation,4
U0428,M028,La La Land,Romance,2
U0429,M010,Pride and Prejudice,Romance,3
U0429,M071,Zodiac,Thriller,3
U0429,M033,Pitch Perfect,Comedy,3
U0429,M034,Joker,Drama,5
U0429,M049,Harry Potter,Fantasy,5
U0429,M084,Anchorman,Comedy,5
U0429,M021,Bridesmaids,Comedy,2
U0429,M052,Princess Mononoke,Fantasy,4
U0429,M059,2001: A Space Odyssey,Sci-Fi,2
U0429,M011,A Quiet Place,Horror,3
U0429,M087,The Mask,Comedy,4
U0429,M055,Mission Impossible,Action,4
U0429,M089,Spider-Man: No Way Home,Action,1
U0429,M019,Alien,Sci-Fi,5
U0429,M069,No Country for Old Men,Thriller,3
U0429,M027,Gone Girl,Thriller,2
U0429,M081,Dead Poets Society,Drama,4
U0429,M094,Dune,Sci-Fi,1
U0430,M088,Black Panther,Action,3
U0430,M071,Zodiac,Thriller,4
U0430,M053,Gladiator,Action,2
U0430,M009,The Grand Budapest Hotel,Comedy,2
U0430,M043,Planet Earth,Documentary,3
U0430,M082,A Beautiful Mind,Drama,2
U0430,M012,The Hangover,Comedy,1
U0430,M047,Jiro Dreams of Sushi,Documentary,4
U0431,M049,Harry Potter,Fantasy,5
U0431,M014,The Shawshank Redemption,Drama,4
U0431,M016,Hereditary,Horror,5
U0431,M023,The Matrix,Sci-Fi,3
U0431,M068,The Silence of the Lambs,Thriller,5
U0431,M094,Dune,Sci-Fi,1
U0431,M040,WALL-E,Animation,3
U0431,M076,Annihilation,Horror,2
U0431,M063,Casablanca,Romance,3
U0431,M013,Parasite,Thriller,5
U0431,M045,13th,Documentary,2
U0431,M090,Doctor Strange,Action,3
U0432,M062,Gravity,Sci-Fi,3
U0432,M076,Annihilation,Horror,2
U0432,M017,Forrest Gump,Drama,5
U0432,M034,Joker,Drama,5
U0432,M002,Inception,Sci-Fi,4
U0432,M088,Black Panther,Action,2
U0432,M066,Before Sunrise,Romance,4
U0432,M092,Iron Man,Action,3
U0432,M020,John Wick,Action,4
U0432,M085,Step Brothers,Comedy,5
U0432,M019,Alien,Sci-Fi,3
U0432,M049,Harry Potter,Fantasy,4
U0432,M073,The Exorcist,Horror,4
U0432,M095,The Martian,Sci-Fi,5
U0432,M035,The Big Lebowski,Comedy,2
U0432,M007,Titanic,Romance,3
U0432,M093,Everything Everywhere All at Once,Sci-Fi,1
U0433,M053,Gladiator,Action,5
U0433,M099,Barbarian,Horror,4
U0433,M041,Spirited Away,Animation,3
U0433,M012,The Hangover,Comedy,4
U0433,M082,A Beautiful Mind,Drama,5
U0433,M011,A Quiet Place,Horror,2
U0433,M010,Pride and Prejudice,Romance,4
U0433,M094,Dune,Sci-Fi,4
U0433,M031,Whiplash,Drama,5
U0433,M022,Midsommar,Horror,5
U0433,M074,Rosemary's Baby,Horror,1
U0433,M008,Get Out,Horror,4
U0433,M096,Annihilation,Sci-Fi,1
U0433,M037,Toy Story,Animation,5
U0434,M096,Annihilation,Sci-Fi,5
U0434,M001,The Dark Knight,Action,1
U0434,M092,Iron Man,Action,5
U0434,M055,Mission Impossible,Action,4
U0434,M090,Doctor Strange,Action,2
U0434,M069,No Country for Old Men,Thriller,5
U0434,M045,13th,Documentary,2
U0434,M032,The Pursuit of Happyness,Drama,3
U0434,M095,The Martian,Sci-Fi,1
U0434,M085,Step Brothers,Comedy,3
U0434,M068,The Silence of the Lambs,Thriller,3
U0435,M007,Titanic,Romance,3
U0435,M055,Mission Impossible,Action,3
U0435,M064,When Harry Met Sally,Romance,2
U0435,M049,Harry Potter,Fantasy,2
U0435,M022,Midsommar,Horror,5
U0435,M048,The Lord of the Rings,Fantasy,4
U0435,M015,Crazy Rich Asians,Romance,2
U0435,M044,Free Solo,Documentary,3
U0435,M087,The Mask,Comedy,5
U0435,M032,The Pursuit of Happyness,Drama,2
U0435,M070,Prisoners,Thriller,5
U0435,M099,Barbarian,Horror,5
U0435,M016,Hereditary,Horror,4
U0435,M038,Finding Nemo,Animation,3
U0435,M039,Up,Animation,4
U0435,M062,Gravity,Sci-Fi,1
U0436,M043,Planet Earth,Documentary,1
U0436,M039,Up,Animation,5
U0436,M046,The Act of Killing,Documentary,1
U0436,M014,The Shawshank Redemption,Drama,3
U0436,M001,The Dark Knight,Action,3
U0436,M045,13th,Documentary,2
U0436,M093,Everything Everywhere All at Once,Sci-Fi,4
U0436,M024,Knives Out,Thriller,5
U0436,M052,Princess Mononoke,Fantasy,4
U0436,M002,Inception,Sci-Fi,3
U0436,M013,Parasite,Thriller,4
U0436,M056,Die Hard,Action,4
U0436,M063,Casablanca,Romance,2
U0436,M026,Mad Max: Fury Road,Action,5
U0436,M011,A Quiet Place,Horror,3
U0436,M068,The Silence of the Lambs,Thriller,2
U0436,M066,Before Sunrise,Romance,4
U0436,M020,John Wick,Action,4
U0436,M053,Gladiator,Action,2
U0437,M046,The Act of Killing,Documentary,1
U0437,M096,Annihilation,Sci-Fi,2
U0437,M056,Die Hard,Action,4
U0437,M001,The Dark Knight,Action,4
U0437,M091,Thor: Ragnarok,Action,3
U0437,M026,Mad Max: Fury Road,Action,1
U0437,M015,Crazy Rich Asians,Romance,2
U0437,M025,It,Horror,2
U0437,M037,Toy Story,Animation,5
U0438,M016,Hereditary,Horror,5
U0438,M054,Top Gun: Maverick,Action,4
U0438,M063,Casablanca,Romance,2
U0438,M071,Zodiac,Thriller,2
U0438,M064,When Harry Met Sally,Romance,1
U0438,M088,Black Panther,Action,1
U0438,M092,Iron Man,Action,2
U0438,M017,Forrest Gump,Drama,3
U0438,M042,Coco,Animation,4
U0438,M097,Moon,Sci-Fi,5
U0438,M098,The Menu,Thriller,2
U0438,M100,Nope,Horror,2
U0438,M052,Princess Mononoke,Fantasy,2
U0439,M055,Mission Impossible,Action,5
U0439,M077,Us,Horror,2
U0439,M095,The Martian,Sci-Fi,2
U0439,M002,Inception,Sci-Fi,3
U0439,M056,Die Hard,Action,1
U0439,M062,Gravity,Sci-Fi,3
U0439,M038,Finding Nemo,Animation,4
U0439,M037,Toy Story,Animation,5
U0439,M063,Casablanca,Romance,2
U0439,M011,A Quiet Place,Horror,4
U0439,M098,The Menu,Thriller,2
U0439,M032,The Pursuit of Happyness,Drama,5
U0439,M080,Good Will Hunting,Drama,5
U0439,M020,John Wick,Action,2
U0439,M094,Dune,Sci-Fi,2
U0440,M030,The Wolf of Wall Street,Drama,2
U0440,M016,Hereditary,Horror,5
U0440,M017,Forrest Gump,Drama,3
U0440,M052,Princess Mononoke,Fantasy,2
U0440,M005,The Conjuring,Horror,1
U0440,M036,Se7en,Thriller,5
U0440,M025,It,Horror,4
U0440,M019,Alien,Sci-Fi,5
U0440,M055,Mission Impossible,Action,3
U0441,M029,Blade Runner 2049,Sci-Fi,3
U0441,M044,Free Solo,Documentary,3
U0441,M055,Mission Impossible,Action,4
U0441,M062,Gravity,Sci-Fi,2
U0441,M008,Get Out,Horror,3
U0441,M066,Before Sunrise,Romance,1
U0441,M083,Monty Python,Comedy,2
U0441,M007,Titanic,Romance,1
U0441,M039,Up,Animation,3
U0441,M015,Crazy Rich Asians,Romance,1
U0441,M035,The Big Lebowski,Comedy,3
U0441,M047,Jiro Dreams of Sushi,Documentary,2
U0442,M061,Ex Machina,Sci-Fi,5
U0442,M036,Se7en,Thriller,3
U0442,M078,Schindler's List,Drama,4
U0442,M013,Parasite,Thriller,4
U0442,M056,Die Hard,Action,3
U0442,M024,Knives Out,Thriller,5
U0442,M033,Pitch Perfect,Comedy,5
U0442,M063,Casablanca,Romance,5
U0442,M047,Jiro Dreams of Sushi,Documentary,3
U0442,M043,Planet Earth,Documentary,2
U0442,M039,Up,Animation,4
U0442,M015,Crazy Rich Asians,Romance,2
U0442,M086,Airplane!,Comedy,5
U0442,M002,Inception,Sci-Fi,4
U0443,M014,The Shawshank Redemption,Drama,5
U0443,M017,Forrest Gump,Drama,3
U0443,M081,Dead Poets Society,Drama,3
U0443,M096,Annihilation,Sci-Fi,4
U0443,M078,Schindler's List,Drama,2
U0443,M016,Hereditary,Horror,1
U0443,M006,Avengers: Endgame,Action,5
U0444,M039,Up,Animation,4
U0444,M093,Everything Everywhere All at Once,Sci-Fi,3
U0444,M061,Ex Machina,Sci-Fi,4
U0444,M098,The Menu,Thriller,2
U0444,M026,Mad Max: Fury Road,Action,4
U0444,M069,No Country for Old Men,Thriller,2
U0444,M020,John Wick,Action,4
U0444,M006,Avengers: Endgame,Action,4
U0444,M017,Forrest Gump,Drama,5
U0444,M025,It,Horror,5
U0444,M054,Top Gun: Maverick,Action,1
U0444,M071,Zodiac,Thriller,3
U0444,M092,Iron Man,Action,5
U0444,M033,Pitch Perfect,Comedy,3
U0444,M072,Nightcrawler,Thriller,3
U0445,M006,Avengers: Endgame,Action,5
U0445,M073,The Exorcist,Horror,4
U0445,M008,Get Out,Horror,5
U0445,M089,Spider-Man: No Way Home,Action,4
U0445,M025,It,Horror,4
U0445,M095,The Martian,Sci-Fi,5
U0445,M051,Pan's Labyrinth,Fantasy,4
U0445,M064,When Harry Met Sally,Romance,2
U0445,M088,Black Panther,Action,2
U0445,M069,No Country for Old Men,Thriller,2
U0445,M066,Before Sunrise,Romance,2
U0445,M010,Pride and Prejudice,Romance,5
U0445,M022,Midsommar,Horror,2
U0445,M057,Speed,Action,5
U0446,M066,Before Sunrise,Romance,5
U0446,M059,2001: A Space Odyssey,Sci-Fi,3
U0446,M065,Eternal Sunshine,Romance,3
U0446,M091,Thor: Ragnarok,Action,2
U0446,M093,Everything Everywhere All at Once,Sci-Fi,3
U0447,M071,Zodiac,Thriller,2
U0447,M016,Hereditary,Horror,2
U0447,M022,Midsommar,Horror,2
U0447,M029,Blade Runner 2049,Sci-Fi,5
U0447,M006,Avengers: Endgame,Action,1
U0447,M069,No Country for Old Men,Thriller,2
U0447,M031,Whiplash,Drama,4
U0447,M038,Finding Nemo,Animation,5
U0447,M082,A Beautiful Mind,Drama,4
U0447,M019,Alien,Sci-Fi,3
U0447,M036,Se7en,Thriller,2
U0447,M018,Superbad,Comedy,5
U0447,M035,The Big Lebowski,Comedy,3
U0448,M053,Gladiator,Action,3
U0448,M079,12 Angry Men,Drama,3
U0448,M038,Finding Nemo,Animation,4
U0448,M042,Coco,Animation,3
U0448,M008,Get Out,Horror,5
U0448,M081,Dead Poets Society,Drama,5
U0448,M002,Inception,Sci-Fi,1
U0448,M046,The Act of Killing,Documentary,4
U0448,M029,Blade Runner 2049,Sci-Fi,3
U0449,M057,Speed,Action,2
U0449,M029,Blade Runner 2049,Sci-Fi,4
U0449,M042,Coco,Animation,4
U0449,M035,The Big Lebowski,Comedy,2
U0449,M027,Gone Girl,Thriller,5
U0449,M075,The Shining,Horror,1
U0449,M081,Dead Poets Society,Drama,5
U0449,M097,Moon,Sci-Fi,2
U0449,M051,Pan's Labyrinth,Fantasy,4
U0449,M020,John Wick,Action,2
U0449,M058,The Terminator,Sci-Fi,2
U0450,M073,The Exorcist,Horror,5
U0450,M063,Casablanca,Romance,2
U0450,M094,Dune,Sci-Fi,1
U0450,M024,Knives Out,Thriller,3
U0450,M083,Monty Python,Comedy,1
U0450,M037,Toy Story,Animation,5
U0450,M003,The Notebook,Romance,2
U0450,M040,WALL-E,Animation,5
U0450,M021,Bridesmaids,Comedy,4
U0450,M023,The Matrix,Sci-Fi,1
U0450,M051,Pan's Labyrinth,Fantasy,5
U0451,M094,Dune,Sci-Fi,1
U0451,M097,Moon,Sci-Fi,1
U0451,M002,Inception,Sci-Fi,2
U0451,M078,Schindler's List,Drama,3
U0451,M013,Parasite,Thriller,2
U0451,M049,Harry Potter,Fantasy,4
U0451,M050,The Hobbit,Fantasy,3
U0451,M003,The Notebook,Romance,5
U0451,M015,Crazy Rich Asians,Romance,1
U0452,M014,The Shawshank Redemption,Drama,2
U0452,M070,Prisoners,Thriller,3
U0452,M095,The Martian,Sci-Fi,2
U0452,M044,Free Solo,Documentary,4
U0452,M091,Thor: Ragnarok,Action,5
U0453,M021,Bridesmaids,Comedy,1
U0453,M040,WALL-E,Animation,4
U0453,M043,Planet Earth,Documentary,1
U0453,M062,Gravity,Sci-Fi,2
U0453,M020,John Wick,Action,4
U0453,M032,The Pursuit of Happyness,Drama,5
U0453,M008,Get Out,Horror,2
U0453,M070,Prisoners,Thriller,4
U0453,M089,Spider-Man: No Way Home,Action,3
U0453,M035,The Big Lebowski,Comedy,2
U0453,M081,Dead Poets Society,Drama,5
U0453,M016,Hereditary,Horror,1
U0453,M003,The Notebook,Romance,4
U0453,M006,Avengers: Endgame,Action,2
U0453,M014,The Shawshank Redemption,Drama,2
U0453,M038,Finding Nemo,Animation,4
U0453,M066,Before Sunrise,Romance,1
U0453,M054,Top Gun: Maverick,Action,3
U0453,M019,Alien,Sci-Fi,3
U0454,M079,12 Angry Men,Drama,3
U0454,M043,Planet Earth,Documentary,2
U0454,M016,Hereditary,Horror,4
U0454,M047,Jiro Dreams of Sushi,Documentary,5
U0454,M011,A Quiet Place,Horror,3
U0454,M006,Avengers: Endgame,Action,5
U0454,M078,Schindler's List,Drama,3
U0455,M020,John Wick,Action,2
U0455,M086,Airplane!,Comedy,3
U0455,M088,Black Panther,Action,2
U0455,M039,Up,Animation,5
U0455,M080,Good Will Hunting,Drama,5
U0455,M037,Toy Story,Animation,5
U0455,M045,13th,Documentary,1
U0455,M014,The Shawshank Redemption,Drama,2
U0455,M035,The Big Lebowski,Comedy,5
U0455,M064,When Harry Met Sally,Romance,4
U0455,M085,Step Brothers,Comedy,3
U0455,M048,The Lord of the Rings,Fantasy,3
U0455,M034,Joker,Drama,2
U0455,M092,Iron Man,Action,3
U0455,M010,Pride and Prejudice,Romance,2
U0455,M001,The Dark Knight,Action,2
U0455,M100,Nope,Horror,4
U0455,M084,Anchorman,Comedy,3
U0456,M064,When Harry Met Sally,Romance,5
U0456,M055,Mission Impossible,Action,4
U0456,M062,Gravity,Sci-Fi,5
U0456,M089,Spider-Man: No Way Home,Action,5
U0456,M053,Gladiator,Action,2
U0456,M078,Schindler's List,Drama,5
U0456,M082,A Beautiful Mind,Drama,2
U0456,M043,Planet Earth,Documentary,5
U0456,M018,Superbad,Comedy,4
U0456,M084,Anchorman,Comedy,5
U0456,M032,The Pursuit of Happyness,Drama,5
U0456,M050,The Hobbit,Fantasy,3
U0456,M054,Top Gun: Maverick,Action,1
U0456,M071,Zodiac,Thriller,3
U0456,M069,No Country for Old Men,Thriller,4
U0457,M027,Gone Girl,Thriller,3
U0457,M003,The Notebook,Romance,1
U0457,M047,Jiro Dreams of Sushi,Documentary,1
U0457,M072,Nightcrawler,Thriller,4
U0457,M061,Ex Machina,Sci-Fi,3
U0458,M038,Finding Nemo,Animation,4
U0458,M059,2001: A Space Odyssey,Sci-Fi,1
U0458,M019,Alien,Sci-Fi,2
U0458,M071,Zodiac,Thriller,5
U0458,M054,Top Gun: Maverick,Action,1
U0458,M032,The Pursuit of Happyness,Drama,5
U0458,M027,Gone Girl,Thriller,4
U0458,M029,Blade Runner 2049,Sci-Fi,1
U0458,M008,Get Out,Horror,1
U0459,M062,Gravity,Sci-Fi,2
U0459,M077,Us,Horror,1
U0459,M021,Bridesmaids,Comedy,1
U0459,M004,Interstellar,Sci-Fi,5
U0459,M019,Alien,Sci-Fi,4
U0459,M047,Jiro Dreams of Sushi,Documentary,2
U0459,M011,A Quiet Place,Horror,2
U0460,M096,Annihilation,Sci-Fi,2
U0460,M018,Superbad,Comedy,5
U0460,M068,The Silence of the Lambs,Thriller,3
U0460,M090,Doctor Strange,Action,1
U0460,M039,Up,Animation,5
U0460,M061,Ex Machina,Sci-Fi,4
U0460,M053,Gladiator,Action,4
U0460,M093,Everything Everywhere All at Once,Sci-Fi,5
U0460,M044,Free Solo,Documentary,3
U0460,M057,Speed,Action,5
U0460,M083,Monty Python,Comedy,5
U0460,M089,Spider-Man: No Way Home,Action,3
U0460,M002,Inception,Sci-Fi,2
U0460,M037,Toy Story,Animation,5
U0460,M015,Crazy Rich Asians,Romance,2
U0460,M020,John Wick,Action,3
U0460,M008,Get Out,Horror,1
U0460,M005,The Conjuring,Horror,5
U0460,M078,Schindler's List,Drama,5
U0460,M097,Moon,Sci-Fi,2
U0461,M052,Princess Mononoke,Fantasy,4
U0461,M080,Good Will Hunting,Drama,5
U0461,M008,Get Out,Horror,3
U0461,M029,Blade Runner 2049,Sci-Fi,4
U0461,M051,Pan's Labyrinth,Fantasy,4
U0461,M024,Knives Out,Thriller,3
U0461,M096,Annihilation,Sci-Fi,1
U0461,M072,Nightcrawler,Thriller,4
U0461,M078,Schindler's List,Drama,5
U0461,M010,Pride and Prejudice,Romance,2
U0461,M089,Spider-Man: No Way Home,Action,3
U0462,M014,The Shawshank Redemption,Drama,4
U0462,M010,Pride and Prejudice,Romance,2
U0462,M047,Jiro Dreams of Sushi,Documentary,5
U0462,M078,Schindler's List,Drama,2
U0462,M100,Nope,Horror,1
U0462,M043,Planet Earth,Documentary,2
U0462,M004,Interstellar,Sci-Fi,5
U0462,M031,Whiplash,Drama,2
U0463,M025,It,Horror,3
U0463,M071,Zodiac,Thriller,2
U0463,M026,Mad Max: Fury Road,Action,3
U0463,M082,A Beautiful Mind,Drama,4
U0463,M005,The Conjuring,Horror,4
U0463,M031,Whiplash,Drama,5
U0463,M035,The Big Lebowski,Comedy,2
U0463,M011,A Quiet Place,Horror,3
U0463,M073,The Exorcist,Horror,4
U0463,M006,Avengers: Endgame,Action,3
U0463,M062,Gravity,Sci-Fi,2
U0463,M007,Titanic,Romance,1
U0463,M041,Spirited Away,Animation,4
U0463,M012,The Hangover,Comedy,4
U0464,M065,Eternal Sunshine,Romance,3
U0464,M100,Nope,Horror,2
U0464,M020,John Wick,Action,2
U0464,M004,Interstellar,Sci-Fi,4
U0464,M076,Annihilation,Horror,1
U0464,M049,Harry Potter,Fantasy,2
U0464,M062,Gravity,Sci-Fi,2
U0464,M005,The Conjuring,Horror,2
U0465,M099,Barbarian,Horror,4
U0465,M092,Iron Man,Action,2
U0465,M021,Bridesmaids,Comedy,3
U0465,M065,Eternal Sunshine,Romance,3
U0465,M067,The Fault in Our Stars,Romance,3
U0465,M094,Dune,Sci-Fi,5
U0465,M078,Schindler's List,Drama,5
U0465,M084,Anchorman,Comedy,1
U0465,M044,Free Solo,Documentary,4
U0466,M027,Gone Girl,Thriller,4
U0466,M079,12 Angry Men,Drama,5
U0466,M078,Schindler's List,Drama,2
U0466,M010,Pride and Prejudice,Romance,4
U0466,M020,John Wick,Action,1
U0466,M073,The Exorcist,Horror,4
U0466,M081,Dead Poets Society,Drama,4
U0466,M064,When Harry Met Sally,Romance,2
U0466,M013,Parasite,Thriller,4
U0466,M002,Inception,Sci-Fi,2
U0466,M019,Alien,Sci-Fi,1
U0466,M099,Barbarian,Horror,3
U0467,M046,The Act of Killing,Documentary,4
U0467,M012,The Hangover,Comedy,1
U0467,M010,Pride and Prejudice,Romance,3
U0467,M023,The Matrix,Sci-Fi,3
U0467,M091,Thor: Ragnarok,Action,4
U0467,M099,Barbarian,Horror,4
U0467,M059,2001: A Space Odyssey,Sci-Fi,5
U0467,M034,Joker,Drama,3
U0467,M061,Ex Machina,Sci-Fi,4
U0467,M033,Pitch Perfect,Comedy,3
U0467,M098,The Menu,Thriller,5
U0467,M057,Speed,Action,5
U0467,M084,Anchorman,Comedy,3
U0467,M018,Superbad,Comedy,3
U0467,M016,Hereditary,Horror,1
U0467,M073,The Exorcist,Horror,4
U0468,M034,Joker,Drama,3
U0468,M088,Black Panther,Action,4
U0468,M006,Avengers: Endgame,Action,4
U0468,M080,Good Will Hunting,Drama,2
U0468,M083,Monty Python,Comedy,3
U0468,M008,Get Out,Horror,4
U0468,M095,The Martian,Sci-Fi,4
U0468,M032,The Pursuit of Happyness,Drama,5
U0468,M090,Doctor Strange,Action,4
U0468,M072,Nightcrawler,Thriller,2
U0468,M002,Inception,Sci-Fi,1
U0468,M020,John Wick,Action,2
U0468,M014,The Shawshank Redemption,Drama,2
U0468,M038,Finding Nemo,Animation,5
U0468,M049,Harry Potter,Fantasy,4
U0468,M021,Bridesmaids,Comedy,2
U0468,M073,The Exorcist,Horror,4
U0468,M052,Princess Mononoke,Fantasy,4
U0468,M010,Pride and Prejudice,Romance,1
U0469,M044,Free Solo,Documentary,2
U0469,M078,Schindler's List,Drama,4
U0469,M063,Casablanca,Romance,5
U0469,M028,La La Land,Romance,1
U0469,M090,Doctor Strange,Action,5
U0469,M095,The Martian,Sci-Fi,4
U0469,M061,Ex Machina,Sci-Fi,1
U0469,M015,Crazy Rich Asians,Romance,3
U0469,M036,Se7en,Thriller,5
U0469,M059,2001: A Space Odyssey,Sci-Fi,4
U0469,M005,The Conjuring,Horror,2
U0469,M070,Prisoners,Thriller,2
U0469,M020,John Wick,Action,2
U0469,M019,Alien,Sci-Fi,1
U0469,M082,A Beautiful Mind,Drama,5
U0470,M033,Pitch Perfect,Comedy,2
U0470,M082,A Beautiful Mind,Drama,4
U0470,M023,The Matrix,Sci-Fi,2
U0470,M011,A Quiet Place,Horror,1
U0470,M019,Alien,Sci-Fi,1
U0470,M009,The Grand Budapest Hotel,Comedy,4
U0470,M036,Se7en,Thriller,4
U0470,M052,Princess Mononoke,Fantasy,4
U0470,M039,Up,Animation,4
U0470,M092,Iron Man,Action,2
U0470,M058,The Terminator,Sci-Fi,3
U0470,M054,Top Gun: Maverick,Action,4
U0470,M068,The Silence of the Lambs,Thriller,5
U0471,M069,No Country for Old Men,Thriller,4
U0471,M089,Spider-Man: No Way Home,Action,1
U0471,M021,Bridesmaids,Comedy,2
U0471,M090,Doctor Strange,Action,4
U0471,M056,Die Hard,Action,2
U0471,M046,The Act of Killing,Documentary,4
U0471,M074,Rosemary's Baby,Horror,3
U0471,M050,The Hobbit,Fantasy,2
U0471,M002,Inception,Sci-Fi,4
U0471,M072,Nightcrawler,Thriller,4
U0471,M077,Us,Horror,5
U0471,M026,Mad Max: Fury Road,Action,1
U0471,M010,Pride and Prejudice,Romance,4
U0471,M093,Everything Everywhere All at Once,Sci-Fi,2
U0471,M086,Airplane!,Comedy,4
U0471,M075,The Shining,Horror,5
U0471,M079,12 Angry Men,Drama,2
U0471,M019,Alien,Sci-Fi,1
U0471,M042,Coco,Animation,4
U0471,M094,Dune,Sci-Fi,2
U0472,M090,Doctor Strange,Action,5
U0472,M070,Prisoners,Thriller,2
U0472,M100,Nope,Horror,4
U0472,M022,Midsommar,Horror,4
U0472,M077,Us,Horror,4
U0472,M049,Harry Potter,Fantasy,4
U0472,M028,La La Land,Romance,3
U0472,M045,13th,Documentary,3
U0472,M027,Gone Girl,Thriller,5
U0472,M025,It,Horror,4
U0472,M087,The Mask,Comedy,5
U0472,M074,Rosemary's Baby,Horror,3
U0472,M002,Inception,Sci-Fi,1
U0472,M048,The Lord of the Rings,Fantasy,3
U0472,M047,Jiro Dreams of Sushi,Documentary,4
U0472,M003,The Notebook,Romance,4
U0472,M039,Up,Animation,4
U0472,M040,WALL-E,Animation,4
U0473,M070,Prisoners,Thriller,2
U0473,M056,Die Hard,Action,1
U0473,M049,Harry Potter,Fantasy,2
U0473,M037,Toy Story,Animation,3
U0473,M085,Step Brothers,Comedy,1
U0473,M089,Spider-Man: No Way Home,Action,5
U0473,M088,Black Panther,Action,4
U0473,M082,A Beautiful Mind,Drama,2
U0473,M090,Doctor Strange,Action,4
U0473,M080,Good Will Hunting,Drama,5
U0474,M082,A Beautiful Mind,Drama,3
U0474,M057,Speed,Action,2
U0474,M065,Eternal Sunshine,Romance,4
U0474,M075,The Shining,Horror,5
U0474,M005,The Conjuring,Horror,4
U0474,M086,Airplane!,Comedy,1
U0474,M038,Finding Nemo,Animation,4
U0474,M054,Top Gun: Maverick,Action,4
U0475,M045,13th,Documentary,3
U0475,M060,Arrival,Sci-Fi,2
U0475,M053,Gladiator,Action,5
U0475,M083,Monty Python,Comedy,3
U0475,M091,Thor: Ragnarok,Action,3
U0475,M095,The Martian,Sci-Fi,3
U0475,M051,Pan's Labyrinth,Fantasy,4
U0475,M001,The Dark Knight,Action,4
U0476,M001,The Dark Knight,Action,2
U0476,M054,Top Gun: Maverick,Action,5
U0476,M005,The Conjuring,Horror,4
U0476,M002,Inception,Sci-Fi,2
U0476,M004,Interstellar,Sci-Fi,5
U0476,M020,John Wick,Action,4
U0476,M048,The Lord of the Rings,Fantasy,3
U0476,M067,The Fault in Our Stars,Romance,5
U0476,M095,The Martian,Sci-Fi,4
U0476,M077,Us,Horror,1
U0476,M041,Spirited Away,Animation,5
U0476,M043,Planet Earth,Documentary,4
U0477,M082,A Beautiful Mind,Drama,3
U0477,M050,The Hobbit,Fantasy,2
U0477,M094,Dune,Sci-Fi,2
U0477,M023,The Matrix,Sci-Fi,5
U0477,M052,Princess Mononoke,Fantasy,2
U0477,M041,Spirited Away,Animation,5
U0477,M067,The Fault in Our Stars,Romance,4
U0477,M021,Bridesmaids,Comedy,3
U0477,M056,Die Hard,Action,5
U0478,M042,Coco,Animation,3
U0478,M027,Gone Girl,Thriller,5
U0478,M012,The Hangover,Comedy,5
U0478,M004,Interstellar,Sci-Fi,1
U0478,M056,Die Hard,Action,5
U0478,M002,Inception,Sci-Fi,4
U0478,M081,Dead Poets Society,Drama,2
U0478,M099,Barbarian,Horror,2
U0478,M076,Annihilation,Horror,4
U0478,M020,John Wick,Action,3
U0479,M031,Whiplash,Drama,4
U0479,M084,Anchorman,Comedy,1
U0479,M029,Blade Runner 2049,Sci-Fi,3
U0479,M039,Up,Animation,3
U0479,M025,It,Horror,2
U0479,M069,No Country for Old Men,Thriller,2
U0479,M032,The Pursuit of Happyness,Drama,5
U0479,M093,Everything Everywhere All at Once,Sci-Fi,1
U0479,M100,Nope,Horror,1
U0479,M049,Harry Potter,Fantasy,4
U0480,M014,The Shawshank Redemption,Drama,4
U0480,M019,Alien,Sci-Fi,2
U0480,M037,Toy Story,Animation,5
U0480,M034,Joker,Drama,2
U0480,M024,Knives Out,Thriller,5
U0480,M012,The Hangover,Comedy,1
U0480,M010,Pride and Prejudice,Romance,4
U0480,M064,When Harry Met Sally,Romance,1
U0481,M081,Dead Poets Society,Drama,4
U0481,M010,Pride and Prejudice,Romance,4
U0481,M027,Gone Girl,Thriller,5
U0481,M088,Black Panther,Action,5
U0481,M054,Top Gun: Maverick,Action,5
U0481,M049,Harry Potter,Fantasy,2
U0481,M041,Spirited Away,Animation,4
U0481,M082,A Beautiful Mind,Drama,5
U0481,M058,The Terminator,Sci-Fi,3
U0481,M021,Bridesmaids,Comedy,1
U0481,M024,Knives Out,Thriller,3
U0481,M039,Up,Animation,5
U0481,M002,Inception,Sci-Fi,1
U0481,M023,The Matrix,Sci-Fi,5
U0481,M085,Step Brothers,Comedy,1
U0481,M073,The Exorcist,Horror,5
U0481,M078,Schindler's List,Drama,5
U0481,M005,The Conjuring,Horror,2
U0481,M016,Hereditary,Horror,2
U0481,M044,Free Solo,Documentary,3
U0482,M028,La La Land,Romance,2
U0482,M004,Interstellar,Sci-Fi,3
U0482,M042,Coco,Animation,4
U0482,M018,Superbad,Comedy,4
U0482,M029,Blade Runner 2049,Sci-Fi,2
U0482,M011,A Quiet Place,Horror,1
U0482,M094,Dune,Sci-Fi,3
U0482,M089,Spider-Man: No Way Home,Action,5
U0483,M060,Arrival,Sci-Fi,1
U0483,M096,Annihilation,Sci-Fi,5
U0483,M064,When Harry Met Sally,Romance,5
U0483,M056,Die Hard,Action,3
U0483,M066,Before Sunrise,Romance,2
U0483,M052,Princess Mononoke,Fantasy,3
U0483,M025,It,Horror,4
U0483,M033,Pitch Perfect,Comedy,4
U0483,M023,The Matrix,Sci-Fi,4
U0483,M026,Mad Max: Fury Road,Action,4
U0483,M088,Black Panther,Action,5
U0483,M092,Iron Man,Action,3
U0483,M036,Se7en,Thriller,4
U0483,M051,Pan's Labyrinth,Fantasy,5
U0484,M078,Schindler's List,Drama,2
U0484,M050,The Hobbit,Fantasy,4
U0484,M055,Mission Impossible,Action,2
U0484,M026,Mad Max: Fury Road,Action,1
U0484,M073,The Exorcist,Horror,5
U0484,M046,The Act of Killing,Documentary,3
U0484,M048,The Lord of the Rings,Fantasy,5
U0484,M081,Dead Poets Society,Drama,5
U0485,M078,Schindler's List,Drama,4
U0485,M083,Monty Python,Comedy,3
U0485,M068,The Silence of the Lambs,Thriller,3
U0485,M046,The Act of Killing,Documentary,3
U0485,M051,Pan's Labyrinth,Fantasy,2
U0485,M004,Interstellar,Sci-Fi,1
U0485,M015,Crazy Rich Asians,Romance,3
U0485,M024,Knives Out,Thriller,2
U0485,M042,Coco,Animation,4
U0485,M055,Mission Impossible,Action,2
U0485,M032,The Pursuit of Happyness,Drama,5
U0485,M010,Pride and Prejudice,Romance,5
U0485,M028,La La Land,Romance,3
U0485,M085,Step Brothers,Comedy,2
U0486,M050,The Hobbit,Fantasy,4
U0486,M037,Toy Story,Animation,5
U0486,M078,Schindler's List,Drama,2
U0486,M028,La La Land,Romance,5
U0486,M068,The Silence of the Lambs,Thriller,5
U0486,M014,The Shawshank Redemption,Drama,5
U0486,M072,Nightcrawler,Thriller,4
U0487,M026,Mad Max: Fury Road,Action,1
U0487,M007,Titanic,Romance,3
U0487,M064,When Harry Met Sally,Romance,1
U0487,M006,Avengers: Endgame,Action,5
U0487,M036,Se7en,Thriller,2
U0487,M054,Top Gun: Maverick,Action,4
U0487,M016,Hereditary,Horror,3
U0487,M058,The Terminator,Sci-Fi,2
U0487,M022,Midsommar,Horror,4
U0487,M077,Us,Horror,1
U0487,M042,Coco,Animation,5
U0487,M076,Annihilation,Horror,5
U0487,M050,The Hobbit,Fantasy,2
U0487,M031,Whiplash,Drama,4
U0487,M074,Rosemary's Baby,Horror,1
U0488,M061,Ex Machina,Sci-Fi,3
U0488,M013,Parasite,Thriller,5
U0488,M054,Top Gun: Maverick,Action,1
U0488,M093,Everything Everywhere All at Once,Sci-Fi,5
U0488,M039,Up,Animation,4
U0488,M036,Se7en,Thriller,5
U0488,M041,Spirited Away,Animation,5
U0489,M051,Pan's Labyrinth,Fantasy,2
U0489,M039,Up,Animation,4
U0489,M090,Doctor Strange,Action,5
U0489,M059,2001: A Space Odyssey,Sci-Fi,1
U0489,M064,When Harry Met Sally,Romance,1
U0489,M083,Monty Python,Comedy,2
U0490,M002,Inception,Sci-Fi,4
U0490,M018,Superbad,Comedy,2
U0490,M014,The Shawshank Redemption,Drama,3
U0490,M042,Coco,Animation,3
U0490,M089,Spider-Man: No Way Home,Action,2
U0490,M093,Everything Everywhere All at Once,Sci-Fi,3
U0491,M089,Spider-Man: No Way Home,Action,1
U0491,M007,Titanic,Romance,3
U0491,M034,Joker,Drama,2
U0491,M006,Avengers: Endgame,Action,3
U0491,M015,Crazy Rich Asians,Romance,3
U0492,M035,The Big Lebowski,Comedy,2
U0492,M090,Doctor Strange,Action,5
U0492,M022,Midsommar,Horror,4
U0492,M018,Superbad,Comedy,4
U0492,M075,The Shining,Horror,3
U0492,M059,2001: A Space Odyssey,Sci-Fi,3
U0492,M016,Hereditary,Horror,4
U0492,M017,Forrest Gump,Drama,3
U0492,M041,Spirited Away,Animation,3
U0492,M019,Alien,Sci-Fi,3
U0492,M097,Moon,Sci-Fi,3
U0492,M053,Gladiator,Action,1
U0492,M082,A Beautiful Mind,Drama,4
U0492,M058,The Terminator,Sci-Fi,5
U0492,M086,Airplane!,Comedy,2
U0492,M067,The Fault in Our Stars,Romance,2
U0492,M068,The Silence of the Lambs,Thriller,2
U0493,M064,When Harry Met Sally,Romance,2
U0493,M008,Get Out,Horror,4
U0493,M028,La La Land,Romance,1
U0493,M002,Inception,Sci-Fi,3
U0493,M086,Airplane!,Comedy,2
U0493,M060,Arrival,Sci-Fi,5
U0493,M050,The Hobbit,Fantasy,5
U0494,M098,The Menu,Thriller,3
U0494,M040,WALL-E,Animation,5
U0494,M091,Thor: Ragnarok,Action,2
U0494,M059,2001: A Space Odyssey,Sci-Fi,1
U0494,M084,Anchorman,Comedy,3
U0494,M020,John Wick,Action,4
U0494,M065,Eternal Sunshine,Romance,2
U0494,M014,The Shawshank Redemption,Drama,4
U0494,M017,Forrest Gump,Drama,5
U0494,M029,Blade Runner 2049,Sci-Fi,1
U0494,M047,Jiro Dreams of Sushi,Documentary,2
U0494,M050,The Hobbit,Fantasy,4
U0494,M058,The Terminator,Sci-Fi,1
U0494,M080,Good Will Hunting,Drama,2
U0494,M066,Before Sunrise,Romance,2
U0495,M059,2001: A Space Odyssey,Sci-Fi,5
U0495,M024,Knives Out,Thriller,5
U0495,M035,The Big Lebowski,Comedy,3
U0495,M004,Interstellar,Sci-Fi,3
U0495,M061,Ex Machina,Sci-Fi,1
U0496,M046,The Act of Killing,Documentary,3
U0496,M056,Die Hard,Action,1
U0496,M028,La La Land,Romance,4
U0496,M020,John Wick,Action,3
U0496,M051,Pan's Labyrinth,Fantasy,4
U0496,M065,Eternal Sunshine,Romance,1
U0496,M066,Before Sunrise,Romance,1
U0497,M094,Dune,Sci-Fi,2
U0497,M055,Mission Impossible,Action,1
U0497,M025,It,Horror,2
U0497,M038,Finding Nemo,Animation,3
U0497,M052,Princess Mononoke,Fantasy,2
U0497,M023,The Matrix,Sci-Fi,1
U0497,M077,Us,Horror,5
U0497,M036,Se7en,Thriller,4
U0497,M068,The Silence of the Lambs,Thriller,3
U0497,M078,Schindler's List,Drama,2
U0497,M064,When Harry Met Sally,Romance,5
U0497,M067,The Fault in Our Stars,Romance,1
U0497,M056,Die Hard,Action,3
U0497,M014,The Shawshank Redemption,Drama,3
U0497,M088,Black Panther,Action,5
U0497,M007,Titanic,Romance,4
U0497,M083,Monty Python,Comedy,4
U0498,M013,Parasite,Thriller,5
U0498,M029,Blade Runner 2049,Sci-Fi,4
U0498,M094,Dune,Sci-Fi,3
U0498,M089,Spider-Man: No Way Home,Action,2
U0498,M035,The Big Lebowski,Comedy,2
U0498,M064,When Harry Met Sally,Romance,3
U0498,M027,Gone Girl,Thriller,2
U0498,M022,Midsommar,Horror,2
U0498,M045,13th,Documentary,2
U0498,M082,A Beautiful Mind,Drama,4
U0498,M037,Toy Story,Animation,5
U0498,M091,Thor: Ragnarok,Action,2
U0498,M077,Us,Horror,1
U0498,M001,The Dark Knight,Action,4
U0498,M024,Knives Out,Thriller,5
U0498,M065,Eternal Sunshine,Romance,3
U0498,M090,Doctor Strange,Action,1
U0499,M034,Joker,Drama,2
U0499,M010,Pride and Prejudice,Romance,4
U0499,M022,Midsommar,Horror,2
U0499,M087,The Mask,Comedy,4
U0499,M098,The Menu,Thriller,2
U0499,M002,Inception,Sci-Fi,1
U0499,M077,Us,Horror,1
U0499,M046,The Act of Killing,Documentary,5
U0499,M061,Ex Machina,Sci-Fi,3
U0499,M075,The Shining,Horror,2
U0500,M097,Moon,Sci-Fi,5
U0500,M019,Alien,Sci-Fi,3
U0500,M100,Nope,Horror,4
U0500,M013,Parasite,Thriller,4
U0500,M039,Up,Animation,4
U0500,M095,The Martian,Sci-Fi,4
U0500,M043,Planet Earth,Documentary,1
U0500,M058,The Terminator,Sci-Fi,3
U0500,M063,Casablanca,Romance,3
U0500,M045,13th,Documentary,3
U0501,M015,Crazy Rich Asians,Romance,2
U0501,M035,The Big Lebowski,Comedy,1
U0501,M088,Black Panther,Action,2
U0501,M067,The Fault in Our Stars,Romance,4
U0501,M094,Dune,Sci-Fi,1
U0501,M082,A Beautiful Mind,Drama,4
U0501,M003,The Notebook,Romance,5
U0501,M019,Alien,Sci-Fi,4
U0501,M053,Gladiator,Action,5
U0501,M029,Blade Runner 2049,Sci-Fi,2
U0501,M085,Step Brothers,Comedy,3
U0501,M046,The Act of Killing,Documentary,3
U0501,M064,When Harry Met Sally,Romance,3
U0501,M004,Interstellar,Sci-Fi,4
U0501,M032,The Pursuit of Happyness,Drama,5
U0501,M074,Rosemary's Baby,Horror,4
U0501,M095,The Martian,Sci-Fi,3
U0501,M090,Doctor Strange,Action,3
U0501,M056,Die Hard,Action,2
U0501,M047,Jiro Dreams of Sushi,Documentary,1
U0502,M079,12 Angry Men,Drama,4
U0502,M016,Hereditary,Horror,5
U0502,M056,Die Hard,Action,5
U0502,M059,2001: A Space Odyssey,Sci-Fi,2
U0502,M073,The Exorcist,Horror,3
U0502,M045,13th,Documentary,4
U0502,M037,Toy Story,Animation,4
U0502,M015,Crazy Rich Asians,Romance,1
U0502,M002,Inception,Sci-Fi,3
U0502,M064,When Harry Met Sally,Romance,1
U0502,M088,Black Panther,Action,4
U0502,M019,Alien,Sci-Fi,1
U0502,M060,Arrival,Sci-Fi,2
U0502,M020,John Wick,Action,3
U0502,M067,The Fault in Our Stars,Romance,5
U0503,M007,Titanic,Romance,2
U0503,M063,Casablanca,Romance,3
U0503,M040,WALL-E,Animation,4
U0503,M001,The Dark Knight,Action,5
U0503,M056,Die Hard,Action,5
U0503,M046,The Act of Killing,Documentary,2
U0503,M085,Step Brothers,Comedy,1
U0503,M033,Pitch Perfect,Comedy,3
U0504,M094,Dune,Sci-Fi,3
U0504,M026,Mad Max: Fury Road,Action,2
U0504,M056,Die Hard,Action,4
U0504,M075,The Shining,Horror,4
U0504,M011,A Quiet Place,Horror,4
U0504,M038,Finding Nemo,Animation,3
U0504,M029,Blade Runner 2049,Sci-Fi,3
U0504,M005,The Conjuring,Horror,3
U0504,M061,Ex Machina,Sci-Fi,5
U0505,M023,The Matrix,Sci-Fi,3
U0505,M073,The Exorcist,Horror,1
U0505,M056,Die Hard,Action,3
U0505,M087,The Mask,Comedy,5
U0505,M042,Coco,Animation,5
U0505,M075,The Shining,Horror,5
U0505,M018,Superbad,Comedy,2
U0505,M088,Black Panther,Action,4
U0505,M099,Barbarian,Horror,4
U0505,M026,Mad Max: Fury Road,Action,1
U0505,M033,Pitch Perfect,Comedy,2
U0505,M054,Top Gun: Maverick,Action,5
U0505,M071,Zodiac,Thriller,5
U0505,M039,Up,Animation,4
U0506,M060,Arrival,Sci-Fi,3
U0506,M046,The Act of Killing,Documentary,2
U0506,M055,Mission Impossible,Action,5
U0506,M054,Top Gun: Maverick,Action,5
U0506,M053,Gladiator,Action,5
U0506,M004,Interstellar,Sci-Fi,3
U0506,M072,Nightcrawler,Thriller,2
U0506,M099,Barbarian,Horror,4
U0506,M012,The Hangover,Comedy,2
U0506,M097,Moon,Sci-Fi,4
U0506,M018,Superbad,Comedy,1
U0506,M079,12 Angry Men,Drama,5
U0506,M039,Up,Animation,5
U0506,M032,The Pursuit of Happyness,Drama,5
U0506,M075,The Shining,Horror,1
U0506,M066,Before Sunrise,Romance,1
U0507,M035,The Big Lebowski,Comedy,3
U0507,M084,Anchorman,Comedy,5
U0507,M014,The Shawshank Redemption,Drama,5
U0507,M043,Planet Earth,Documentary,3
U0507,M077,Us,Horror,1
U0507,M013,Parasite,Thriller,2
U0508,M090,Doctor Strange,Action,4
U0508,M027,Gone Girl,Thriller,3
U0508,M067,The Fault in Our Stars,Romance,2
U0508,M019,Alien,Sci-Fi,2
U0508,M072,Nightcrawler,Thriller,4
U0508,M095,The Martian,Sci-Fi,3
U0509,M063,Casablanca,Romance,1
U0509,M080,Good Will Hunting,Drama,2
U0509,M089,Spider-Man: No Way Home,Action,2
U0509,M026,Mad Max: Fury Road,Action,5
U0509,M015,Crazy Rich Asians,Romance,1
U0510,M032,The Pursuit of Happyness,Drama,2
U0510,M027,Gone Girl,Thriller,2
U0510,M014,The Shawshank Redemption,Drama,4
U0510,M061,Ex Machina,Sci-Fi,4
U0510,M004,Interstellar,Sci-Fi,4
U0510,M065,Eternal Sunshine,Romance,2
U0510,M057,Speed,Action,2
U0510,M051,Pan's Labyrinth,Fantasy,5
U0511,M079,12 Angry Men,Drama,5
U0511,M088,Black Panther,Action,5
U0511,M057,Speed,Action,2
U0511,M085,Step Brothers,Comedy,4
U0511,M016,Hereditary,Horror,4
U0511,M056,Die Hard,Action,3
U0511,M019,Alien,Sci-Fi,3
U0511,M082,A Beautiful Mind,Drama,2
U0511,M003,The Notebook,Romance,5
U0511,M024,Knives Out,Thriller,5
U0511,M096,Annihilation,Sci-Fi,3
U0511,M031,Whiplash,Drama,4
U0511,M022,Midsommar,Horror,4
U0512,M090,Doctor Strange,Action,5
U0512,M014,The Shawshank Redemption,Drama,5
U0512,M060,Arrival,Sci-Fi,1
U0512,M054,Top Gun: Maverick,Action,3
U0512,M055,Mission Impossible,Action,2
U0512,M019,Alien,Sci-Fi,4
U0512,M004,Interstellar,Sci-Fi,4
U0512,M037,Toy Story,Animation,4
U0512,M059,2001: A Space Odyssey,Sci-Fi,1
U0512,M016,Hereditary,Horror,2
U0512,M073,The Exorcist,Horror,3
U0512,M050,The Hobbit,Fantasy,5
U0512,M002,Inception,Sci-Fi,5
U0512,M075,The Shining,Horror,2
U0512,M039,Up,Animation,4
U0512,M005,The Conjuring,Horror,5
U0512,M083,Monty Python,Comedy,4
U0513,M023,The Matrix,Sci-Fi,4
U0513,M084,Anchorman,Comedy,2
U0513,M020,John Wick,Action,3
U0513,M046,The Act of Killing,Documentary,3
U0513,M093,Everything Everywhere All at Once,Sci-Fi,4
U0513,M073,The Exorcist,Horror,1
U0513,M044,Free Solo,Documentary,4
U0514,M061,Ex Machina,Sci-Fi,4
U0514,M078,Schindler's List,Drama,2
U0514,M085,Step Brothers,Comedy,1
U0514,M024,Knives Out,Thriller,2
U0514,M074,Rosemary's Baby,Horror,2
U0514,M091,Thor: Ragnarok,Action,2
U0514,M065,Eternal Sunshine,Romance,1
U0514,M100,Nope,Horror,1
U0514,M068,The Silence of the Lambs,Thriller,5
U0514,M034,Joker,Drama,5
U0514,M017,Forrest Gump,Drama,4
U0514,M090,Doctor Strange,Action,2
U0514,M042,Coco,Animation,4
U0514,M076,Annihilation,Horror,1
U0514,M075,The Shining,Horror,2
U0514,M045,13th,Documentary,4
U0514,M080,Good Will Hunting,Drama,5
U0515,M008,Get Out,Horror,4
U0515,M079,12 Angry Men,Drama,4
U0515,M033,Pitch Perfect,Comedy,5
U0515,M015,Crazy Rich Asians,Romance,1
U0515,M005,The Conjuring,Horror,2
U0515,M096,Annihilation,Sci-Fi,3
U0515,M010,Pride and Prejudice,Romance,1
U0516,M049,Harry Potter,Fantasy,2
U0516,M018,Superbad,Comedy,1
U0516,M082,A Beautiful Mind,Drama,3
U0516,M074,Rosemary's Baby,Horror,1
U0516,M072,Nightcrawler,Thriller,3
U0516,M026,Mad Max: Fury Road,Action,1
U0516,M033,Pitch Perfect,Comedy,3
U0516,M063,Casablanca,Romance,4
U0516,M057,Speed,Action,5
U0516,M087,The Mask,Comedy,5
U0516,M037,Toy Story,Animation,3
U0516,M029,Blade Runner 2049,Sci-Fi,3
U0516,M095,The Martian,Sci-Fi,2
U0516,M021,Bridesmaids,Comedy,5
U0516,M056,Die Hard,Action,4
U0516,M068,The Silence of the Lambs,Thriller,3
U0516,M025,It,Horror,2
U0516,M012,The Hangover,Comedy,5
U0516,M075,The Shining,Horror,4
U0517,M046,The Act of Killing,Documentary,1
U0517,M080,Good Will Hunting,Drama,5
U0517,M072,Nightcrawler,Thriller,3
U0517,M018,Superbad,Comedy,1
U0517,M009,The Grand Budapest Hotel,Comedy,5
U0517,M057,Speed,Action,5
U0517,M055,Mission Impossible,Action,3
U0517,M081,Dead Poets Society,Drama,2
U0517,M049,Harry Potter,Fantasy,3
U0517,M010,Pride and Prejudice,Romance,3
U0517,M073,The Exorcist,Horror,3
U0517,M011,A Quiet Place,Horror,4
U0517,M017,Forrest Gump,Drama,4
U0517,M067,The Fault in Our Stars,Romance,1
U0517,M039,Up,Animation,4
U0517,M013,Parasite,Thriller,4
U0518,M069,No Country for Old Men,Thriller,5
U0518,M074,Rosemary's Baby,Horror,5
U0518,M031,Whiplash,Drama,2
U0518,M067,The Fault in Our Stars,Romance,5
U0518,M079,12 Angry Men,Drama,2
U0518,M065,Eternal Sunshine,Romance,5
U0518,M040,WALL-E,Animation,5
U0519,M084,Anchorman,Comedy,3
U0519,M004,Interstellar,Sci-Fi,1
U0519,M005,The Conjuring,Horror,2
U0519,M044,Free Solo,Documentary,4
U0519,M054,Top Gun: Maverick,Action,1
U0519,M034,Joker,Drama,5
U0519,M026,Mad Max: Fury Road,Action,5
U0519,M043,Planet Earth,Documentary,1
U0519,M098,The Menu,Thriller,4
U0519,M008,Get Out,Horror,1
U0519,M018,Superbad,Comedy,4
U0519,M027,Gone Girl,Thriller,5
U0519,M071,Zodiac,Thriller,5
U0520,M071,Zodiac,Thriller,2
U0520,M062,Gravity,Sci-Fi,4
U0520,M017,Forrest Gump,Drama,5
U0520,M035,The Big Lebowski,Comedy,2
U0520,M093,Everything Everywhere All at Once,Sci-Fi,3
U0520,M006,Avengers: Endgame,Action,4
U0520,M014,The Shawshank Redemption,Drama,5
U0521,M030,The Wolf of Wall Street,Drama,5
U0521,M003,The Notebook,Romance,4
U0521,M008,Get Out,Horror,2
U0521,M004,Interstellar,Sci-Fi,4
U0521,M100,Nope,Horror,4
U0521,M026,Mad Max: Fury Road,Action,5
U0521,M069,No Country for Old Men,Thriller,3
U0521,M078,Schindler's List,Drama,2
U0521,M049,Harry Potter,Fantasy,4
U0521,M088,Black Panther,Action,1
U0521,M095,The Martian,Sci-Fi,5
U0521,M071,Zodiac,Thriller,4
U0521,M062,Gravity,Sci-Fi,3
U0521,M007,Titanic,Romance,2
U0522,M056,Die Hard,Action,1
U0522,M008,Get Out,Horror,1
U0522,M031,Whiplash,Drama,2
U0522,M030,The Wolf of Wall Street,Drama,3
U0522,M012,The Hangover,Comedy,4
U0522,M076,Annihilation,Horror,2
U0522,M002,Inception,Sci-Fi,3
U0522,M053,Gladiator,Action,1
U0522,M096,Annihilation,Sci-Fi,3
U0522,M097,Moon,Sci-Fi,3
U0522,M069,No Country for Old Men,Thriller,5
U0522,M073,The Exorcist,Horror,2
U0522,M006,Avengers: Endgame,Action,3
U0522,M093,Everything Everywhere All at Once,Sci-Fi,2
U0522,M032,The Pursuit of Happyness,Drama,5
U0523,M062,Gravity,Sci-Fi,5
U0523,M085,Step Brothers,Comedy,3
U0523,M016,Hereditary,Horror,2
U0523,M010,Pride and Prejudice,Romance,5
U0523,M033,Pitch Perfect,Comedy,3
U0523,M070,Prisoners,Thriller,4
U0523,M027,Gone Girl,Thriller,5
U0523,M064,When Harry Met Sally,Romance,5
U0523,M091,Thor: Ragnarok,Action,1
U0523,M095,The Martian,Sci-Fi,1
U0523,M046,The Act of Killing,Documentary,3
U0523,M029,Blade Runner 2049,Sci-Fi,4
U0523,M057,Speed,Action,5
U0523,M092,Iron Man,Action,4
U0523,M039,Up,Animation,4
U0523,M047,Jiro Dreams of Sushi,Documentary,1
U0523,M100,Nope,Horror,2
U0524,M067,The Fault in Our Stars,Romance,2
U0524,M030,The Wolf of Wall Street,Drama,2
U0524,M040,WALL-E,Animation,4
U0524,M095,The Martian,Sci-Fi,4
U0524,M071,Zodiac,Thriller,5
U0524,M027,Gone Girl,Thriller,2
U0524,M016,Hereditary,Horror,1
U0524,M048,The Lord of the Rings,Fantasy,4
U0524,M093,Everything Everywhere All at Once,Sci-Fi,1
U0525,M036,Se7en,Thriller,3
U0525,M076,Annihilation,Horror,4
U0525,M050,The Hobbit,Fantasy,3
U0525,M039,Up,Animation,5
U0525,M011,A Quiet Place,Horror,5
U0525,M008,Get Out,Horror,1
U0525,M079,12 Angry Men,Drama,4
U0525,M064,When Harry Met Sally,Romance,1
U0525,M003,The Notebook,Romance,5
U0525,M049,Harry Potter,Fantasy,4
U0525,M057,Speed,Action,1
U0525,M006,Avengers: Endgame,Action,5
U0525,M029,Blade Runner 2049,Sci-Fi,3
U0526,M097,Moon,Sci-Fi,5
U0526,M076,Annihilation,Horror,4
U0526,M028,La La Land,Romance,3
U0526,M004,Interstellar,Sci-Fi,5
U0526,M044,Free Solo,Documentary,4
U0526,M093,Everything Everywhere All at Once,Sci-Fi,4
U0526,M080,Good Will Hunting,Drama,5
U0526,M056,Die Hard,Action,5
U0526,M055,Mission Impossible,Action,5
U0526,M094,Dune,Sci-Fi,3
U0526,M095,The Martian,Sci-Fi,2
U0526,M008,Get Out,Horror,4
U0526,M014,The Shawshank Redemption,Drama,5
U0527,M017,Forrest Gump,Drama,2
U0527,M002,Inception,Sci-Fi,5
U0527,M036,Se7en,Thriller,4
U0527,M088,Black Panther,Action,3
U0527,M011,A Quiet Place,Horror,3
U0527,M032,The Pursuit of Happyness,Drama,4
U0527,M099,Barbarian,Horror,5
U0527,M070,Prisoners,Thriller,2
U0527,M038,Finding Nemo,Animation,3
U0527,M044,Free Solo,Documentary,3
U0527,M074,Rosemary's Baby,Horror,5
U0527,M051,Pan's Labyrinth,Fantasy,4
U0528,M023,The Matrix,Sci-Fi,5
U0528,M057,Speed,Action,1
U0528,M060,Arrival,Sci-Fi,3
U0528,M003,The Notebook,Romance,5
U0528,M002,Inception,Sci-Fi,5
U0528,M005,The Conjuring,Horror,3
U0528,M046,The Act of Killing,Documentary,1
U0528,M062,Gravity,Sci-Fi,4
U0528,M082,A Beautiful Mind,Drama,3
U0528,M072,Nightcrawler,Thriller,4
U0528,M028,La La Land,Romance,3
U0528,M053,Gladiator,Action,3
U0528,M008,Get Out,Horror,4
U0529,M030,The Wolf of Wall Street,Drama,3
U0529,M081,Dead Poets Society,Drama,5
U0529,M023,The Matrix,Sci-Fi,4
U0529,M019,Alien,Sci-Fi,5
U0529,M080,Good Will Hunting,Drama,4
U0529,M084,Anchorman,Comedy,1
U0529,M007,Titanic,Romance,5
U0529,M015,Crazy Rich Asians,Romance,2
U0529,M005,The Conjuring,Horror,1
U0530,M033,Pitch Perfect,Comedy,4
U0530,M003,The Notebook,Romance,1
U0530,M087,The Mask,Comedy,5
U0530,M046,The Act of Killing,Documentary,1
U0530,M070,Prisoners,Thriller,3
U0530,M092,Iron Man,Action,2
U0530,M006,Avengers: Endgame,Action,3
U0530,M077,Us,Horror,5
U0530,M031,Whiplash,Drama,4
U0530,M045,13th,Documentary,4
U0530,M014,The Shawshank Redemption,Drama,2
U0530,M010,Pride and Prejudice,Romance,4
U0530,M065,Eternal Sunshine,Romance,3
U0531,M004,Interstellar,Sci-Fi,3
U0531,M042,Coco,Animation,5
U0531,M078,Schindler's List,Drama,2
U0531,M047,Jiro Dreams of Sushi,Documentary,2
U0531,M043,Planet Earth,Documentary,3
U0531,M053,Gladiator,Action,1
U0531,M084,Anchorman,Comedy,3
U0531,M048,The Lord of the Rings,Fantasy,3
U0531,M061,Ex Machina,Sci-Fi,5
U0532,M014,The Shawshank Redemption,Drama,5
U0532,M078,Schindler's List,Drama,5
U0532,M028,La La Land,Romance,3
U0532,M041,Spirited Away,Animation,4
U0532,M066,Before Sunrise,Romance,4
U0533,M085,Step Brothers,Comedy,1
U0533,M093,Everything Everywhere All at Once,Sci-Fi,1
U0533,M020,John Wick,Action,2
U0533,M049,Harry Potter,Fantasy,5
U0533,M098,The Menu,Thriller,5
U0533,M084,Anchorman,Comedy,5
U0534,M069,No Country for Old Men,Thriller,4
U0534,M094,Dune,Sci-Fi,2
U0534,M016,Hereditary,Horror,4
U0534,M068,The Silence of the Lambs,Thriller,4
U0534,M007,Titanic,Romance,1
U0534,M078,Schindler's List,Drama,3
U0534,M061,Ex Machina,Sci-Fi,4
U0534,M085,Step Brothers,Comedy,4
U0534,M067,The Fault in Our Stars,Romance,3
U0534,M057,Speed,Action,1
U0534,M041,Spirited Away,Animation,4
U0534,M035,The Big Lebowski,Comedy,5
U0534,M025,It,Horror,5
U0534,M074,Rosemary's Baby,Horror,1
U0534,M038,Finding Nemo,Animation,4
U0534,M032,The Pursuit of Happyness,Drama,5
U0534,M043,Planet Earth,Documentary,5
U0534,M099,Barbarian,Horror,2
U0535,M054,Top Gun: Maverick,Action,4
U0535,M030,The Wolf of Wall Street,Drama,5
U0535,M073,The Exorcist,Horror,5
U0535,M017,Forrest Gump,Drama,3
U0535,M069,No Country for Old Men,Thriller,5
U0535,M032,The Pursuit of Happyness,Drama,5
U0535,M100,Nope,Horror,2
U0535,M053,Gladiator,Action,2
U0535,M087,The Mask,Comedy,4
U0535,M075,The Shining,Horror,1
U0535,M086,Airplane!,Comedy,2
U0535,M018,Superbad,Comedy,1
U0535,M078,Schindler's List,Drama,5
U0535,M034,Joker,Drama,4
U0535,M037,Toy Story,Animation,5
U0535,M044,Free Solo,Documentary,4
U0535,M041,Spirited Away,Animation,3
U0535,M016,Hereditary,Horror,2
U0535,M011,A Quiet Place,Horror,1
U0536,M004,Interstellar,Sci-Fi,3
U0536,M089,Spider-Man: No Way Home,Action,5
U0536,M022,Midsommar,Horror,5
U0536,M010,Pride and Prejudice,Romance,5
U0536,M017,Forrest Gump,Drama,2
U0536,M066,Before Sunrise,Romance,1
U0536,M068,The Silence of the Lambs,Thriller,2
U0536,M050,The Hobbit,Fantasy,4
U0536,M055,Mission Impossible,Action,4
U0536,M046,The Act of Killing,Documentary,4
U0536,M052,Princess Mononoke,Fantasy,4
U0536,M090,Doctor Strange,Action,4
U0536,M072,Nightcrawler,Thriller,4
U0536,M031,Whiplash,Drama,5
U0536,M092,Iron Man,Action,2
U0536,M038,Finding Nemo,Animation,4
U0536,M016,Hereditary,Horror,5
U0536,M044,Free Solo,Documentary,5
U0537,M020,John Wick,Action,4
U0537,M001,The Dark Knight,Action,3
U0537,M076,Annihilation,Horror,4
U0537,M048,The Lord of the Rings,Fantasy,3
U0537,M087,The Mask,Comedy,5
U0537,M084,Anchorman,Comedy,5
U0537,M059,2001: A Space Odyssey,Sci-Fi,3
U0538,M030,The Wolf of Wall Street,Drama,5
U0538,M039,Up,Animation,5
U0538,M064,When Harry Met Sally,Romance,4
U0538,M044,Free Solo,Documentary,3
U0538,M007,Titanic,Romance,3
U0538,M073,The Exorcist,Horror,4
U0538,M067,The Fault in Our Stars,Romance,3
U0538,M068,The Silence of the Lambs,Thriller,3
U0539,M006,Avengers: Endgame,Action,3
U0539,M095,The Martian,Sci-Fi,1
U0539,M094,Dune,Sci-Fi,3
U0539,M027,Gone Girl,Thriller,4
U0539,M056,Die Hard,Action,2
U0539,M067,The Fault in Our Stars,Romance,1
U0539,M036,Se7en,Thriller,4
U0539,M074,Rosemary's Baby,Horror,3
U0539,M079,12 Angry Men,Drama,5
U0540,M029,Blade Runner 2049,Sci-Fi,5
U0540,M022,Midsommar,Horror,2
U0540,M037,Toy Story,Animation,3
U0540,M034,Joker,Drama,5
U0540,M078,Schindler's List,Drama,2
U0540,M097,Moon,Sci-Fi,3
U0540,M014,The Shawshank Redemption,Drama,3
U0540,M030,The Wolf of Wall Street,Drama,4
U0540,M086,Airplane!,Comedy,5
U0540,M036,Se7en,Thriller,5
U0540,M019,Alien,Sci-Fi,4
U0540,M013,Parasite,Thriller,5
U0540,M027,Gone Girl,Thriller,3
U0540,M071,Zodiac,Thriller,5
U0540,M066,Before Sunrise,Romance,3
U0540,M004,Interstellar,Sci-Fi,1
U0540,M077,Us,Horror,1
U0540,M006,Avengers: Endgame,Action,4
U0540,M070,Prisoners,Thriller,5
U0541,M034,Joker,Drama,2
U0541,M012,The Hangover,Comedy,3
U0541,M018,Superbad,Comedy,1
U0541,M036,Se7en,Thriller,5
U0541,M094,Dune,Sci-Fi,1
U0541,M086,Airplane!,Comedy,5
U0541,M015,Crazy Rich Asians,Romance,3
U0541,M046,The Act of Killing,Documentary,2
U0541,M011,A Quiet Place,Horror,5
U0541,M096,Annihilation,Sci-Fi,1
U0541,M029,Blade Runner 2049,Sci-Fi,1
U0541,M010,Pride and Prejudice,Romance,2
U0541,M042,Coco,Animation,4
U0541,M021,Bridesmaids,Comedy,5
U0541,M065,Eternal Sunshine,Romance,4
U0541,M043,Planet Earth,Documentary,2
U0541,M059,2001: A Space Odyssey,Sci-Fi,2
U0541,M081,Dead Poets Society,Drama,4
U0541,M095,The Martian,Sci-Fi,4
U0541,M066,Before Sunrise,Romance,2
U0542,M024,Knives Out,Thriller,3
U0542,M094,Dune,Sci-Fi,1
U0542,M064,When Harry Met Sally,Romance,4
U0542,M037,Toy Story,Animation,4
U0542,M017,Forrest Gump,Drama,5
U0542,M026,Mad Max: Fury Road,Action,4
U0542,M082,A Beautiful Mind,Drama,5
U0542,M012,The Hangover,Comedy,2
U0542,M067,The Fault in Our Stars,Romance,3
U0542,M093,Everything Everywhere All at Once,Sci-Fi,4
U0542,M096,Annihilation,Sci-Fi,5
U0542,M028,La La Land,Romance,2
U0542,M001,The Dark Knight,Action,3
U0542,M056,Die Hard,Action,2
U0542,M009,The Grand Budapest Hotel,Comedy,3
U0542,M063,Casablanca,Romance,4
U0542,M072,Nightcrawler,Thriller,5
U0542,M079,12 Angry Men,Drama,5
U0542,M027,Gone Girl,Thriller,5
U0542,M091,Thor: Ragnarok,Action,3
U0543,M038,Finding Nemo,Animation,4
U0543,M013,Parasite,Thriller,5
U0543,M029,Blade Runner 2049,Sci-Fi,4
U0543,M015,Crazy Rich Asians,Romance,5
U0543,M097,Moon,Sci-Fi,4
U0543,M098,The Menu,Thriller,3
U0543,M037,Toy Story,Animation,3
U0543,M054,Top Gun: Maverick,Action,3
U0543,M058,The Terminator,Sci-Fi,3
U0543,M042,Coco,Animation,5
U0543,M032,The Pursuit of Happyness,Drama,3
U0543,M085,Step Brothers,Comedy,4
U0543,M055,Mission Impossible,Action,1
U0543,M023,The Matrix,Sci-Fi,5
U0543,M060,Arrival,Sci-Fi,3
U0543,M041,Spirited Away,Animation,4
U0543,M045,13th,Documentary,3
U0543,M090,Doctor Strange,Action,4
U0543,M051,Pan's Labyrinth,Fantasy,4
U0543,M091,Thor: Ragnarok,Action,4
U0544,M052,Princess Mononoke,Fantasy,2
U0544,M034,Joker,Drama,5
U0544,M007,Titanic,Romance,5
U0544,M035,The Big Lebowski,Comedy,3
U0544,M063,Casablanca,Romance,2
U0544,M094,Dune,Sci-Fi,5
U0544,M029,Blade Runner 2049,Sci-Fi,5
U0544,M044,Free Solo,Documentary,1
U0544,M082,A Beautiful Mind,Drama,2
U0544,M006,Avengers: Endgame,Action,4
U0544,M040,WALL-E,Animation,3
U0544,M058,The Terminator,Sci-Fi,3
U0544,M053,Gladiator,Action,3
U0544,M074,Rosemary's Baby,Horror,5
U0544,M022,Midsommar,Horror,1
U0544,M069,No Country for Old Men,Thriller,2
U0544,M027,Gone Girl,Thriller,5
U0544,M100,Nope,Horror,2
U0545,M069,No Country for Old Men,Thriller,2
U0545,M026,Mad Max: Fury Road,Action,5
U0545,M021,Bridesmaids,Comedy,1
U0545,M051,Pan's Labyrinth,Fantasy,5
U0545,M092,Iron Man,Action,4
U0545,M030,The Wolf of Wall Street,Drama,5
U0545,M038,Finding Nemo,Animation,3
U0545,M048,The Lord of the Rings,Fantasy,3
U0545,M043,Planet Earth,Documentary,3
U0545,M053,Gladiator,Action,3
U0545,M028,La La Land,Romance,1
U0545,M071,Zodiac,Thriller,3
U0545,M094,Dune,Sci-Fi,2
U0545,M032,The Pursuit of Happyness,Drama,2
U0545,M002,Inception,Sci-Fi,3
U0545,M005,The Conjuring,Horror,1
U0546,M084,Anchorman,Comedy,5
U0546,M052,Princess Mononoke,Fantasy,3
U0546,M017,Forrest Gump,Drama,2
U0546,M095,The Martian,Sci-Fi,5
U0546,M035,The Big Lebowski,Comedy,4
U0546,M011,A Quiet Place,Horror,2
U0546,M010,Pride and Prejudice,Romance,5
U0546,M065,Eternal Sunshine,Romance,3
U0546,M093,Everything Everywhere All at Once,Sci-Fi,3
U0546,M091,Thor: Ragnarok,Action,4
U0546,M098,The Menu,Thriller,5
U0546,M094,Dune,Sci-Fi,1
U0546,M054,Top Gun: Maverick,Action,3
U0546,M003,The Notebook,Romance,3
U0546,M002,Inception,Sci-Fi,4
U0546,M096,Annihilation,Sci-Fi,2
U0546,M070,Prisoners,Thriller,2
U0547,M084,Anchorman,Comedy,5
U0547,M074,Rosemary's Baby,Horror,5
U0547,M061,Ex Machina,Sci-Fi,2
U0547,M049,Harry Potter,Fantasy,4
U0547,M038,Finding Nemo,Animation,3
U0547,M055,Mission Impossible,Action,4
U0547,M012,The Hangover,Comedy,4
U0547,M029,Blade Runner 2049,Sci-Fi,3
U0547,M053,Gladiator,Action,5
U0547,M072,Nightcrawler,Thriller,2
U0547,M036,Se7en,Thriller,5
U0547,M062,Gravity,Sci-Fi,2
U0547,M037,Toy Story,Animation,5
U0548,M051,Pan's Labyrinth,Fantasy,4
U0548,M099,Barbarian,Horror,5
U0548,M030,The Wolf of Wall Street,Drama,2
U0548,M058,The Terminator,Sci-Fi,3
U0548,M048,The Lord of the Rings,Fantasy,4
U0549,M081,Dead Poets Society,Drama,2
U0549,M011,A Quiet Place,Horror,2
U0549,M013,Parasite,Thriller,5
U0549,M072,Nightcrawler,Thriller,5
U0549,M022,Midsommar,Horror,4
U0549,M027,Gone Girl,Thriller,5
U0549,M063,Casablanca,Romance,5
U0549,M076,Annihilation,Horror,2
U0549,M032,The Pursuit of Happyness,Drama,2
U0550,M033,Pitch Perfect,Comedy,2
U0550,M053,Gladiator,Action,3
U0550,M040,WALL-E,Animation,5
U0550,M095,The Martian,Sci-Fi,4
U0550,M044,Free Solo,Documentary,5
U0550,M020,John Wick,Action,5
U0550,M005,The Conjuring,Horror,1
U0550,M042,Coco,Animation,3
U0550,M089,Spider-Man: No Way Home,Action,4
U0550,M073,The Exorcist,Horror,1
U0550,M077,Us,Horror,4
U0550,M001,The Dark Knight,Action,2
U0550,M035,The Big Lebowski,Comedy,1
U0550,M027,Gone Girl,Thriller,3
U0550,M097,Moon,Sci-Fi,5
U0550,M072,Nightcrawler,Thriller,2
U0550,M063,Casablanca,Romance,2
U0550,M070,Prisoners,Thriller,3
U0550,M064,When Harry Met Sally,Romance,4
U0550,M041,Spirited Away,Animation,3
U0551,M055,Mission Impossible,Action,2
U0551,M064,When Harry Met Sally,Romance,5
U0551,M022,Midsommar,Horror,4
U0551,M081,Dead Poets Society,Drama,5
U0551,M068,The Silence of the Lambs,Thriller,2
U0551,M063,Casablanca,Romance,3
U0552,M056,Die Hard,Action,3
U0552,M038,Finding Nemo,Animation,5
U0552,M093,Everything Everywhere All at Once,Sci-Fi,2
U0552,M087,The Mask,Comedy,2
U0552,M035,The Big Lebowski,Comedy,3
U0552,M067,The Fault in Our Stars,Romance,5
U0552,M042,Coco,Animation,4
U0552,M079,12 Angry Men,Drama,5
U0553,M067,The Fault in Our Stars,Romance,2
U0553,M078,Schindler's List,Drama,3
U0553,M033,Pitch Perfect,Comedy,4
U0553,M061,Ex Machina,Sci-Fi,1
U0553,M060,Arrival,Sci-Fi,1
U0553,M027,Gone Girl,Thriller,4
U0553,M043,Planet Earth,Documentary,2
U0553,M096,Annihilation,Sci-Fi,2
U0553,M093,Everything Everywhere All at Once,Sci-Fi,1
U0553,M018,Superbad,Comedy,5
U0553,M022,Midsommar,Horror,4
U0553,M068,The Silence of the Lambs,Thriller,4
U0553,M092,Iron Man,Action,1
U0553,M002,Inception,Sci-Fi,1
U0553,M041,Spirited Away,Animation,5
U0553,M054,Top Gun: Maverick,Action,4
U0554,M009,The Grand Budapest Hotel,Comedy,4
U0554,M045,13th,Documentary,5
U0554,M082,A Beautiful Mind,Drama,4
U0554,M072,Nightcrawler,Thriller,4
U0554,M029,Blade Runner 2049,Sci-Fi,5
U0554,M081,Dead Poets Society,Drama,5
U0554,M002,Inception,Sci-Fi,3
U0554,M025,It,Horror,5
U0554,M036,Se7en,Thriller,5
U0554,M037,Toy Story,Animation,4
U0555,M076,Annihilation,Horror,3
U0555,M020,John Wick,Action,5
U0555,M014,The Shawshank Redemption,Drama,2
U0555,M094,Dune,Sci-Fi,2
U0555,M028,La La Land,Romance,5
U0555,M036,Se7en,Thriller,5
U0555,M023,The Matrix,Sci-Fi,4
U0556,M074,Rosemary's Baby,Horror,5
U0556,M099,Barbarian,Horror,2
U0556,M076,Annihilation,Horror,2
U0556,M078,Schindler's List,Drama,3
U0556,M036,Se7en,Thriller,5
U0556,M095,The Martian,Sci-Fi,1
U0556,M079,12 Angry Men,Drama,4
U0556,M086,Airplane!,Comedy,1
U0556,M061,Ex Machina,Sci-Fi,1
U0556,M027,Gone Girl,Thriller,3
U0556,M022,Midsommar,Horror,5
U0556,M001,The Dark Knight,Action,4
U0556,M030,The Wolf of Wall Street,Drama,5
U0556,M028,La La Land,Romance,4
U0556,M012,The Hangover,Comedy,3
U0557,M065,Eternal Sunshine,Romance,3
U0557,M098,The Menu,Thriller,5
U0557,M016,Hereditary,Horror,1
U0557,M031,Whiplash,Drama,5
U0557,M072,Nightcrawler,Thriller,3
U0557,M051,Pan's Labyrinth,Fantasy,3
U0557,M049,Harry Potter,Fantasy,4
U0557,M100,Nope,Horror,2
U0557,M050,The Hobbit,Fantasy,4
U0557,M091,Thor: Ragnarok,Action,5
U0557,M061,Ex Machina,Sci-Fi,4
U0557,M046,The Act of Killing,Documentary,4
U0557,M040,WALL-E,Animation,4
U0557,M067,The Fault in Our Stars,Romance,1
U0558,M084,Anchorman,Comedy,2
U0558,M045,13th,Documentary,4
U0558,M023,The Matrix,Sci-Fi,3
U0558,M004,Interstellar,Sci-Fi,5
U0558,M047,Jiro Dreams of Sushi,Documentary,2
U0558,M060,Arrival,Sci-Fi,1
U0558,M099,Barbarian,Horror,5
U0558,M086,Airplane!,Comedy,3
U0558,M094,Dune,Sci-Fi,3
U0558,M055,Mission Impossible,Action,1
U0558,M028,La La Land,Romance,3
U0558,M079,12 Angry Men,Drama,4
U0558,M072,Nightcrawler,Thriller,5
U0558,M025,It,Horror,1
U0558,M049,Harry Potter,Fantasy,5
U0558,M048,The Lord of the Rings,Fantasy,4
U0558,M096,Annihilation,Sci-Fi,1
U0558,M002,Inception,Sci-Fi,3
U0559,M051,Pan's Labyrinth,Fantasy,2
U0559,M006,Avengers: Endgame,Action,1
U0559,M090,Doctor Strange,Action,3
U0559,M091,Thor: Ragnarok,Action,1
U0559,M033,Pitch Perfect,Comedy,5
U0559,M036,Se7en,Thriller,3
U0559,M081,Dead Poets Society,Drama,3
U0559,M008,Get Out,Horror,2
U0559,M074,Rosemary's Baby,Horror,1
U0559,M004,Interstellar,Sci-Fi,4
U0559,M092,Iron Man,Action,1
U0559,M061,Ex Machina,Sci-Fi,1
U0559,M078,Schindler's List,Drama,5
U0559,M059,2001: A Space Odyssey,Sci-Fi,1
U0559,M063,Casablanca,Romance,3
U0559,M023,The Matrix,Sci-Fi,1
U0559,M096,Annihilation,Sci-Fi,5
U0559,M083,Monty Python,Comedy,3
U0559,M097,Moon,Sci-Fi,2
U0559,M070,Prisoners,Thriller,5
U0560,M043,Planet Earth,Documentary,5
U0560,M087,The Mask,Comedy,3
U0560,M041,Spirited Away,Animation,5
U0560,M091,Thor: Ragnarok,Action,1
U0560,M022,Midsommar,Horror,4
U0561,M086,Airplane!,Comedy,2
U0561,M008,Get Out,Horror,1
U0561,M009,The Grand Budapest Hotel,Comedy,3
U0561,M025,It,Horror,3
U0561,M098,The Menu,Thriller,5
U0561,M065,Eternal Sunshine,Romance,3
U0561,M019,Alien,Sci-Fi,1
U0561,M094,Dune,Sci-Fi,3
U0561,M035,The Big Lebowski,Comedy,4
U0561,M011,A Quiet Place,Horror,5
U0561,M023,The Matrix,Sci-Fi,1
U0561,M057,Speed,Action,5
U0561,M006,Avengers: Endgame,Action,4
U0561,M036,Se7en,Thriller,2
U0561,M078,Schindler's List,Drama,2
U0561,M026,Mad Max: Fury Road,Action,1
U0561,M089,Spider-Man: No Way Home,Action,2
U0561,M053,Gladiator,Action,1
U0562,M041,Spirited Away,Animation,5
U0562,M076,Annihilation,Horror,1
U0562,M081,Dead Poets Society,Drama,3
U0562,M003,The Notebook,Romance,3
U0562,M099,Barbarian,Horror,2
U0562,M022,Midsommar,Horror,2
U0562,M002,Inception,Sci-Fi,3
U0562,M028,La La Land,Romance,1
U0562,M082,A Beautiful Mind,Drama,5
U0562,M048,The Lord of the Rings,Fantasy,4
U0563,M036,Se7en,Thriller,4
U0563,M018,Superbad,Comedy,3
U0563,M073,The Exorcist,Horror,4
U0563,M041,Spirited Away,Animation,4
U0563,M053,Gladiator,Action,1
U0563,M029,Blade Runner 2049,Sci-Fi,4
U0563,M025,It,Horror,3
U0563,M035,The Big Lebowski,Comedy,5
U0563,M026,Mad Max: Fury Road,Action,3
U0563,M023,The Matrix,Sci-Fi,3
U0564,M081,Dead Poets Society,Drama,4
U0564,M088,Black Panther,Action,1
U0564,M022,Midsommar,Horror,5
U0564,M005,The Conjuring,Horror,2
U0564,M075,The Shining,Horror,3
U0564,M050,The Hobbit,Fantasy,3
U0564,M020,John Wick,Action,4
U0564,M069,No Country for Old Men,Thriller,4
U0564,M073,The Exorcist,Horror,1
U0564,M027,Gone Girl,Thriller,2
U0564,M090,Doctor Strange,Action,5
U0564,M056,Die Hard,Action,2
U0564,M045,13th,Documentary,4
U0564,M083,Monty Python,Comedy,2
U0564,M037,Toy Story,Animation,5
U0564,M044,Free Solo,Documentary,5
U0564,M065,Eternal Sunshine,Romance,3
U0564,M071,Zodiac,Thriller,4
U0564,M096,Annihilation,Sci-Fi,5
U0565,M085,Step Brothers,Comedy,3
U0565,M076,Annihilation,Horror,3
U0565,M005,The Conjuring,Horror,2
U0565,M042,Coco,Animation,5
U0565,M090,Doctor Strange,Action,5
U0565,M014,The Shawshank Redemption,Drama,3
U0565,M081,Dead Poets Society,Drama,2
U0565,M046,The Act of Killing,Documentary,4
U0565,M002,Inception,Sci-Fi,5
U0565,M021,Bridesmaids,Comedy,4
U0565,M054,Top Gun: Maverick,Action,5
U0565,M061,Ex Machina,Sci-Fi,5
U0565,M043,Planet Earth,Documentary,4
U0565,M044,Free Solo,Documentary,4
U0565,M083,Monty Python,Comedy,4
U0565,M013,Parasite,Thriller,3
U0565,M024,Knives Out,Thriller,4
U0566,M077,Us,Horror,4
U0566,M044,Free Solo,Documentary,5
U0566,M062,Gravity,Sci-Fi,1
U0566,M087,The Mask,Comedy,2
U0566,M052,Princess Mononoke,Fantasy,5
U0566,M039,Up,Animation,4
U0566,M006,Avengers: Endgame,Action,3
U0566,M030,The Wolf of Wall Street,Drama,5
U0566,M098,The Menu,Thriller,5
U0566,M065,Eternal Sunshine,Romance,2
U0566,M014,The Shawshank Redemption,Drama,5
U0566,M054,Top Gun: Maverick,Action,2
U0566,M055,Mission Impossible,Action,2
U0566,M100,Nope,Horror,3
U0566,M035,The Big Lebowski,Comedy,1
U0566,M074,Rosemary's Baby,Horror,1
U0567,M099,Barbarian,Horror,2
U0567,M019,Alien,Sci-Fi,2
U0567,M045,13th,Documentary,4
U0567,M059,2001: A Space Odyssey,Sci-Fi,1
U0567,M051,Pan's Labyrinth,Fantasy,3
U0567,M022,Midsommar,Horror,2
U0567,M001,The Dark Knight,Action,5
U0567,M085,Step Brothers,Comedy,3
U0567,M026,Mad Max: Fury Road,Action,1
U0567,M023,The Matrix,Sci-Fi,4
U0567,M039,Up,Animation,4
U0567,M040,WALL-E,Animation,4
U0567,M011,A Quiet Place,Horror,1
U0567,M024,Knives Out,Thriller,5
U0568,M090,Doctor Strange,Action,3
U0568,M028,La La Land,Romance,4
U0568,M061,Ex Machina,Sci-Fi,5
U0568,M086,Airplane!,Comedy,4
U0568,M049,Harry Potter,Fantasy,5
U0568,M060,Arrival,Sci-Fi,1
U0568,M091,Thor: Ragnarok,Action,3
U0568,M032,The Pursuit of Happyness,Drama,5
U0568,M098,The Menu,Thriller,5
U0568,M013,Parasite,Thriller,2
U0568,M050,The Hobbit,Fantasy,3
U0568,M017,Forrest Gump,Drama,5
U0568,M041,Spirited Away,Animation,4
U0568,M018,Superbad,Comedy,2
U0568,M052,Princess Mononoke,Fantasy,4
U0568,M099,Barbarian,Horror,3
U0568,M042,Coco,Animation,4
U0569,M079,12 Angry Men,Drama,3
U0569,M077,Us,Horror,2
U0569,M097,Moon,Sci-Fi,4
U0569,M051,Pan's Labyrinth,Fantasy,3
U0569,M010,Pride and Prejudice,Romance,1
U0570,M039,Up,Animation,5
U0570,M056,Die Hard,Action,4
U0570,M012,The Hangover,Comedy,1
U0570,M044,Free Solo,Documentary,3
U0570,M050,The Hobbit,Fantasy,4
U0570,M084,Anchorman,Comedy,2
U0570,M024,Knives Out,Thriller,3
U0570,M055,Mission Impossible,Action,4
U0570,M020,John Wick,Action,5
U0570,M037,Toy Story,Animation,3
U0570,M040,WALL-E,Animation,5
U0571,M045,13th,Documentary,2
U0571,M088,Black Panther,Action,3
U0571,M094,Dune,Sci-Fi,2
U0571,M013,Parasite,Thriller,5
U0571,M084,Anchorman,Comedy,5
U0571,M052,Princess Mononoke,Fantasy,4
U0571,M002,Inception,Sci-Fi,4
U0572,M063,Casablanca,Romance,1
U0572,M084,Anchorman,Comedy,3
U0572,M086,Airplane!,Comedy,4
U0572,M052,Princess Mononoke,Fantasy,4
U0572,M055,Mission Impossible,Action,1
U0573,M065,Eternal Sunshine,Romance,5
U0573,M048,The Lord of the Rings,Fantasy,4
U0573,M100,Nope,Horror,2
U0573,M061,Ex Machina,Sci-Fi,5
U0573,M092,Iron Man,Action,5
U0573,M043,Planet Earth,Documentary,4
U0573,M069,No Country for Old Men,Thriller,5
U0573,M047,Jiro Dreams of Sushi,Documentary,1
U0573,M015,Crazy Rich Asians,Romance,4
U0573,M023,The Matrix,Sci-Fi,3
U0573,M055,Mission Impossible,Action,1
U0573,M098,The Menu,Thriller,2
U0573,M050,The Hobbit,Fantasy,4
U0573,M087,The Mask,Comedy,4
U0573,M011,A Quiet Place,Horror,3
U0573,M020,John Wick,Action,1
U0573,M001,The Dark Knight,Action,5
U0573,M044,Free Solo,Documentary,3
U0573,M091,Thor: Ragnarok,Action,3
U0574,M044,Free Solo,Documentary,3
U0574,M087,The Mask,Comedy,1
U0574,M038,Finding Nemo,Animation,5
U0574,M099,Barbarian,Horror,4
U0574,M004,Interstellar,Sci-Fi,2
U0574,M070,Prisoners,Thriller,3
U0574,M035,The Big Lebowski,Comedy,1
U0574,M023,The Matrix,Sci-Fi,5
U0574,M046,The Act of Killing,Documentary,1
U0574,M054,Top Gun: Maverick,Action,2
U0574,M003,The Notebook,Romance,2
U0574,M058,The Terminator,Sci-Fi,4
U0574,M042,Coco,Animation,5
U0574,M039,Up,Animation,4
U0574,M082,A Beautiful Mind,Drama,4
U0574,M005,The Conjuring,Horror,4
U0574,M077,Us,Horror,5
U0574,M015,Crazy Rich Asians,Romance,2
U0575,M006,Avengers: Endgame,Action,2
U0575,M010,Pride and Prejudice,Romance,3
U0575,M042,Coco,Animation,3
U0575,M048,The Lord of the Rings,Fantasy,4
U0575,M005,The Conjuring,Horror,1
U0575,M019,Alien,Sci-Fi,2
U0575,M078,Schindler's List,Drama,5
U0575,M093,Everything Everywhere All at Once,Sci-Fi,3
U0575,M082,A Beautiful Mind,Drama,4
U0575,M013,Parasite,Thriller,5
U0575,M049,Harry Potter,Fantasy,5
U0575,M066,Before Sunrise,Romance,5
U0575,M011,A Quiet Place,Horror,2
U0575,M044,Free Solo,Documentary,1
U0575,M096,Annihilation,Sci-Fi,3
U0575,M039,Up,Animation,5
U0575,M055,Mission Impossible,Action,4
U0575,M052,Princess Mononoke,Fantasy,3
U0575,M003,The Notebook,Romance,4
U0576,M096,Annihilation,Sci-Fi,1
U0576,M089,Spider-Man: No Way Home,Action,4
U0576,M100,Nope,Horror,2
U0576,M024,Knives Out,Thriller,2
U0576,M036,Se7en,Thriller,5
U0576,M065,Eternal Sunshine,Romance,2
U0576,M086,Airplane!,Comedy,3
U0576,M006,Avengers: Endgame,Action,3
U0576,M078,Schindler's List,Drama,5
U0576,M052,Princess Mononoke,Fantasy,5
U0576,M087,The Mask,Comedy,3
U0576,M037,Toy Story,Animation,3
U0576,M035,The Big Lebowski,Comedy,2
U0577,M003,The Notebook,Romance,4
U0577,M091,Thor: Ragnarok,Action,5
U0577,M042,Coco,Animation,4
U0577,M029,Blade Runner 2049,Sci-Fi,5
U0577,M009,The Grand Budapest Hotel,Comedy,4
U0577,M079,12 Angry Men,Drama,5
U0577,M037,Toy Story,Animation,5
U0577,M094,Dune,Sci-Fi,1
U0577,M092,Iron Man,Action,3
U0577,M078,Schindler's List,Drama,4
U0577,M059,2001: A Space Odyssey,Sci-Fi,3
U0577,M076,Annihilation,Horror,3
U0578,M020,John Wick,Action,3
U0578,M060,Arrival,Sci-Fi,1
U0578,M096,Annihilation,Sci-Fi,2
U0578,M064,When Harry Met Sally,Romance,5
U0578,M027,Gone Girl,Thriller,4
U0578,M069,No Country for Old Men,Thriller,4
U0578,M090,Doctor Strange,Action,3
U0578,M022,Midsommar,Horror,3
U0578,M087,The Mask,Comedy,4
U0578,M050,The Hobbit,Fantasy,4
U0578,M033,Pitch Perfect,Comedy,1
U0578,M052,Princess Mononoke,Fantasy,3
U0578,M005,The Conjuring,Horror,5
U0578,M085,Step Brothers,Comedy,5
U0578,M074,Rosemary's Baby,Horror,2
U0578,M011,A Quiet Place,Horror,5
U0578,M081,Dead Poets Society,Drama,4
U0578,M063,Casablanca,Romance,5
U0578,M072,Nightcrawler,Thriller,5
U0579,M098,The Menu,Thriller,4
U0579,M003,The Notebook,Romance,2
U0579,M097,Moon,Sci-Fi,2
U0579,M037,Toy Story,Animation,5
U0579,M072,Nightcrawler,Thriller,5
U0579,M096,Annihilation,Sci-Fi,4
U0579,M063,Casablanca,Romance,3
U0579,M031,Whiplash,Drama,3
U0579,M049,Harry Potter,Fantasy,4
U0579,M069,No Country for Old Men,Thriller,5
U0579,M017,Forrest Gump,Drama,4
U0579,M078,Schindler's List,Drama,4
U0579,M016,Hereditary,Horror,3
U0579,M013,Parasite,Thriller,2
U0579,M051,Pan's Labyrinth,Fantasy,4
U0579,M028,La La Land,Romance,5
U0579,M015,Crazy Rich Asians,Romance,5
U0579,M074,Rosemary's Baby,Horror,5
U0580,M029,Blade Runner 2049,Sci-Fi,5
U0580,M052,Princess Mononoke,Fantasy,4
U0580,M064,When Harry Met Sally,Romance,4
U0580,M097,Moon,Sci-Fi,4
U0580,M060,Arrival,Sci-Fi,2
U0580,M037,Toy Story,Animation,3
U0580,M058,The Terminator,Sci-Fi,5
U0580,M021,Bridesmaids,Comedy,2
U0580,M023,The Matrix,Sci-Fi,2
U0580,M001,The Dark Knight,Action,5
U0580,M069,No Country for Old Men,Thriller,5
U0580,M043,Planet Earth,Documentary,5
U0580,M098,The Menu,Thriller,2
U0580,M084,Anchorman,Comedy,5
U0580,M088,Black Panther,Action,5
U0580,M013,Parasite,Thriller,5
U0580,M050,The Hobbit,Fantasy,2
U0581,M079,12 Angry Men,Drama,5
U0581,M032,The Pursuit of Happyness,Drama,3
U0581,M022,Midsommar,Horror,2
U0581,M073,The Exorcist,Horror,4
U0581,M081,Dead Poets Society,Drama,4
U0581,M061,Ex Machina,Sci-Fi,2
U0581,M088,Black Panther,Action,2
U0581,M012,The Hangover,Comedy,4
U0581,M048,The Lord of the Rings,Fantasy,3
U0581,M003,The Notebook,Romance,3
U0581,M096,Annihilation,Sci-Fi,2
U0581,M077,Us,Horror,3
U0581,M084,Anchorman,Comedy,1
U0581,M050,The Hobbit,Fantasy,2
U0581,M071,Zodiac,Thriller,3
U0582,M059,2001: A Space Odyssey,Sci-Fi,4
U0582,M032,The Pursuit of Happyness,Drama,5
U0582,M088,Black Panther,Action,4
U0582,M078,Schindler's List,Drama,5
U0582,M057,Speed,Action,1
U0582,M031,Whiplash,Drama,5
U0582,M023,The Matrix,Sci-Fi,3
U0582,M060,Arrival,Sci-Fi,5
U0582,M065,Eternal Sunshine,Romance,1
U0582,M083,Monty Python,Comedy,5
U0582,M015,Crazy Rich Asians,Romance,5
U0582,M043,Planet Earth,Documentary,1
U0582,M021,Bridesmaids,Comedy,4
U0582,M093,Everything Everywhere All at Once,Sci-Fi,4
U0582,M009,The Grand Budapest Hotel,Comedy,1
U0582,M001,The Dark Knight,Action,3
U0582,M096,Annihilation,Sci-Fi,4
U0582,M005,The Conjuring,Horror,1
U0582,M087,The Mask,Comedy,3
U0583,M092,Iron Man,Action,4
U0583,M066,Before Sunrise,Romance,3
U0583,M081,Dead Poets Society,Drama,3
U0583,M084,Anchorman,Comedy,2
U0583,M057,Speed,Action,4
U0583,M055,Mission Impossible,Action,2
U0583,M016,Hereditary,Horror,3
U0583,M014,The Shawshank Redemption,Drama,2
U0583,M019,Alien,Sci-Fi,3
U0583,M034,Joker,Drama,2
U0583,M098,The Menu,Thriller,5
U0583,M075,The Shining,Horror,4
U0583,M097,Moon,Sci-Fi,2
U0583,M015,Crazy Rich Asians,Romance,3
U0583,M093,Everything Everywhere All at Once,Sci-Fi,3
U0583,M022,Midsommar,Horror,3
U0583,M047,Jiro Dreams of Sushi,Documentary,4
U0584,M058,The Terminator,Sci-Fi,5
U0584,M090,Doctor Strange,Action,3
U0584,M034,Joker,Drama,4
U0584,M073,The Exorcist,Horror,3
U0584,M036,Se7en,Thriller,3
U0584,M077,Us,Horror,5
U0584,M005,The Conjuring,Horror,3
U0584,M098,The Menu,Thriller,5
U0584,M018,Superbad,Comedy,4
U0584,M019,Alien,Sci-Fi,3
U0584,M067,The Fault in Our Stars,Romance,2
U0584,M037,Toy Story,Animation,4
U0584,M004,Interstellar,Sci-Fi,2
U0584,M029,Blade Runner 2049,Sci-Fi,5
U0584,M048,The Lord of the Rings,Fantasy,4
U0585,M033,Pitch Perfect,Comedy,5
U0585,M082,A Beautiful Mind,Drama,3
U0585,M030,The Wolf of Wall Street,Drama,4
U0585,M004,Interstellar,Sci-Fi,2
U0585,M028,La La Land,Romance,5
U0585,M075,The Shining,Horror,5
U0585,M039,Up,Animation,4
U0585,M019,Alien,Sci-Fi,5
U0585,M002,Inception,Sci-Fi,3
U0585,M034,Joker,Drama,5
U0585,M047,Jiro Dreams of Sushi,Documentary,4
U0585,M093,Everything Everywhere All at Once,Sci-Fi,2
U0585,M066,Before Sunrise,Romance,5
U0585,M096,Annihilation,Sci-Fi,4
U0585,M067,The Fault in Our Stars,Romance,2
U0585,M052,Princess Mononoke,Fantasy,4
U0585,M062,Gravity,Sci-Fi,4
U0586,M086,Airplane!,Comedy,2
U0586,M009,The Grand Budapest Hotel,Comedy,2
U0586,M044,Free Solo,Documentary,2
U0586,M029,Blade Runner 2049,Sci-Fi,3
U0586,M040,WALL-E,Animation,5
U0587,M084,Anchorman,Comedy,5
U0587,M026,Mad Max: Fury Road,Action,2
U0587,M046,The Act of Killing,Documentary,2
U0587,M064,When Harry Met Sally,Romance,3
U0587,M059,2001: A Space Odyssey,Sci-Fi,1
U0587,M073,The Exorcist,Horror,4
U0587,M082,A Beautiful Mind,Drama,2
U0587,M002,Inception,Sci-Fi,3
U0588,M035,The Big Lebowski,Comedy,5
U0588,M071,Zodiac,Thriller,5
U0588,M069,No Country for Old Men,Thriller,3
U0588,M095,The Martian,Sci-Fi,2
U0588,M011,A Quiet Place,Horror,3
U0588,M008,Get Out,Horror,2
U0588,M058,The Terminator,Sci-Fi,2
U0589,M089,Spider-Man: No Way Home,Action,1
U0589,M092,Iron Man,Action,2
U0589,M059,2001: A Space Odyssey,Sci-Fi,5
U0589,M023,The Matrix,Sci-Fi,3
U0589,M006,Avengers: Endgame,Action,1
U0589,M078,Schindler's List,Drama,3
U0589,M035,The Big Lebowski,Comedy,2
U0589,M071,Zodiac,Thriller,3
U0589,M036,Se7en,Thriller,5
U0589,M012,The Hangover,Comedy,5
U0589,M096,Annihilation,Sci-Fi,4
U0589,M025,It,Horror,4
U0590,M069,No Country for Old Men,Thriller,5
U0590,M007,Titanic,Romance,1
U0590,M041,Spirited Away,Animation,5
U0590,M082,A Beautiful Mind,Drama,3
U0590,M010,Pride and Prejudice,Romance,1
U0590,M026,Mad Max: Fury Road,Action,5
U0590,M062,Gravity,Sci-Fi,5
U0590,M015,Crazy Rich Asians,Romance,2
U0591,M039,Up,Animation,4
U0591,M073,The Exorcist,Horror,4
U0591,M002,Inception,Sci-Fi,2
U0591,M075,The Shining,Horror,3
U0591,M056,Die Hard,Action,5
U0591,M015,Crazy Rich Asians,Romance,4
U0591,M093,Everything Everywhere All at Once,Sci-Fi,5
U0591,M057,Speed,Action,3
U0591,M100,Nope,Horror,3
U0591,M083,Monty Python,Comedy,3
U0591,M025,It,Horror,5
U0591,M076,Annihilation,Horror,2
U0591,M082,A Beautiful Mind,Drama,4
U0591,M079,12 Angry Men,Drama,4
U0591,M097,Moon,Sci-Fi,5
U0591,M059,2001: A Space Odyssey,Sci-Fi,5
U0591,M001,The Dark Knight,Action,3
U0591,M033,Pitch Perfect,Comedy,4
U0591,M053,Gladiator,Action,1
U0591,M077,Us,Horror,2
U0592,M001,The Dark Knight,Action,1
U0592,M041,Spirited Away,Animation,4
U0592,M066,Before Sunrise,Romance,2
U0592,M061,Ex Machina,Sci-Fi,3
U0592,M064,When Harry Met Sally,Romance,5
U0592,M021,Bridesmaids,Comedy,3
U0592,M023,The Matrix,Sci-Fi,3
U0592,M009,The Grand Budapest Hotel,Comedy,5
U0592,M098,The Menu,Thriller,5
U0592,M056,Die Hard,Action,1
U0592,M087,The Mask,Comedy,3
U0592,M039,Up,Animation,5
U0592,M013,Parasite,Thriller,3
U0592,M057,Speed,Action,5
U0592,M044,Free Solo,Documentary,2
U0592,M082,A Beautiful Mind,Drama,4
U0592,M088,Black Panther,Action,2
U0592,M069,No Country for Old Men,Thriller,3
U0592,M024,Knives Out,Thriller,5
U0592,M025,It,Horror,2
U0593,M079,12 Angry Men,Drama,4
U0593,M085,Step Brothers,Comedy,2
U0593,M021,Bridesmaids,Comedy,3
U0593,M042,Coco,Animation,5
U0593,M067,The Fault in Our Stars,Romance,3
U0593,M061,Ex Machina,Sci-Fi,3
U0593,M084,Anchorman,Comedy,2
U0593,M077,Us,Horror,3
U0593,M054,Top Gun: Maverick,Action,3
U0593,M100,Nope,Horror,3
U0594,M058,The Terminator,Sci-Fi,3
U0594,M040,WALL-E,Animation,3
U0594,M055,Mission Impossible,Action,2
U0594,M073,The Exorcist,Horror,2
U0594,M051,Pan's Labyrinth,Fantasy,4
U0594,M098,The Menu,Thriller,4
U0594,M054,Top Gun: Maverick,Action,3
U0594,M001,The Dark Knight,Action,1
U0594,M052,Princess Mononoke,Fantasy,4
U0594,M008,Get Out,Horror,4
U0594,M053,Gladiator,Action,4
U0594,M046,The Act of Killing,Documentary,3
U0594,M083,Monty Python,Comedy,5
U0594,M018,Superbad,Comedy,5
U0594,M059,2001: A Space Odyssey,Sci-Fi,2
U0595,M080,Good Will Hunting,Drama,5
U0595,M065,Eternal Sunshine,Romance,4
U0595,M057,Speed,Action,1
U0595,M036,Se7en,Thriller,5
U0595,M014,The Shawshank Redemption,Drama,5
U0595,M010,Pride and Prejudice,Romance,2
U0595,M032,The Pursuit of Happyness,Drama,4
U0595,M021,Bridesmaids,Comedy,5
U0595,M042,Coco,Animation,5
U0595,M093,Everything Everywhere All at Once,Sci-Fi,4
U0595,M062,Gravity,Sci-Fi,1
U0596,M008,Get Out,Horror,1
U0596,M082,A Beautiful Mind,Drama,5
U0596,M044,Free Solo,Documentary,2
U0596,M036,Se7en,Thriller,2
U0596,M069,No Country for Old Men,Thriller,4
U0596,M048,The Lord of the Rings,Fantasy,4
U0596,M057,Speed,Action,2
U0596,M037,Toy Story,Animation,4
U0597,M074,Rosemary's Baby,Horror,1
U0597,M026,Mad Max: Fury Road,Action,2
U0597,M072,Nightcrawler,Thriller,2
U0597,M012,The Hangover,Comedy,3
U0597,M057,Speed,Action,3
U0597,M032,The Pursuit of Happyness,Drama,5
U0597,M042,Coco,Animation,4
U0597,M070,Prisoners,Thriller,3
U0597,M098,The Menu,Thriller,4
U0597,M085,Step Brothers,Comedy,4
U0597,M034,Joker,Drama,3
U0597,M068,The Silence of the Lambs,Thriller,5
U0597,M038,Finding Nemo,Animation,4
U0597,M089,Spider-Man: No Way Home,Action,3
U0598,M087,The Mask,Comedy,4
U0598,M091,Thor: Ragnarok,Action,4
U0598,M034,Joker,Drama,5
U0598,M033,Pitch Perfect,Comedy,1
U0598,M078,Schindler's List,Drama,5
U0598,M096,Annihilation,Sci-Fi,1
U0598,M003,The Notebook,Romance,5
U0598,M018,Superbad,Comedy,3
U0598,M016,Hereditary,Horror,1
U0598,M083,Monty Python,Comedy,5
U0598,M053,Gladiator,Action,4
U0599,M065,Eternal Sunshine,Romance,3
U0599,M042,Coco,Animation,3
U0599,M069,No Country for Old Men,Thriller,2
U0599,M063,Casablanca,Romance,5
U0599,M037,Toy Story,Animation,3
U0599,M074,Rosemary's Baby,Horror,5
U0600,M069,No Country for Old Men,Thriller,3
U0600,M021,Bridesmaids,Comedy,1
U0600,M066,Before Sunrise,Romance,4
U0600,M012,The Hangover,Comedy,3
U0600,M074,Rosemary's Baby,Horror,4
U0600,M060,Arrival,Sci-Fi,4
U0600,M079,12 Angry Men,Drama,3
U0600,M084,Anchorman,Comedy,3
U0601,M024,Knives Out,Thriller,5
U0601,M083,Monty Python,Comedy,1
U0601,M074,Rosemary's Baby,Horror,4
U0601,M044,Free Solo,Documentary,5
U0601,M059,2001: A Space Odyssey,Sci-Fi,3
U0601,M068,The Silence of the Lambs,Thriller,2
U0601,M100,Nope,Horror,5
U0602,M003,The Notebook,Romance,5
U0602,M002,Inception,Sci-Fi,2
U0602,M029,Blade Runner 2049,Sci-Fi,2
U0602,M042,Coco,Animation,4
U0602,M055,Mission Impossible,Action,2
U0602,M020,John Wick,Action,3
U0602,M034,Joker,Drama,3
U0602,M075,The Shining,Horror,1
U0602,M087,The Mask,Comedy,1
U0602,M099,Barbarian,Horror,5
U0602,M069,No Country for Old Men,Thriller,5
U0602,M059,2001: A Space Odyssey,Sci-Fi,1
U0602,M084,Anchorman,Comedy,2
U0602,M086,Airplane!,Comedy,5
U0602,M026,Mad Max: Fury Road,Action,3
U0602,M074,Rosemary's Baby,Horror,1
U0602,M046,The Act of Killing,Documentary,3
U0603,M030,The Wolf of Wall Street,Drama,5
U0603,M085,Step Brothers,Comedy,1
U0603,M027,Gone Girl,Thriller,5
U0603,M026,Mad Max: Fury Road,Action,2
U0603,M039,Up,Animation,5
U0603,M021,Bridesmaids,Comedy,1
U0603,M055,Mission Impossible,Action,4
U0603,M035,The Big Lebowski,Comedy,4
U0603,M028,La La Land,Romance,4
U0603,M099,Barbarian,Horror,2
U0603,M046,The Act of Killing,Documentary,2
U0603,M004,Interstellar,Sci-Fi,4
U0603,M018,Superbad,Comedy,5
U0603,M057,Speed,Action,1
U0603,M016,Hereditary,Horror,1
U0604,M065,Eternal Sunshine,Romance,5
U0604,M075,The Shining,Horror,3
U0604,M093,Everything Everywhere All at Once,Sci-Fi,3
U0604,M067,The Fault in Our Stars,Romance,4
U0604,M016,Hereditary,Horror,2
U0604,M021,Bridesmaids,Comedy,2
U0604,M097,Moon,Sci-Fi,1
U0604,M027,Gone Girl,Thriller,5
U0604,M063,Casablanca,Romance,3
U0604,M095,The Martian,Sci-Fi,4
U0605,M066,Before Sunrise,Romance,4
U0605,M015,Crazy Rich Asians,Romance,3
U0605,M059,2001: A Space Odyssey,Sci-Fi,2
U0605,M003,The Notebook,Romance,1
U0605,M001,The Dark Knight,Action,4
U0605,M049,Harry Potter,Fantasy,4
U0605,M054,Top Gun: Maverick,Action,1
U0605,M052,Princess Mononoke,Fantasy,4
U0605,M013,Parasite,Thriller,4
U0605,M046,The Act of Killing,Documentary,1
U0605,M047,Jiro Dreams of Sushi,Documentary,2
U0605,M040,WALL-E,Animation,4
U0605,M009,The Grand Budapest Hotel,Comedy,2
U0606,M017,Forrest Gump,Drama,5
U0606,M067,The Fault in Our Stars,Romance,1
U0606,M020,John Wick,Action,1
U0606,M018,Superbad,Comedy,5
U0606,M089,Spider-Man: No Way Home,Action,2
U0607,M048,The Lord of the Rings,Fantasy,3
U0607,M080,Good Will Hunting,Drama,4
U0607,M054,Top Gun: Maverick,Action,4
U0607,M021,Bridesmaids,Comedy,3
U0607,M023,The Matrix,Sci-Fi,3
U0607,M067,The Fault in Our Stars,Romance,5
U0607,M020,John Wick,Action,3
U0607,M095,The Martian,Sci-Fi,1
U0607,M086,Airplane!,Comedy,1
U0607,M024,Knives Out,Thriller,4
U0607,M047,Jiro Dreams of Sushi,Documentary,1
U0607,M015,Crazy Rich Asians,Romance,4
U0607,M004,Interstellar,Sci-Fi,1
U0607,M064,When Harry Met Sally,Romance,2
U0608,M006,Avengers: Endgame,Action,4
U0608,M070,Prisoners,Thriller,5
U0608,M049,Harry Potter,Fantasy,5
U0608,M098,The Menu,Thriller,5
U0608,M077,Us,Horror,2
U0608,M093,Everything Everywhere All at Once,Sci-Fi,5
U0608,M068,The Silence of the Lambs,Thriller,2
U0608,M022,Midsommar,Horror,3
U0608,M021,Bridesmaids,Comedy,4
U0608,M013,Parasite,Thriller,5
U0608,M002,Inception,Sci-Fi,3
U0608,M045,13th,Documentary,2
U0608,M029,Blade Runner 2049,Sci-Fi,3
U0608,M012,The Hangover,Comedy,5
U0608,M054,Top Gun: Maverick,Action,3
U0608,M009,The Grand Budapest Hotel,Comedy,5
U0608,M015,Crazy Rich Asians,Romance,1
U0608,M061,Ex Machina,Sci-Fi,4
U0609,M096,Annihilation,Sci-Fi,3
U0609,M074,Rosemary's Baby,Horror,4
U0609,M026,Mad Max: Fury Road,Action,5
U0609,M017,Forrest Gump,Drama,5
U0609,M029,Blade Runner 2049,Sci-Fi,5
U0609,M066,Before Sunrise,Romance,5
U0609,M019,Alien,Sci-Fi,3
U0609,M085,Step Brothers,Comedy,2
U0609,M011,A Quiet Place,Horror,3
U0609,M013,Parasite,Thriller,5
U0609,M092,Iron Man,Action,3
U0609,M052,Princess Mononoke,Fantasy,3
U0609,M037,Toy Story,Animation,5
U0609,M079,12 Angry Men,Drama,2
U0609,M014,The Shawshank Redemption,Drama,5
U0609,M032,The Pursuit of Happyness,Drama,2
U0609,M033,Pitch Perfect,Comedy,2
U0609,M024,Knives Out,Thriller,3
U0609,M094,Dune,Sci-Fi,1
U0609,M039,Up,Animation,4
U0610,M031,Whiplash,Drama,5
U0610,M021,Bridesmaids,Comedy,4
U0610,M051,Pan's Labyrinth,Fantasy,4
U0610,M042,Coco,Animation,4
U0610,M002,Inception,Sci-Fi,5
U0610,M074,Rosemary's Baby,Horror,4
U0611,M028,La La Land,Romance,3
U0611,M059,2001: A Space Odyssey,Sci-Fi,5
U0611,M080,Good Will Hunting,Drama,4
U0611,M034,Joker,Drama,2
U0611,M070,Prisoners,Thriller,4
U0611,M057,Speed,Action,4
U0611,M016,Hereditary,Horror,1
U0611,M096,Annihilation,Sci-Fi,5
U0611,M036,Se7en,Thriller,3
U0611,M084,Anchorman,Comedy,1
U0611,M099,Barbarian,Horror,2
U0611,M066,Before Sunrise,Romance,4
U0611,M044,Free Solo,Documentary,1
U0611,M024,Knives Out,Thriller,2
U0611,M033,Pitch Perfect,Comedy,5
U0611,M063,Casablanca,Romance,3
U0611,M071,Zodiac,Thriller,3
U0611,M085,Step Brothers,Comedy,3
U0611,M013,Parasite,Thriller,4
U0612,M056,Die Hard,Action,2
U0612,M071,Zodiac,Thriller,5
U0612,M011,A Quiet Place,Horror,5
U0612,M065,Eternal Sunshine,Romance,5
U0612,M024,Knives Out,Thriller,2
U0612,M051,Pan's Labyrinth,Fantasy,5
U0612,M066,Before Sunrise,Romance,3
U0612,M025,It,Horror,5
U0612,M019,Alien,Sci-Fi,2
U0612,M088,Black Panther,Action,5
U0612,M029,Blade Runner 2049,Sci-Fi,2
U0612,M100,Nope,Horror,3
U0612,M003,The Notebook,Romance,2
U0612,M026,Mad Max: Fury Road,Action,1
U0612,M094,Dune,Sci-Fi,2
U0612,M096,Annihilation,Sci-Fi,5
U0612,M046,The Act of Killing,Documentary,2
U0612,M068,The Silence of the Lambs,Thriller,3
U0612,M077,Us,Horror,5
U0613,M026,Mad Max: Fury Road,Action,5
U0613,M036,Se7en,Thriller,4
U0613,M007,Titanic,Romance,2
U0613,M052,Princess Mononoke,Fantasy,5
U0613,M038,Finding Nemo,Animation,5
U0613,M050,The Hobbit,Fantasy,2
U0613,M067,The Fault in Our Stars,Romance,1
U0613,M054,Top Gun: Maverick,Action,4
U0613,M061,Ex Machina,Sci-Fi,2
U0613,M060,Arrival,Sci-Fi,2
U0613,M042,Coco,Animation,5
U0613,M018,Superbad,Comedy,2
U0613,M093,Everything Everywhere All at Once,Sci-Fi,2
U0613,M039,Up,Animation,5
U0613,M001,The Dark Knight,Action,2
U0613,M010,Pride and Prejudice,Romance,4
U0613,M033,Pitch Perfect,Comedy,4
U0613,M091,Thor: Ragnarok,Action,5
U0614,M032,The Pursuit of Happyness,Drama,3
U0614,M045,13th,Documentary,2
U0614,M010,Pride and Prejudice,Romance,4
U0614,M029,Blade Runner 2049,Sci-Fi,2
U0614,M036,Se7en,Thriller,4
U0614,M018,Superbad,Comedy,3
U0614,M052,Princess Mononoke,Fantasy,2
U0614,M016,Hereditary,Horror,1
U0614,M093,Everything Everywhere All at Once,Sci-Fi,5
U0614,M095,The Martian,Sci-Fi,3
U0614,M075,The Shining,Horror,5
U0615,M099,Barbarian,Horror,1
U0615,M081,Dead Poets Society,Drama,5
U0615,M077,Us,Horror,5
U0615,M061,Ex Machina,Sci-Fi,4
U0615,M030,The Wolf of Wall Street,Drama,3
U0615,M085,Step Brothers,Comedy,1
U0615,M057,Speed,Action,3
U0615,M039,Up,Animation,4
U0616,M049,Harry Potter,Fantasy,5
U0616,M033,Pitch Perfect,Comedy,2
U0616,M015,Crazy Rich Asians,Romance,4
U0616,M081,Dead Poets Society,Drama,4
U0616,M060,Arrival,Sci-Fi,2
U0616,M055,Mission Impossible,Action,5
U0617,M012,The Hangover,Comedy,4
U0617,M094,Dune,Sci-Fi,4
U0617,M078,Schindler's List,Drama,2
U0617,M077,Us,Horror,1
U0617,M047,Jiro Dreams of Sushi,Documentary,3
U0617,M031,Whiplash,Drama,4
U0617,M086,Airplane!,Comedy,3
U0617,M064,When Harry Met Sally,Romance,5
U0618,M054,Top Gun: Maverick,Action,3
U0618,M086,Airplane!,Comedy,1
U0618,M033,Pitch Perfect,Comedy,4
U0618,M046,The Act of Killing,Documentary,5
U0618,M011,A Quiet Place,Horror,5
U0618,M002,Inception,Sci-Fi,5
U0618,M013,Parasite,Thriller,5
U0618,M092,Iron Man,Action,5
U0618,M063,Casablanca,Romance,5
U0618,M032,The Pursuit of Happyness,Drama,5
U0618,M075,The Shining,Horror,1
U0618,M064,When Harry Met Sally,Romance,5
U0618,M029,Blade Runner 2049,Sci-Fi,1
U0618,M076,Annihilation,Horror,5
U0618,M056,Die Hard,Action,1
U0619,M016,Hereditary,Horror,4
U0619,M098,The Menu,Thriller,5
U0619,M031,Whiplash,Drama,2
U0619,M047,Jiro Dreams of Sushi,Documentary,3
U0619,M075,The Shining,Horror,4
U0619,M087,The Mask,Comedy,4
U0619,M091,Thor: Ragnarok,Action,5
U0619,M078,Schindler's List,Drama,5
U0620,M052,Princess Mononoke,Fantasy,2
U0620,M081,Dead Poets Society,Drama,3
U0620,M096,Annihilation,Sci-Fi,5
U0620,M100,Nope,Horror,2
U0620,M056,Die Hard,Action,1
U0620,M086,Airplane!,Comedy,3
U0621,M038,Finding Nemo,Animation,4
U0621,M053,Gladiator,Action,3
U0621,M004,Interstellar,Sci-Fi,2
U0621,M094,Dune,Sci-Fi,3
U0621,M059,2001: A Space Odyssey,Sci-Fi,4
U0621,M033,Pitch Perfect,Comedy,1
U0621,M046,The Act of Killing,Documentary,3
U0621,M088,Black Panther,Action,4
U0622,M099,Barbarian,Horror,4
U0622,M021,Bridesmaids,Comedy,1
U0622,M027,Gone Girl,Thriller,4
U0622,M072,Nightcrawler,Thriller,4
U0622,M071,Zodiac,Thriller,5
U0622,M083,Monty Python,Comedy,5
U0622,M042,Coco,Animation,4
U0622,M095,The Martian,Sci-Fi,3
U0622,M052,Princess Mononoke,Fantasy,4
U0622,M097,Moon,Sci-Fi,1
U0622,M045,13th,Documentary,1
U0622,M100,Nope,Horror,4
U0622,M023,The Matrix,Sci-Fi,3
U0623,M082,A Beautiful Mind,Drama,5
U0623,M024,Knives Out,Thriller,5
U0623,M097,Moon,Sci-Fi,3
U0623,M049,Harry Potter,Fantasy,5
U0623,M026,Mad Max: Fury Road,Action,5
U0623,M034,Joker,Drama,3
U0623,M091,Thor: Ragnarok,Action,4
U0623,M063,Casablanca,Romance,5
U0623,M045,13th,Documentary,1
U0623,M044,Free Solo,Documentary,2
U0623,M057,Speed,Action,1
U0623,M047,Jiro Dreams of Sushi,Documentary,1
U0623,M021,Bridesmaids,Comedy,5
U0623,M022,Midsommar,Horror,4
U0623,M042,Coco,Animation,4
U0623,M003,The Notebook,Romance,2
U0623,M015,Crazy Rich Asians,Romance,3
U0623,M025,It,Horror,5
U0623,M075,The Shining,Horror,3
U0623,M040,WALL-E,Animation,5
U0624,M050,The Hobbit,Fantasy,4
U0624,M014,The Shawshank Redemption,Drama,2
U0624,M095,The Martian,Sci-Fi,2
U0624,M038,Finding Nemo,Animation,5
U0624,M079,12 Angry Men,Drama,3
U0624,M073,The Exorcist,Horror,3
U0624,M011,A Quiet Place,Horror,1
U0624,M042,Coco,Animation,5
U0624,M029,Blade Runner 2049,Sci-Fi,2
U0625,M032,The Pursuit of Happyness,Drama,5
U0625,M029,Blade Runner 2049,Sci-Fi,5
U0625,M057,Speed,Action,5
U0625,M083,Monty Python,Comedy,2
U0625,M028,La La Land,Romance,4
U0625,M019,Alien,Sci-Fi,2
U0625,M002,Inception,Sci-Fi,5
U0625,M038,Finding Nemo,Animation,5
U0625,M003,The Notebook,Romance,4
U0625,M079,12 Angry Men,Drama,5
U0625,M062,Gravity,Sci-Fi,4
U0625,M054,Top Gun: Maverick,Action,3
U0626,M034,Joker,Drama,3
U0626,M056,Die Hard,Action,1
U0626,M048,The Lord of the Rings,Fantasy,5
U0626,M047,Jiro Dreams of Sushi,Documentary,4
U0626,M031,Whiplash,Drama,5
U0626,M041,Spirited Away,Animation,4
U0626,M070,Prisoners,Thriller,2
U0626,M046,The Act of Killing,Documentary,5
U0626,M010,Pride and Prejudice,Romance,2
U0626,M089,Spider-Man: No Way Home,Action,3
U0626,M018,Superbad,Comedy,5
U0626,M042,Coco,Animation,4
U0626,M090,Doctor Strange,Action,4
U0626,M032,The Pursuit of Happyness,Drama,4
U0626,M069,No Country for Old Men,Thriller,5
U0626,M075,The Shining,Horror,1
U0627,M080,Good Will Hunting,Drama,4
U0627,M057,Speed,Action,5
U0627,M064,When Harry Met Sally,Romance,3
U0627,M076,Annihilation,Horror,1
U0627,M056,Die Hard,Action,5
U0627,M009,The Grand Budapest Hotel,Comedy,4
U0627,M022,Midsommar,Horror,4
U0627,M003,The Notebook,Romance,2
U0627,M072,Nightcrawler,Thriller,5
U0627,M058,The Terminator,Sci-Fi,2
U0627,M084,Anchorman,Comedy,4
U0627,M008,Get Out,Horror,3
U0627,M045,13th,Documentary,5
U0627,M062,Gravity,Sci-Fi,3
U0627,M091,Thor: Ragnarok,Action,3
U0627,M019,Alien,Sci-Fi,2
U0627,M088,Black Panther,Action,5
U0627,M046,The Act of Killing,Documentary,5
U0627,M093,Everything Everywhere All at Once,Sci-Fi,4
U0628,M099,Barbarian,Horror,3
U0628,M070,Prisoners,Thriller,5
U0628,M088,Black Panther,Action,1
U0628,M076,Annihilation,Horror,1
U0628,M041,Spirited Away,Animation,5
U0628,M001,The Dark Knight,Action,1
U0628,M079,12 Angry Men,Drama,5
U0628,M007,Titanic,Romance,4
U0628,M092,Iron Man,Action,2
U0629,M032,The Pursuit of Happyness,Drama,4
U0629,M077,Us,Horror,1
U0629,M100,Nope,Horror,1
U0629,M098,The Menu,Thriller,5
U0629,M023,The Matrix,Sci-Fi,5
U0629,M024,Knives Out,Thriller,5
U0629,M004,Interstellar,Sci-Fi,4
U0629,M084,Anchorman,Comedy,4
U0629,M064,When Harry Met Sally,Romance,4
U0629,M094,Dune,Sci-Fi,2
U0629,M016,Hereditary,Horror,3
U0630,M013,Parasite,Thriller,4
U0630,M040,WALL-E,Animation,5
U0630,M046,The Act of Killing,Documentary,2
U0630,M023,The Matrix,Sci-Fi,2
U0630,M091,Thor: Ragnarok,Action,3
U0630,M056,Die Hard,Action,1
U0630,M033,Pitch Perfect,Comedy,3
U0630,M064,When Harry Met Sally,Romance,4
U0630,M012,The Hangover,Comedy,1
U0630,M024,Knives Out,Thriller,5
U0631,M003,The Notebook,Romance,3
U0631,M078,Schindler's List,Drama,2
U0631,M008,Get Out,Horror,5
U0631,M072,Nightcrawler,Thriller,5
U0631,M088,Black Panther,Action,3
U0631,M048,The Lord of the Rings,Fantasy,2
U0631,M013,Parasite,Thriller,3
U0631,M022,Midsommar,Horror,2
U0631,M001,The Dark Knight,Action,5
U0631,M068,The Silence of the Lambs,Thriller,5
U0631,M002,Inception,Sci-Fi,2
U0631,M042,Coco,Animation,5
U0631,M050,The Hobbit,Fantasy,3
U0632,M013,Parasite,Thriller,4
U0632,M088,Black Panther,Action,3
U0632,M020,John Wick,Action,1
U0632,M077,Us,Horror,3
U0632,M048,The Lord of the Rings,Fantasy,3
U0632,M074,Rosemary's Baby,Horror,5
U0632,M023,The Matrix,Sci-Fi,5
U0632,M057,Speed,Action,2
U0632,M091,Thor: Ragnarok,Action,1
U0632,M099,Barbarian,Horror,4
U0632,M065,Eternal Sunshine,Romance,2
U0632,M004,Interstellar,Sci-Fi,5
U0632,M080,Good Will Hunting,Drama,3
U0632,M005,The Conjuring,Horror,5
U0632,M069,No Country for Old Men,Thriller,4
U0632,M016,Hereditary,Horror,4
U0633,M058,The Terminator,Sci-Fi,5
U0633,M015,Crazy Rich Asians,Romance,1
U0633,M086,Airplane!,Comedy,5
U0633,M071,Zodiac,Thriller,2
U0633,M009,The Grand Budapest Hotel,Comedy,3
U0633,M044,Free Solo,Documentary,5
U0633,M032,The Pursuit of Happyness,Drama,5
U0633,M047,Jiro Dreams of Sushi,Documentary,5
U0633,M019,Alien,Sci-Fi,5
U0633,M031,Whiplash,Drama,5
U0633,M063,Casablanca,Romance,4
U0633,M025,It,Horror,5
U0633,M052,Princess Mononoke,Fantasy,3
U0633,M006,Avengers: Endgame,Action,3
U0633,M046,The Act of Killing,Documentary,3
U0633,M008,Get Out,Horror,2
U0633,M062,Gravity,Sci-Fi,4
U0634,M038,Finding Nemo,Animation,5
U0634,M081,Dead Poets Society,Drama,5
U0634,M055,Mission Impossible,Action,5
U0634,M052,Princess Mononoke,Fantasy,4
U0634,M056,Die Hard,Action,3
U0634,M049,Harry Potter,Fantasy,4
U0634,M011,A Quiet Place,Horror,3
U0634,M063,Casablanca,Romance,1
U0634,M004,Interstellar,Sci-Fi,5
U0634,M014,The Shawshank Redemption,Drama,2
U0634,M042,Coco,Animation,4
U0635,M040,WALL-E,Animation,4
U0635,M076,Annihilation,Horror,1
U0635,M096,Annihilation,Sci-Fi,5
U0635,M074,Rosemary's Baby,Horror,1
U0635,M070,Prisoners,Thriller,2
U0635,M023,The Matrix,Sci-Fi,3
U0635,M083,Monty Python,Comedy,4
U0636,M046,The Act of Killing,Documentary,1
U0636,M069,No Country for Old Men,Thriller,3
U0636,M007,Titanic,Romance,1
U0636,M088,Black Panther,Action,4
U0636,M056,Die Hard,Action,2
U0636,M095,The Martian,Sci-Fi,2
U0636,M066,Before Sunrise,Romance,3
U0636,M068,The Silence of the Lambs,Thriller,2
U0636,M023,The Matrix,Sci-Fi,2
U0636,M048,The Lord of the Rings,Fantasy,4
U0636,M090,Doctor Strange,Action,2
U0637,M006,Avengers: Endgame,Action,3
U0637,M049,Harry Potter,Fantasy,2
U0637,M027,Gone Girl,Thriller,3
U0637,M089,Spider-Man: No Way Home,Action,3
U0637,M015,Crazy Rich Asians,Romance,2
U0638,M030,The Wolf of Wall Street,Drama,3
U0638,M048,The Lord of the Rings,Fantasy,4
U0638,M052,Princess Mononoke,Fantasy,4
U0638,M006,Avengers: Endgame,Action,1
U0638,M020,John Wick,Action,4
U0638,M019,Alien,Sci-Fi,4
U0638,M077,Us,Horror,4
U0638,M032,The Pursuit of Happyness,Drama,4
U0638,M080,Good Will Hunting,Drama,3
U0638,M086,Airplane!,Comedy,4
U0638,M034,Joker,Drama,4
U0638,M055,Mission Impossible,Action,5
U0638,M088,Black Panther,Action,1
U0638,M074,Rosemary's Baby,Horror,4
U0638,M091,Thor: Ragnarok,Action,1
U0638,M081,Dead Poets Society,Drama,5
U0638,M040,WALL-E,Animation,4
U0639,M010,Pride and Prejudice,Romance,4
U0639,M082,A Beautiful Mind,Drama,4
U0639,M015,Crazy Rich Asians,Romance,5
U0639,M021,Bridesmaids,Comedy,3
U0639,M063,Casablanca,Romance,3
U0639,M009,The Grand Budapest Hotel,Comedy,5
U0639,M024,Knives Out,Thriller,4
U0639,M069,No Country for Old Men,Thriller,2
U0639,M042,Coco,Animation,3
U0639,M022,Midsommar,Horror,4
U0639,M095,The Martian,Sci-Fi,2
U0639,M033,Pitch Perfect,Comedy,1
U0640,M026,Mad Max: Fury Road,Action,2
U0640,M017,Forrest Gump,Drama,5
U0640,M067,The Fault in Our Stars,Romance,5
U0640,M005,The Conjuring,Horror,1
U0640,M061,Ex Machina,Sci-Fi,5
U0640,M062,Gravity,Sci-Fi,2
U0640,M014,The Shawshank Redemption,Drama,3
U0640,M015,Crazy Rich Asians,Romance,3
U0640,M030,The Wolf of Wall Street,Drama,2
U0640,M050,The Hobbit,Fantasy,5
U0640,M024,Knives Out,Thriller,2
U0640,M011,A Quiet Place,Horror,2
U0640,M098,The Menu,Thriller,4
U0640,M089,Spider-Man: No Way Home,Action,3
U0640,M009,The Grand Budapest Hotel,Comedy,2
U0640,M031,Whiplash,Drama,4
U0640,M056,Die Hard,Action,4
U0640,M079,12 Angry Men,Drama,3
U0640,M048,The Lord of the Rings,Fantasy,2
U0640,M057,Speed,Action,4
U0641,M020,John Wick,Action,5
U0641,M038,Finding Nemo,Animation,4
U0641,M065,Eternal Sunshine,Romance,2
U0641,M009,The Grand Budapest Hotel,Comedy,5
U0641,M029,Blade Runner 2049,Sci-Fi,3
U0641,M024,Knives Out,Thriller,2
U0641,M081,Dead Poets Society,Drama,2
U0641,M025,It,Horror,1
U0641,M043,Planet Earth,Documentary,4
U0641,M085,Step Brothers,Comedy,5
U0641,M093,Everything Everywhere All at Once,Sci-Fi,5
U0641,M057,Speed,Action,1
U0641,M004,Interstellar,Sci-Fi,5
U0641,M032,The Pursuit of Happyness,Drama,3
U0641,M078,Schindler's List,Drama,4
U0641,M068,The Silence of the Lambs,Thriller,4
U0641,M037,Toy Story,Animation,3
U0642,M014,The Shawshank Redemption,Drama,5
U0642,M088,Black Panther,Action,1
U0642,M030,The Wolf of Wall Street,Drama,3
U0642,M001,The Dark Knight,Action,1
U0642,M049,Harry Potter,Fantasy,5
U0642,M073,The Exorcist,Horror,5
U0642,M008,Get Out,Horror,1
U0642,M050,The Hobbit,Fantasy,2
U0642,M099,Barbarian,Horror,4
U0643,M037,Toy Story,Animation,4
U0643,M088,Black Panther,Action,3
U0643,M079,12 Angry Men,Drama,3
U0643,M050,The Hobbit,Fantasy,4
U0643,M058,The Terminator,Sci-Fi,3
U0643,M096,Annihilation,Sci-Fi,2
U0643,M031,Whiplash,Drama,4
U0643,M063,Casablanca,Romance,1
U0643,M033,Pitch Perfect,Comedy,4
U0643,M045,13th,Documentary,3
U0643,M082,A Beautiful Mind,Drama,3
U0643,M059,2001: A Space Odyssey,Sci-Fi,1
U0643,M062,Gravity,Sci-Fi,4
U0643,M020,John Wick,Action,4
U0643,M069,No Country for Old Men,Thriller,5
U0643,M047,Jiro Dreams of Sushi,Documentary,2
U0643,M029,Blade Runner 2049,Sci-Fi,4
U0644,M081,Dead Poets Society,Drama,5
U0644,M046,The Act of Killing,Documentary,4
U0644,M027,Gone Girl,Thriller,4
U0644,M052,Princess Mononoke,Fantasy,4
U0644,M054,Top Gun: Maverick,Action,3
U0644,M059,2001: A Space Odyssey,Sci-Fi,4
U0644,M094,Dune,Sci-Fi,2
U0644,M058,The Terminator,Sci-Fi,5
U0644,M057,Speed,Action,2
U0645,M028,La La Land,Romance,3
U0645,M092,Iron Man,Action,3
U0645,M025,It,Horror,2
U0645,M073,The Exorcist,Horror,4
U0645,M094,Dune,Sci-Fi,2
U0645,M085,Step Brothers,Comedy,4
U0645,M080,Good Will Hunting,Drama,2
U0645,M047,Jiro Dreams of Sushi,Documentary,5
U0645,M060,Arrival,Sci-Fi,4
U0645,M071,Zodiac,Thriller,4
U0645,M098,The Menu,Thriller,5
U0645,M053,Gladiator,Action,4
U0646,M026,Mad Max: Fury Road,Action,4
U0646,M028,La La Land,Romance,5
U0646,M044,Free Solo,Documentary,4
U0646,M071,Zodiac,Thriller,3
U0646,M021,Bridesmaids,Comedy,4
U0646,M085,Step Brothers,Comedy,1
U0647,M050,The Hobbit,Fantasy,5
U0647,M073,The Exorcist,Horror,2
U0647,M086,Airplane!,Comedy,2
U0647,M023,The Matrix,Sci-Fi,4
U0647,M035,The Big Lebowski,Comedy,3
U0647,M096,Annihilation,Sci-Fi,4
U0647,M088,Black Panther,Action,2
U0647,M099,Barbarian,Horror,2
U0647,M020,John Wick,Action,4
U0647,M083,Monty Python,Comedy,3
U0647,M052,Princess Mononoke,Fantasy,5
U0648,M087,The Mask,Comedy,1
U0648,M013,Parasite,Thriller,4
U0648,M009,The Grand Budapest Hotel,Comedy,1
U0648,M011,A Quiet Place,Horror,3
U0648,M003,The Notebook,Romance,3
U0648,M002,Inception,Sci-Fi,2
U0649,M028,La La Land,Romance,3
U0649,M040,WALL-E,Animation,4
U0649,M009,The Grand Budapest Hotel,Comedy,3
U0649,M047,Jiro Dreams of Sushi,Documentary,3
U0649,M080,Good Will Hunting,Drama,2
U0649,M041,Spirited Away,Animation,5
U0649,M075,The Shining,Horror,2
U0649,M058,The Terminator,Sci-Fi,2
U0649,M061,Ex Machina,Sci-Fi,2
U0650,M016,Hereditary,Horror,1
U0650,M069,No Country for Old Men,Thriller,3
U0650,M080,Good Will Hunting,Drama,5
U0650,M053,Gladiator,Action,4
U0650,M021,Bridesmaids,Comedy,4
U0650,M072,Nightcrawler,Thriller,5
U0650,M071,Zodiac,Thriller,3
U0650,M081,Dead Poets Society,Drama,2
U0650,M061,Ex Machina,Sci-Fi,5
U0650,M090,Doctor Strange,Action,3
U0650,M036,Se7en,Thriller,5
U0650,M089,Spider-Man: No Way Home,Action,5
U0650,M032,The Pursuit of Happyness,Drama,5
U0650,M015,Crazy Rich Asians,Romance,2
U0650,M085,Step Brothers,Comedy,4
U0650,M019,Alien,Sci-Fi,1
U0650,M057,Speed,Action,4
U0650,M013,Parasite,Thriller,5
U0651,M044,Free Solo,Documentary,3
U0651,M011,A Quiet Place,Horror,1
U0651,M048,The Lord of the Rings,Fantasy,4
U0651,M009,The Grand Budapest Hotel,Comedy,5
U0651,M023,The Matrix,Sci-Fi,4
U0651,M018,Superbad,Comedy,1
U0651,M080,Good Will Hunting,Drama,5
U0651,M039,Up,Animation,5
U0651,M087,The Mask,Comedy,4
U0651,M051,Pan's Labyrinth,Fantasy,3
U0651,M020,John Wick,Action,3
U0651,M015,Crazy Rich Asians,Romance,3
U0651,M086,Airplane!,Comedy,2
U0651,M026,Mad Max: Fury Road,Action,5
U0651,M082,A Beautiful Mind,Drama,4
U0651,M042,Coco,Animation,5
U0652,M063,Casablanca,Romance,2
U0652,M041,Spirited Away,Animation,4
U0652,M022,Midsommar,Horror,3
U0652,M007,Titanic,Romance,4
U0652,M084,Anchorman,Comedy,4
U0653,M006,Avengers: Endgame,Action,1
U0653,M035,The Big Lebowski,Comedy,3
U0653,M096,Annihilation,Sci-Fi,4
U0653,M098,The Menu,Thriller,3
U0653,M085,Step Brothers,Comedy,4
U0653,M059,2001: A Space Odyssey,Sci-Fi,4
U0653,M011,A Quiet Place,Horror,4
U0653,M043,Planet Earth,Documentary,1
U0653,M071,Zodiac,Thriller,4
U0653,M005,The Conjuring,Horror,4
U0653,M017,Forrest Gump,Drama,4
U0653,M080,Good Will Hunting,Drama,4
U0653,M002,Inception,Sci-Fi,5
U0653,M095,The Martian,Sci-Fi,4
U0653,M074,Rosemary's Baby,Horror,4
U0654,M017,Forrest Gump,Drama,2
U0654,M045,13th,Documentary,2
U0654,M093,Everything Everywhere All at Once,Sci-Fi,1
U0654,M034,Joker,Drama,3
U0654,M071,Zodiac,Thriller,2
U0654,M025,It,Horror,2
U0654,M063,Casablanca,Romance,3
U0654,M037,Toy Story,Animation,3
U0654,M035,The Big Lebowski,Comedy,2
U0654,M011,A Quiet Place,Horror,5
U0654,M058,The Terminator,Sci-Fi,2
U0654,M086,Airplane!,Comedy,1
U0654,M041,Spirited Away,Animation,3
U0654,M066,Before Sunrise,Romance,1
U0654,M015,Crazy Rich Asians,Romance,1
U0655,M080,Good Will Hunting,Drama,2
U0655,M010,Pride and Prejudice,Romance,2
U0655,M020,John Wick,Action,1
U0655,M075,The Shining,Horror,1
U0655,M081,Dead Poets Society,Drama,2
U0655,M059,2001: A Space Odyssey,Sci-Fi,4
U0655,M043,Planet Earth,Documentary,2
U0655,M086,Airplane!,Comedy,2
U0655,M014,The Shawshank Redemption,Drama,2
U0655,M079,12 Angry Men,Drama,2
U0655,M016,Hereditary,Horror,4
U0655,M008,Get Out,Horror,3
U0655,M091,Thor: Ragnarok,Action,5
U0655,M018,Superbad,Comedy,2
U0655,M026,Mad Max: Fury Road,Action,4
U0656,M091,Thor: Ragnarok,Action,2
U0656,M064,When Harry Met Sally,Romance,5
U0656,M078,Schindler's List,Drama,2
U0656,M024,Knives Out,Thriller,2
U0656,M061,Ex Machina,Sci-Fi,2
U0656,M037,Toy Story,Animation,4
U0656,M094,Dune,Sci-Fi,3
U0656,M087,The Mask,Comedy,2
U0656,M076,Annihilation,Horror,5
U0656,M008,Get Out,Horror,5
U0656,M057,Speed,Action,2
U0657,M090,Doctor Strange,Action,2
U0657,M098,The Menu,Thriller,5
U0657,M010,Pride and Prejudice,Romance,5
U0657,M025,It,Horror,3
U0657,M024,Knives Out,Thriller,5
U0657,M042,Coco,Animation,5
U0657,M097,Moon,Sci-Fi,5
U0657,M030,The Wolf of Wall Street,Drama,4
U0658,M055,Mission Impossible,Action,2
U0658,M033,Pitch Perfect,Comedy,1
U0658,M045,13th,Documentary,1
U0658,M095,The Martian,Sci-Fi,1
U0658,M031,Whiplash,Drama,5
U0658,M068,The Silence of the Lambs,Thriller,4
U0658,M001,The Dark Knight,Action,1
U0658,M084,Anchorman,Comedy,5
U0658,M088,Black Panther,Action,4
U0658,M037,Toy Story,Animation,3
U0658,M097,Moon,Sci-Fi,4
U0659,M096,Annihilation,Sci-Fi,3
U0659,M087,The Mask,Comedy,5
U0659,M012,The Hangover,Comedy,1
U0659,M041,Spirited Away,Animation,5
U0659,M076,Annihilation,Horror,3
U0660,M058,The Terminator,Sci-Fi,1
U0660,M046,The Act of Killing,Documentary,3
U0660,M096,Annihilation,Sci-Fi,4
U0660,M062,Gravity,Sci-Fi,4
U0660,M048,The Lord of the Rings,Fantasy,4
U0660,M064,When Harry Met Sally,Romance,3
U0660,M039,Up,Animation,5
U0660,M098,The Menu,Thriller,5
U0660,M063,Casablanca,Romance,4
U0660,M041,Spirited Away,Animation,5
U0660,M070,Prisoners,Thriller,3
U0660,M025,It,Horror,2
U0660,M030,The Wolf of Wall Street,Drama,5
U0660,M076,Annihilation,Horror,4
U0660,M022,Midsommar,Horror,1
U0661,M041,Spirited Away,Animation,4
U0661,M049,Harry Potter,Fantasy,3
U0661,M081,Dead Poets Society,Drama,5
U0661,M020,John Wick,Action,2
U0661,M052,Princess Mononoke,Fantasy,3
U0661,M047,Jiro Dreams of Sushi,Documentary,1
U0661,M002,Inception,Sci-Fi,1
U0661,M056,Die Hard,Action,4
U0661,M085,Step Brothers,Comedy,4
U0662,M035,The Big Lebowski,Comedy,3
U0662,M044,Free Solo,Documentary,2
U0662,M026,Mad Max: Fury Road,Action,2
U0662,M003,The Notebook,Romance,4
U0662,M064,When Harry Met Sally,Romance,5
U0662,M051,Pan's Labyrinth,Fantasy,4
U0662,M021,Bridesmaids,Comedy,4
U0662,M039,Up,Animation,5
U0662,M071,Zodiac,Thriller,3
U0663,M086,Airplane!,Comedy,2
U0663,M008,Get Out,Horror,3
U0663,M046,The Act of Killing,Documentary,3
U0663,M014,The Shawshank Redemption,Drama,5
U0663,M009,The Grand Budapest Hotel,Comedy,4
U0663,M042,Coco,Animation,5
U0663,M091,Thor: Ragnarok,Action,1
U0663,M062,Gravity,Sci-Fi,5
U0663,M078,Schindler's List,Drama,3
U0663,M038,Finding Nemo,Animation,5
U0663,M019,Alien,Sci-Fi,3
U0663,M031,Whiplash,Drama,4
U0663,M067,The Fault in Our Stars,Romance,3
U0663,M064,When Harry Met Sally,Romance,2
U0663,M028,La La Land,Romance,3
U0663,M054,Top Gun: Maverick,Action,5
U0663,M063,Casablanca,Romance,4
U0663,M002,Inception,Sci-Fi,1
U0663,M040,WALL-E,Animation,3
U0663,M081,Dead Poets Society,Drama,5
U0664,M054,Top Gun: Maverick,Action,2
U0664,M032,The Pursuit of Happyness,Drama,4
U0664,M027,Gone Girl,Thriller,5
U0664,M042,Coco,Animation,4
U0664,M089,Spider-Man: No Way Home,Action,5
U0664,M030,The Wolf of Wall Street,Drama,5
U0664,M041,Spirited Away,Animation,4
U0664,M082,A Beautiful Mind,Drama,3
U0664,M061,Ex Machina,Sci-Fi,4
U0664,M036,Se7en,Thriller,5
U0664,M072,Nightcrawler,Thriller,5
U0664,M044,Free Solo,Documentary,1
U0664,M074,Rosemary's Baby,Horror,3
U0664,M043,Planet Earth,Documentary,5
U0664,M090,Doctor Strange,Action,1
U0664,M025,It,Horror,4
U0665,M080,Good Will Hunting,Drama,2
U0665,M042,Coco,Animation,5
U0665,M011,A Quiet Place,Horror,4
U0665,M068,The Silence of the Lambs,Thriller,3
U0665,M063,Casablanca,Romance,3
U0665,M060,Arrival,Sci-Fi,2
U0665,M078,Schindler's List,Drama,4
U0665,M094,Dune,Sci-Fi,1
U0665,M035,The Big Lebowski,Comedy,4
U0666,M029,Blade Runner 2049,Sci-Fi,3
U0666,M082,A Beautiful Mind,Drama,5
U0666,M001,The Dark Knight,Action,5
U0666,M042,Coco,Animation,4
U0666,M046,The Act of Killing,Documentary,2
U0666,M080,Good Will Hunting,Drama,5
U0666,M062,Gravity,Sci-Fi,5
U0666,M072,Nightcrawler,Thriller,2
U0666,M019,Alien,Sci-Fi,3
U0666,M035,The Big Lebowski,Comedy,1
U0666,M041,Spirited Away,Animation,4
U0666,M063,Casablanca,Romance,5
U0667,M032,The Pursuit of Happyness,Drama,5
U0667,M049,Harry Potter,Fantasy,2
U0667,M055,Mission Impossible,Action,3
U0667,M090,Doctor Strange,Action,4
U0667,M002,Inception,Sci-Fi,2
U0667,M039,Up,Animation,5
U0667,M034,Joker,Drama,5
U0667,M027,Gone Girl,Thriller,5
U0667,M019,Alien,Sci-Fi,2
U0667,M038,Finding Nemo,Animation,5
U0667,M004,Interstellar,Sci-Fi,4
U0667,M084,Anchorman,Comedy,3
U0667,M083,Monty Python,Comedy,1
U0667,M098,The Menu,Thriller,4
U0668,M036,Se7en,Thriller,5
U0668,M026,Mad Max: Fury Road,Action,5
U0668,M091,Thor: Ragnarok,Action,1
U0668,M078,Schindler's List,Drama,5
U0668,M059,2001: A Space Odyssey,Sci-Fi,3
U0668,M037,Toy Story,Animation,5
U0668,M021,Bridesmaids,Comedy,2
U0668,M076,Annihilation,Horror,3
U0668,M017,Forrest Gump,Drama,5
U0668,M042,Coco,Animation,3
U0668,M003,The Notebook,Romance,3
U0668,M016,Hereditary,Horror,3
U0668,M007,Titanic,Romance,5
U0668,M071,Zodiac,Thriller,5
U0668,M062,Gravity,Sci-Fi,1
U0668,M048,The Lord of the Rings,Fantasy,5
U0668,M019,Alien,Sci-Fi,1
U0668,M041,Spirited Away,Animation,4
U0668,M093,Everything Everywhere All at Once,Sci-Fi,4
U0669,M009,The Grand Budapest Hotel,Comedy,2
U0669,M018,Superbad,Comedy,1
U0669,M020,John Wick,Action,3
U0669,M014,The Shawshank Redemption,Drama,4
U0669,M067,The Fault in Our Stars,Romance,3
U0669,M021,Bridesmaids,Comedy,1
U0669,M092,Iron Man,Action,4
U0670,M097,Moon,Sci-Fi,4
U0670,M009,The Grand Budapest Hotel,Comedy,2
U0670,M064,When Harry Met Sally,Romance,1
U0670,M052,Princess Mononoke,Fantasy,4
U0670,M070,Prisoners,Thriller,3
U0670,M008,Get Out,Horror,2
U0670,M068,The Silence of the Lambs,Thriller,2
U0670,M054,Top Gun: Maverick,Action,5
U0670,M083,Monty Python,Comedy,1
U0670,M051,Pan's Labyrinth,Fantasy,2
U0670,M089,Spider-Man: No Way Home,Action,2
U0670,M020,John Wick,Action,4
U0670,M071,Zodiac,Thriller,2
U0670,M012,The Hangover,Comedy,1
U0670,M027,Gone Girl,Thriller,3
U0671,M020,John Wick,Action,3
U0671,M018,Superbad,Comedy,4
U0671,M065,Eternal Sunshine,Romance,1
U0671,M041,Spirited Away,Animation,5
U0671,M042,Coco,Animation,5
U0671,M050,The Hobbit,Fantasy,2
U0671,M097,Moon,Sci-Fi,1
U0671,M082,A Beautiful Mind,Drama,3
U0671,M086,Airplane!,Comedy,5
U0671,M051,Pan's Labyrinth,Fantasy,2
U0671,M003,The Notebook,Romance,2
U0671,M066,Before Sunrise,Romance,2
U0672,M001,The Dark Knight,Action,2
U0672,M045,13th,Documentary,5
U0672,M090,Doctor Strange,Action,3
U0672,M011,A Quiet Place,Horror,3
U0672,M075,The Shining,Horror,2
U0672,M048,The Lord of the Rings,Fantasy,4
U0672,M066,Before Sunrise,Romance,3
U0672,M022,Midsommar,Horror,4
U0672,M051,Pan's Labyrinth,Fantasy,2
U0672,M028,La La Land,Romance,3
U0672,M020,John Wick,Action,4
U0672,M069,No Country for Old Men,Thriller,2
U0672,M081,Dead Poets Society,Drama,5
U0672,M096,Annihilation,Sci-Fi,5
U0672,M080,Good Will Hunting,Drama,5
U0672,M037,Toy Story,Animation,5
U0672,M035,The Big Lebowski,Comedy,2
U0672,M072,Nightcrawler,Thriller,3
U0672,M050,The Hobbit,Fantasy,2
U0672,M021,Bridesmaids,Comedy,1
U0673,M014,The Shawshank Redemption,Drama,3
U0673,M096,Annihilation,Sci-Fi,5
U0673,M027,Gone Girl,Thriller,4
U0673,M026,Mad Max: Fury Road,Action,2
U0673,M098,The Menu,Thriller,5
U0673,M073,The Exorcist,Horror,1
U0673,M095,The Martian,Sci-Fi,3
U0673,M039,Up,Animation,3
U0673,M089,Spider-Man: No Way Home,Action,2
U0673,M087,The Mask,Comedy,2
U0673,M028,La La Land,Romance,3
U0673,M076,Annihilation,Horror,2
U0673,M047,Jiro Dreams of Sushi,Documentary,4
U0673,M060,Arrival,Sci-Fi,4
U0673,M007,Titanic,Romance,3
U0673,M083,Monty Python,Comedy,4
U0673,M081,Dead Poets Society,Drama,5
U0674,M063,Casablanca,Romance,1
U0674,M062,Gravity,Sci-Fi,1
U0674,M072,Nightcrawler,Thriller,5
U0674,M077,Us,Horror,1
U0674,M037,Toy Story,Animation,3
U0674,M086,Airplane!,Comedy,3
U0674,M032,The Pursuit of Happyness,Drama,2
U0674,M010,Pride and Prejudice,Romance,3
U0674,M079,12 Angry Men,Drama,5
U0674,M014,The Shawshank Redemption,Drama,5
U0675,M013,Parasite,Thriller,5
U0675,M007,Titanic,Romance,1
U0675,M048,The Lord of the Rings,Fantasy,4
U0675,M028,La La Land,Romance,1
U0675,M083,Monty Python,Comedy,1
U0675,M025,It,Horror,3
U0675,M055,Mission Impossible,Action,2
U0675,M095,The Martian,Sci-Fi,3
U0675,M010,Pride and Prejudice,Romance,4
U0675,M036,Se7en,Thriller,3
U0676,M082,A Beautiful Mind,Drama,2
U0676,M096,Annihilation,Sci-Fi,2
U0676,M088,Black Panther,Action,4
U0676,M004,Interstellar,Sci-Fi,5
U0676,M061,Ex Machina,Sci-Fi,5
U0676,M023,The Matrix,Sci-Fi,3
U0676,M002,Inception,Sci-Fi,3
U0676,M015,Crazy Rich Asians,Romance,1
U0677,M009,The Grand Budapest Hotel,Comedy,3
U0677,M094,Dune,Sci-Fi,3
U0677,M089,Spider-Man: No Way Home,Action,4
U0677,M020,John Wick,Action,2
U0677,M028,La La Land,Romance,3
U0677,M051,Pan's Labyrinth,Fantasy,2
U0677,M087,The Mask,Comedy,3
U0677,M049,Harry Potter,Fantasy,3
U0677,M004,Interstellar,Sci-Fi,2
U0677,M005,The Conjuring,Horror,4
U0677,M064,When Harry Met Sally,Romance,1
U0677,M056,Die Hard,Action,1
U0677,M060,Arrival,Sci-Fi,5
U0677,M053,Gladiator,Action,4
U0677,M023,The Matrix,Sci-Fi,5
U0677,M002,Inception,Sci-Fi,4
U0677,M074,Rosemary's Baby,Horror,2
U0677,M006,Avengers: Endgame,Action,1
U0677,M085,Step Brothers,Comedy,3
U0677,M099,Barbarian,Horror,3
U0678,M077,Us,Horror,3
U0678,M048,The Lord of the Rings,Fantasy,5
U0678,M059,2001: A Space Odyssey,Sci-Fi,5
U0678,M061,Ex Machina,Sci-Fi,2
U0678,M070,Prisoners,Thriller,4
U0678,M021,Bridesmaids,Comedy,3
U0678,M085,Step Brothers,Comedy,4
U0679,M075,The Shining,Horror,4
U0679,M052,Princess Mononoke,Fantasy,5
U0679,M048,The Lord of the Rings,Fantasy,4
U0679,M060,Arrival,Sci-Fi,3
U0679,M045,13th,Documentary,4
U0679,M099,Barbarian,Horror,1
U0679,M038,Finding Nemo,Animation,5
U0679,M019,Alien,Sci-Fi,3
U0679,M087,The Mask,Comedy,2
U0679,M097,Moon,Sci-Fi,3
U0680,M083,Monty Python,Comedy,2
U0680,M060,Arrival,Sci-Fi,2
U0680,M058,The Terminator,Sci-Fi,4
U0680,M097,Moon,Sci-Fi,1
U0680,M070,Prisoners,Thriller,5
U0680,M088,Black Panther,Action,1
U0680,M022,Midsommar,Horror,5
U0680,M006,Avengers: Endgame,Action,5
U0680,M044,Free Solo,Documentary,1
U0680,M065,Eternal Sunshine,Romance,5
U0680,M081,Dead Poets Society,Drama,2
U0680,M019,Alien,Sci-Fi,5
U0680,M077,Us,Horror,1
U0680,M096,Annihilation,Sci-Fi,3
U0680,M021,Bridesmaids,Comedy,5
U0680,M074,Rosemary's Baby,Horror,2
U0681,M088,Black Panther,Action,4
U0681,M091,Thor: Ragnarok,Action,2
U0681,M043,Planet Earth,Documentary,5
U0681,M063,Casablanca,Romance,3
U0681,M015,Crazy Rich Asians,Romance,4
U0681,M042,Coco,Animation,3
U0681,M094,Dune,Sci-Fi,2
U0681,M048,The Lord of the Rings,Fantasy,4
U0681,M071,Zodiac,Thriller,3
U0681,M051,Pan's Labyrinth,Fantasy,3
U0681,M067,The Fault in Our Stars,Romance,1
U0681,M085,Step Brothers,Comedy,5
U0682,M064,When Harry Met Sally,Romance,3
U0682,M019,Alien,Sci-Fi,2
U0682,M010,Pride and Prejudice,Romance,5
U0682,M089,Spider-Man: No Way Home,Action,1
U0682,M040,WALL-E,Animation,4
U0682,M031,Whiplash,Drama,2
U0682,M097,Moon,Sci-Fi,1
U0682,M052,Princess Mononoke,Fantasy,2
U0683,M016,Hereditary,Horror,5
U0683,M027,Gone Girl,Thriller,4
U0683,M024,Knives Out,Thriller,4
U0683,M100,Nope,Horror,4
U0683,M088,Black Panther,Action,3
U0683,M010,Pride and Prejudice,Romance,2
U0683,M009,The Grand Budapest Hotel,Comedy,3
U0683,M033,Pitch Perfect,Comedy,4
U0683,M058,The Terminator,Sci-Fi,5
U0683,M055,Mission Impossible,Action,5
U0683,M046,The Act of Killing,Documentary,4
U0683,M085,Step Brothers,Comedy,5
U0683,M052,Princess Mononoke,Fantasy,5
U0683,M002,Inception,Sci-Fi,1
U0684,M005,The Conjuring,Horror,1
U0684,M064,When Harry Met Sally,Romance,4
U0684,M041,Spirited Away,Animation,3
U0684,M045,13th,Documentary,4
U0684,M004,Interstellar,Sci-Fi,3
U0684,M033,Pitch Perfect,Comedy,5
U0684,M090,Doctor Strange,Action,1
U0684,M061,Ex Machina,Sci-Fi,1
U0684,M050,The Hobbit,Fantasy,3
U0684,M097,Moon,Sci-Fi,1
U0684,M069,No Country for Old Men,Thriller,5
U0684,M099,Barbarian,Horror,4
U0684,M013,Parasite,Thriller,4
U0684,M055,Mission Impossible,Action,2
U0684,M089,Spider-Man: No Way Home,Action,5
U0684,M076,Annihilation,Horror,4
U0684,M080,Good Will Hunting,Drama,2
U0684,M088,Black Panther,Action,3
U0684,M063,Casablanca,Romance,3
U0684,M049,Harry Potter,Fantasy,5
U0685,M028,La La Land,Romance,4
U0685,M079,12 Angry Men,Drama,5
U0685,M053,Gladiator,Action,1
U0685,M013,Parasite,Thriller,4
U0685,M002,Inception,Sci-Fi,5
U0685,M088,Black Panther,Action,1
U0685,M017,Forrest Gump,Drama,5
U0685,M076,Annihilation,Horror,4
U0685,M087,The Mask,Comedy,2
U0685,M100,Nope,Horror,4
U0685,M004,Interstellar,Sci-Fi,3
U0685,M065,Eternal Sunshine,Romance,2
U0685,M057,Speed,Action,1
U0685,M009,The Grand Budapest Hotel,Comedy,3
U0685,M024,Knives Out,Thriller,5
U0685,M060,Arrival,Sci-Fi,3
U0685,M036,Se7en,Thriller,5
U0685,M090,Doctor Strange,Action,1
U0685,M073,The Exorcist,Horror,2
U0686,M026,Mad Max: Fury Road,Action,2
U0686,M062,Gravity,Sci-Fi,4
U0686,M063,Casablanca,Romance,1
U0686,M032,The Pursuit of Happyness,Drama,4
U0686,M001,The Dark Knight,Action,2
U0686,M050,The Hobbit,Fantasy,3
U0686,M100,Nope,Horror,3
U0687,M030,The Wolf of Wall Street,Drama,4
U0687,M092,Iron Man,Action,5
U0687,M057,Speed,Action,1
U0687,M090,Doctor Strange,Action,4
U0687,M015,Crazy Rich Asians,Romance,4
U0687,M013,Parasite,Thriller,2
U0687,M022,Midsommar,Horror,3
U0687,M018,Superbad,Comedy,4
U0687,M017,Forrest Gump,Drama,5
U0687,M095,The Martian,Sci-Fi,4
U0687,M078,Schindler's List,Drama,2
U0687,M073,The Exorcist,Horror,1
U0687,M004,Interstellar,Sci-Fi,1
U0687,M064,When Harry Met Sally,Romance,3
U0687,M047,Jiro Dreams of Sushi,Documentary,3
U0687,M056,Die Hard,Action,4
U0687,M003,The Notebook,Romance,4
U0687,M091,Thor: Ragnarok,Action,5
U0687,M068,The Silence of the Lambs,Thriller,3
U0687,M089,Spider-Man: No Way Home,Action,2
U0688,M004,Interstellar,Sci-Fi,5
U0688,M021,Bridesmaids,Comedy,3
U0688,M012,The Hangover,Comedy,5
U0688,M074,Rosemary's Baby,Horror,3
U0688,M024,Knives Out,Thriller,5
U0688,M086,Airplane!,Comedy,1
U0688,M026,Mad Max: Fury Road,Action,2
U0688,M058,The Terminator,Sci-Fi,5
U0689,M015,Crazy Rich Asians,Romance,5
U0689,M072,Nightcrawler,Thriller,5
U0689,M006,Avengers: Endgame,Action,1
U0689,M030,The Wolf of Wall Street,Drama,4
U0689,M026,Mad Max: Fury Road,Action,2
U0689,M019,Alien,Sci-Fi,3
U0689,M039,Up,Animation,4
U0689,M018,Superbad,Comedy,4
U0689,M096,Annihilation,Sci-Fi,2
U0689,M090,Doctor Strange,Action,2
U0689,M051,Pan's Labyrinth,Fantasy,4
U0689,M002,Inception,Sci-Fi,4
U0689,M048,The Lord of the Rings,Fantasy,4
U0689,M008,Get Out,Horror,2
U0689,M066,Before Sunrise,Romance,1
U0689,M068,The Silence of the Lambs,Thriller,3
U0689,M086,Airplane!,Comedy,4
U0689,M035,The Big Lebowski,Comedy,5
U0690,M019,Alien,Sci-Fi,5
U0690,M086,Airplane!,Comedy,1
U0690,M017,Forrest Gump,Drama,5
U0690,M066,Before Sunrise,Romance,2
U0690,M098,The Menu,Thriller,3
U0690,M009,The Grand Budapest Hotel,Comedy,4
U0690,M062,Gravity,Sci-Fi,3
U0691,M034,Joker,Drama,4
U0691,M053,Gladiator,Action,4
U0691,M008,Get Out,Horror,4
U0691,M097,Moon,Sci-Fi,5
U0691,M056,Die Hard,Action,2
U0691,M006,Avengers: Endgame,Action,2
U0691,M042,Coco,Animation,5
U0691,M100,Nope,Horror,5
U0691,M051,Pan's Labyrinth,Fantasy,5
U0691,M004,Interstellar,Sci-Fi,4
U0691,M025,It,Horror,2
U0691,M086,Airplane!,Comedy,2
U0692,M064,When Harry Met Sally,Romance,1
U0692,M099,Barbarian,Horror,3
U0692,M010,Pride and Prejudice,Romance,3
U0692,M056,Die Hard,Action,4
U0692,M077,Us,Horror,3
U0692,M004,Interstellar,Sci-Fi,4
U0692,M054,Top Gun: Maverick,Action,3
U0692,M009,The Grand Budapest Hotel,Comedy,3
U0692,M072,Nightcrawler,Thriller,5
U0692,M011,A Quiet Place,Horror,5
U0692,M091,Thor: Ragnarok,Action,3
U0692,M100,Nope,Horror,3
U0692,M019,Alien,Sci-Fi,4
U0692,M083,Monty Python,Comedy,5
U0693,M050,The Hobbit,Fantasy,4
U0693,M097,Moon,Sci-Fi,3
U0693,M089,Spider-Man: No Way Home,Action,3
U0693,M076,Annihilation,Horror,3
U0693,M072,Nightcrawler,Thriller,5
U0693,M088,Black Panther,Action,5
U0693,M078,Schindler's List,Drama,3
U0693,M077,Us,Horror,3
U0693,M085,Step Brothers,Comedy,3
U0693,M074,Rosemary's Baby,Horror,2
U0693,M018,Superbad,Comedy,5
U0693,M061,Ex Machina,Sci-Fi,2
U0693,M044,Free Solo,Documentary,3
U0693,M012,The Hangover,Comedy,3
U0693,M063,Casablanca,Romance,2
U0693,M069,No Country for Old Men,Thriller,4
U0693,M067,The Fault in Our Stars,Romance,5
U0693,M079,12 Angry Men,Drama,5
U0693,M081,Dead Poets Society,Drama,4
U0693,M009,The Grand Budapest Hotel,Comedy,3
U0694,M086,Airplane!,Comedy,2
U0694,M085,Step Brothers,Comedy,1
U0694,M025,It,Horror,3
U0694,M099,Barbarian,Horror,2
U0694,M079,12 Angry Men,Drama,3
U0694,M018,Superbad,Comedy,5
U0694,M089,Spider-Man: No Way Home,Action,3
U0694,M038,Finding Nemo,Animation,4
U0694,M088,Black Panther,Action,4
U0694,M047,Jiro Dreams of Sushi,Documentary,3
U0694,M092,Iron Man,Action,2
U0694,M070,Prisoners,Thriller,5
U0694,M071,Zodiac,Thriller,5
U0694,M042,Coco,Animation,4
U0694,M027,Gone Girl,Thriller,5
U0694,M060,Arrival,Sci-Fi,4
U0694,M075,The Shining,Horror,5
U0694,M067,The Fault in Our Stars,Romance,3
U0695,M033,Pitch Perfect,Comedy,2
U0695,M078,Schindler's List,Drama,4
U0695,M010,Pride and Prejudice,Romance,4
U0695,M016,Hereditary,Horror,4
U0695,M049,Harry Potter,Fantasy,5
U0695,M071,Zodiac,Thriller,5
U0695,M051,Pan's Labyrinth,Fantasy,4
U0695,M001,The Dark Knight,Action,5
U0695,M009,The Grand Budapest Hotel,Comedy,5
U0696,M026,Mad Max: Fury Road,Action,1
U0696,M035,The Big Lebowski,Comedy,3
U0696,M007,Titanic,Romance,1
U0696,M055,Mission Impossible,Action,5
U0696,M081,Dead Poets Society,Drama,5
U0696,M063,Casablanca,Romance,3
U0696,M077,Us,Horror,2
U0696,M014,The Shawshank Redemption,Drama,2
U0696,M061,Ex Machina,Sci-Fi,4
U0696,M056,Die Hard,Action,2
U0696,M050,The Hobbit,Fantasy,2
U0696,M041,Spirited Away,Animation,5
U0696,M016,Hereditary,Horror,1
U0696,M018,Superbad,Comedy,1
U0696,M024,Knives Out,Thriller,2
U0696,M047,Jiro Dreams of Sushi,Documentary,3
U0696,M098,The Menu,Thriller,5
U0696,M006,Avengers: Endgame,Action,3
U0697,M056,Die Hard,Action,3
U0697,M031,Whiplash,Drama,3
U0697,M030,The Wolf of Wall Street,Drama,3
U0697,M029,Blade Runner 2049,Sci-Fi,4
U0697,M080,Good Will Hunting,Drama,3
U0697,M078,Schindler's List,Drama,5
U0697,M074,Rosemary's Baby,Horror,5
U0697,M097,Moon,Sci-Fi,1
U0697,M035,The Big Lebowski,Comedy,2
U0697,M071,Zodiac,Thriller,2
U0697,M046,The Act of Killing,Documentary,5
U0697,M020,John Wick,Action,5
U0697,M003,The Notebook,Romance,3
U0697,M075,The Shining,Horror,4
U0698,M013,Parasite,Thriller,3
U0698,M032,The Pursuit of Happyness,Drama,3
U0698,M053,Gladiator,Action,3
U0698,M029,Blade Runner 2049,Sci-Fi,1
U0698,M031,Whiplash,Drama,2
U0698,M059,2001: A Space Odyssey,Sci-Fi,2
U0698,M079,12 Angry Men,Drama,4
U0698,M022,Midsommar,Horror,4
U0699,M058,The Terminator,Sci-Fi,3
U0699,M028,La La Land,Romance,2
U0699,M030,The Wolf of Wall Street,Drama,5
U0699,M013,Parasite,Thriller,5
U0699,M011,A Quiet Place,Horror,5
U0699,M053,Gladiator,Action,3
U0699,M092,Iron Man,Action,3
U0699,M057,Speed,Action,1
U0699,M020,John Wick,Action,4
U0699,M095,The Martian,Sci-Fi,5
U0699,M050,The Hobbit,Fantasy,5
U0699,M079,12 Angry Men,Drama,5
U0699,M097,Moon,Sci-Fi,4
U0699,M049,Harry Potter,Fantasy,5
U0699,M003,The Notebook,Romance,2
U0699,M070,Prisoners,Thriller,4
U0699,M098,The Menu,Thriller,3
U0700,M077,Us,Horror,2
U0700,M090,Doctor Strange,Action,3
U0700,M088,Black Panther,Action,3
U0700,M049,Harry Potter,Fantasy,4
U0700,M022,Midsommar,Horror,3
U0700,M052,Princess Mononoke,Fantasy,3
U0700,M027,Gone Girl,Thriller,4
U0701,M049,Harry Potter,Fantasy,2
U0701,M077,Us,Horror,4
U0701,M061,Ex Machina,Sci-Fi,5
U0701,M004,Interstellar,Sci-Fi,3
U0701,M088,Black Panther,Action,3
U0701,M073,The Exorcist,Horror,4
U0701,M032,The Pursuit of Happyness,Drama,2
U0701,M083,Monty Python,Comedy,4
U0701,M090,Doctor Strange,Action,4
U0701,M009,The Grand Budapest Hotel,Comedy,4
U0701,M058,The Terminator,Sci-Fi,4
U0701,M092,Iron Man,Action,1
U0702,M033,Pitch Perfect,Comedy,3
U0702,M045,13th,Documentary,1
U0702,M030,The Wolf of Wall Street,Drama,3
U0702,M035,The Big Lebowski,Comedy,1
U0702,M047,Jiro Dreams of Sushi,Documentary,2
U0702,M034,Joker,Drama,2
U0702,M062,Gravity,Sci-Fi,5
U0702,M021,Bridesmaids,Comedy,5
U0702,M022,Midsommar,Horror,1
U0702,M029,Blade Runner 2049,Sci-Fi,3
U0702,M075,The Shining,Horror,1
U0702,M083,Monty Python,Comedy,5
U0702,M067,The Fault in Our Stars,Romance,3
U0702,M077,Us,Horror,4
U0702,M068,The Silence of the Lambs,Thriller,3
U0702,M026,Mad Max: Fury Road,Action,3
U0702,M005,The Conjuring,Horror,2
U0702,M049,Harry Potter,Fantasy,4
U0703,M024,Knives Out,Thriller,3
U0703,M030,The Wolf of Wall Street,Drama,4
U0703,M053,Gladiator,Action,5
U0703,M040,WALL-E,Animation,5
U0703,M022,Midsommar,Horror,4
U0703,M067,The Fault in Our Stars,Romance,2
U0703,M009,The Grand Budapest Hotel,Comedy,2
U0703,M012,The Hangover,Comedy,1
U0703,M080,Good Will Hunting,Drama,3
U0703,M007,Titanic,Romance,5
U0703,M074,Rosemary's Baby,Horror,1
U0703,M084,Anchorman,Comedy,1
U0703,M095,The Martian,Sci-Fi,1
U0704,M023,The Matrix,Sci-Fi,3
U0704,M069,No Country for Old Men,Thriller,3
U0704,M016,Hereditary,Horror,3
U0704,M100,Nope,Horror,5
U0704,M060,Arrival,Sci-Fi,1
U0704,M071,Zodiac,Thriller,5
U0704,M098,The Menu,Thriller,5
U0704,M048,The Lord of the Rings,Fantasy,2
U0704,M093,Everything Everywhere All at Once,Sci-Fi,4
U0704,M020,John Wick,Action,2
U0704,M024,Knives Out,Thriller,3
U0704,M032,The Pursuit of Happyness,Drama,2
U0704,M002,Inception,Sci-Fi,4
U0705,M017,Forrest Gump,Drama,3
U0705,M031,Whiplash,Drama,2
U0705,M078,Schindler's List,Drama,3
U0705,M048,The Lord of the Rings,Fantasy,3
U0705,M074,Rosemary's Baby,Horror,5
U0705,M036,Se7en,Thriller,2
U0705,M060,Arrival,Sci-Fi,1
U0705,M032,The Pursuit of Happyness,Drama,5
U0705,M059,2001: A Space Odyssey,Sci-Fi,2
U0706,M037,Toy Story,Animation,5
U0706,M059,2001: A Space Odyssey,Sci-Fi,5
U0706,M068,The Silence of the Lambs,Thriller,5
U0706,M063,Casablanca,Romance,4
U0706,M087,The Mask,Comedy,5
U0707,M083,Monty Python,Comedy,5
U0707,M067,The Fault in Our Stars,Romance,3
U0707,M046,The Act of Killing,Documentary,3
U0707,M078,Schindler's List,Drama,2
U0707,M074,Rosemary's Baby,Horror,5
U0707,M092,Iron Man,Action,4
U0707,M096,Annihilation,Sci-Fi,4
U0707,M052,Princess Mononoke,Fantasy,4
U0707,M097,Moon,Sci-Fi,3
U0707,M033,Pitch Perfect,Comedy,3
U0707,M068,The Silence of the Lambs,Thriller,2
U0707,M053,Gladiator,Action,3
U0707,M022,Midsommar,Horror,4
U0707,M065,Eternal Sunshine,Romance,2
U0707,M064,When Harry Met Sally,Romance,1
U0707,M017,Forrest Gump,Drama,3
U0707,M005,The Conjuring,Horror,4
U0707,M027,Gone Girl,Thriller,3
U0707,M010,Pride and Prejudice,Romance,4
U0708,M084,Anchorman,Comedy,4
U0708,M039,Up,Animation,5
U0708,M051,Pan's Labyrinth,Fantasy,4
U0708,M032,The Pursuit of Happyness,Drama,5
U0708,M019,Alien,Sci-Fi,3
U0708,M003,The Notebook,Romance,2
U0708,M030,The Wolf of Wall Street,Drama,5
U0708,M057,Speed,Action,2
U0708,M033,Pitch Perfect,Comedy,4
U0709,M032,The Pursuit of Happyness,Drama,2
U0709,M019,Alien,Sci-Fi,3
U0709,M082,A Beautiful Mind,Drama,5
U0709,M013,Parasite,Thriller,5
U0709,M038,Finding Nemo,Animation,5
U0709,M048,The Lord of the Rings,Fantasy,2
U0710,M046,The Act of Killing,Documentary,5
U0710,M066,Before Sunrise,Romance,3
U0710,M071,Zodiac,Thriller,2
U0710,M062,Gravity,Sci-Fi,1
U0710,M006,Avengers: Endgame,Action,5
U0710,M009,The Grand Budapest Hotel,Comedy,2
U0710,M043,Planet Earth,Documentary,5
U0710,M025,It,Horror,3
U0710,M040,WALL-E,Animation,3
U0710,M065,Eternal Sunshine,Romance,4
U0710,M022,Midsommar,Horror,4
U0710,M002,Inception,Sci-Fi,3
U0710,M013,Parasite,Thriller,5
U0710,M019,Alien,Sci-Fi,4
U0711,M080,Good Will Hunting,Drama,5
U0711,M042,Coco,Animation,5
U0711,M037,Toy Story,Animation,5
U0711,M048,The Lord of the Rings,Fantasy,2
U0711,M007,Titanic,Romance,2
U0711,M067,The Fault in Our Stars,Romance,4
U0711,M075,The Shining,Horror,3
U0711,M016,Hereditary,Horror,4
U0711,M057,Speed,Action,3
U0711,M098,The Menu,Thriller,3
U0711,M063,Casablanca,Romance,2
U0711,M056,Die Hard,Action,2
U0711,M066,Before Sunrise,Romance,1
U0711,M005,The Conjuring,Horror,5
U0711,M086,Airplane!,Comedy,4
U0711,M100,Nope,Horror,3
U0712,M029,Blade Runner 2049,Sci-Fi,3
U0712,M006,Avengers: Endgame,Action,4
U0712,M039,Up,Animation,3
U0712,M002,Inception,Sci-Fi,2
U0712,M018,Superbad,Comedy,4
U0712,M025,It,Horror,2
U0712,M054,Top Gun: Maverick,Action,4
U0712,M073,The Exorcist,Horror,1
U0712,M020,John Wick,Action,1
U0712,M055,Mission Impossible,Action,4
U0712,M071,Zodiac,Thriller,4
U0712,M033,Pitch Perfect,Comedy,5
U0712,M027,Gone Girl,Thriller,4
U0712,M001,The Dark Knight,Action,4
U0712,M009,The Grand Budapest Hotel,Comedy,3
U0712,M021,Bridesmaids,Comedy,5
U0712,M005,The Conjuring,Horror,5
U0713,M081,Dead Poets Society,Drama,5
U0713,M086,Airplane!,Comedy,4
U0713,M042,Coco,Animation,4
U0713,M068,The Silence of the Lambs,Thriller,4
U0713,M020,John Wick,Action,5
U0713,M088,Black Panther,Action,3
U0713,M092,Iron Man,Action,4
U0713,M076,Annihilation,Horror,4
U0713,M067,The Fault in Our Stars,Romance,1
U0713,M036,Se7en,Thriller,5
U0713,M077,Us,Horror,3
U0713,M100,Nope,Horror,3
U0713,M032,The Pursuit of Happyness,Drama,2
U0713,M029,Blade Runner 2049,Sci-Fi,2
U0713,M003,The Notebook,Romance,5
U0714,M029,Blade Runner 2049,Sci-Fi,4
U0714,M032,The Pursuit of Happyness,Drama,5
U0714,M060,Arrival,Sci-Fi,3
U0714,M020,John Wick,Action,3
U0714,M013,Parasite,Thriller,2
U0714,M090,Doctor Strange,Action,2
U0714,M070,Prisoners,Thriller,3
U0714,M065,Eternal Sunshine,Romance,5
U0714,M047,Jiro Dreams of Sushi,Documentary,4
U0714,M053,Gladiator,Action,1
U0714,M096,Annihilation,Sci-Fi,3
U0714,M052,Princess Mononoke,Fantasy,2
U0715,M052,Princess Mononoke,Fantasy,3
U0715,M056,Die Hard,Action,3
U0715,M020,John Wick,Action,2
U0715,M054,Top Gun: Maverick,Action,5
U0715,M061,Ex Machina,Sci-Fi,3
U0715,M004,Interstellar,Sci-Fi,5
U0715,M043,Planet Earth,Documentary,4
U0715,M048,The Lord of the Rings,Fantasy,2
U0715,M016,Hereditary,Horror,1
U0715,M040,WALL-E,Animation,3
U0715,M031,Whiplash,Drama,2
U0715,M063,Casablanca,Romance,1
U0715,M051,Pan's Labyrinth,Fantasy,3
U0715,M076,Annihilation,Horror,5
U0715,M028,La La Land,Romance,4
U0715,M037,Toy Story,Animation,5
U0715,M032,The Pursuit of Happyness,Drama,2
U0715,M079,12 Angry Men,Drama,3
U0716,M001,The Dark Knight,Action,3
U0716,M061,Ex Machina,Sci-Fi,3
U0716,M023,The Matrix,Sci-Fi,5
U0716,M005,The Conjuring,Horror,1
U0716,M018,Superbad,Comedy,1
U0716,M038,Finding Nemo,Animation,4
U0717,M043,Planet Earth,Documentary,5
U0717,M013,Parasite,Thriller,4
U0717,M005,The Conjuring,Horror,5
U0717,M075,The Shining,Horror,5
U0717,M011,A Quiet Place,Horror,1
U0717,M006,Avengers: Endgame,Action,5
U0717,M079,12 Angry Men,Drama,4
U0717,M001,The Dark Knight,Action,2
U0717,M025,It,Horror,1
U0717,M022,Midsommar,Horror,4
U0717,M051,Pan's Labyrinth,Fantasy,5
U0717,M063,Casablanca,Romance,3
U0717,M014,The Shawshank Redemption,Drama,3
U0717,M035,The Big Lebowski,Comedy,5
U0718,M064,When Harry Met Sally,Romance,2
U0718,M078,Schindler's List,Drama,5
U0718,M029,Blade Runner 2049,Sci-Fi,4
U0718,M089,Spider-Man: No Way Home,Action,3
U0718,M037,Toy Story,Animation,5
U0718,M005,The Conjuring,Horror,3
U0718,M051,Pan's Labyrinth,Fantasy,4
U0718,M044,Free Solo,Documentary,4
U0719,M031,Whiplash,Drama,2
U0719,M040,WALL-E,Animation,4
U0719,M086,Airplane!,Comedy,3
U0719,M042,Coco,Animation,4
U0719,M027,Gone Girl,Thriller,5
U0719,M060,Arrival,Sci-Fi,2
U0719,M020,John Wick,Action,4
U0719,M091,Thor: Ragnarok,Action,4
U0719,M005,The Conjuring,Horror,4
U0719,M011,A Quiet Place,Horror,1
U0719,M008,Get Out,Horror,5
U0719,M076,Annihilation,Horror,5
U0719,M016,Hereditary,Horror,3
U0719,M019,Alien,Sci-Fi,2
U0719,M014,The Shawshank Redemption,Drama,5
U0719,M058,The Terminator,Sci-Fi,1
U0719,M017,Forrest Gump,Drama,4
U0719,M093,Everything Everywhere All at Once,Sci-Fi,2
U0720,M025,It,Horror,4
U0720,M045,13th,Documentary,3
U0720,M009,The Grand Budapest Hotel,Comedy,5
U0720,M007,Titanic,Romance,2
U0720,M005,The Conjuring,Horror,1
U0720,M033,Pitch Perfect,Comedy,2
U0720,M050,The Hobbit,Fantasy,4
U0720,M024,Knives Out,Thriller,5
U0720,M064,When Harry Met Sally,Romance,1
U0720,M060,Arrival,Sci-Fi,4
U0720,M085,Step Brothers,Comedy,3
U0720,M051,Pan's Labyrinth,Fantasy,3
U0720,M091,Thor: Ragnarok,Action,1
U0720,M042,Coco,Animation,4
U0720,M058,The Terminator,Sci-Fi,2
U0720,M018,Superbad,Comedy,5
U0720,M096,Annihilation,Sci-Fi,5
U0721,M036,Se7en,Thriller,4
U0721,M026,Mad Max: Fury Road,Action,5
U0721,M093,Everything Everywhere All at Once,Sci-Fi,3
U0721,M024,Knives Out,Thriller,5
U0721,M054,Top Gun: Maverick,Action,4
U0721,M005,The Conjuring,Horror,5
U0721,M099,Barbarian,Horror,5
U0721,M002,Inception,Sci-Fi,5
U0721,M081,Dead Poets Society,Drama,5
U0721,M047,Jiro Dreams of Sushi,Documentary,2
U0721,M092,Iron Man,Action,4
U0721,M044,Free Solo,Documentary,1
U0721,M079,12 Angry Men,Drama,5
U0721,M048,The Lord of the Rings,Fantasy,5
U0721,M001,The Dark Knight,Action,5
U0721,M014,The Shawshank Redemption,Drama,4
U0721,M062,Gravity,Sci-Fi,5
U0721,M065,Eternal Sunshine,Romance,4
U0721,M028,La La Land,Romance,1
U0721,M019,Alien,Sci-Fi,3
U0722,M003,The Notebook,Romance,3
U0722,M053,Gladiator,Action,1
U0722,M076,Annihilation,Horror,2
U0722,M081,Dead Poets Society,Drama,5
U0722,M009,The Grand Budapest Hotel,Comedy,3
U0722,M061,Ex Machina,Sci-Fi,4
U0722,M054,Top Gun: Maverick,Action,3
U0722,M060,Arrival,Sci-Fi,1
U0722,M078,Schindler's List,Drama,5
U0722,M074,Rosemary's Baby,Horror,2
U0722,M030,The Wolf of Wall Street,Drama,2
U0722,M041,Spirited Away,Animation,4
U0722,M029,Blade Runner 2049,Sci-Fi,4
U0722,M058,The Terminator,Sci-Fi,2
U0722,M034,Joker,Drama,5
U0723,M056,Die Hard,Action,5
U0723,M007,Titanic,Romance,4
U0723,M010,Pride and Prejudice,Romance,1
U0723,M036,Se7en,Thriller,5
U0723,M069,No Country for Old Men,Thriller,4
U0724,M064,When Harry Met Sally,Romance,3
U0724,M075,The Shining,Horror,1
U0724,M028,La La Land,Romance,2
U0724,M069,No Country for Old Men,Thriller,5
U0724,M085,Step Brothers,Comedy,5
U0724,M071,Zodiac,Thriller,4
U0725,M070,Prisoners,Thriller,5
U0725,M084,Anchorman,Comedy,1
U0725,M026,Mad Max: Fury Road,Action,1
U0725,M002,Inception,Sci-Fi,2
U0725,M088,Black Panther,Action,3
U0725,M055,Mission Impossible,Action,2
U0725,M011,A Quiet Place,Horror,3
U0725,M043,Planet Earth,Documentary,3
U0725,M083,Monty Python,Comedy,4
U0725,M032,The Pursuit of Happyness,Drama,3
U0726,M027,Gone Girl,Thriller,2
U0726,M094,Dune,Sci-Fi,3
U0726,M021,Bridesmaids,Comedy,2
U0726,M047,Jiro Dreams of Sushi,Documentary,1
U0726,M013,Parasite,Thriller,5
U0726,M098,The Menu,Thriller,4
U0726,M037,Toy Story,Animation,3
U0726,M040,WALL-E,Animation,5
U0726,M070,Prisoners,Thriller,5
U0726,M089,Spider-Man: No Way Home,Action,4
U0726,M071,Zodiac,Thriller,5
U0726,M082,A Beautiful Mind,Drama,2
U0726,M009,The Grand Budapest Hotel,Comedy,4
U0726,M010,Pride and Prejudice,Romance,5
U0726,M020,John Wick,Action,3
U0726,M016,Hereditary,Horror,1
U0726,M001,The Dark Knight,Action,3
U0726,M031,Whiplash,Drama,2
U0727,M023,The Matrix,Sci-Fi,5
U0727,M050,The Hobbit,Fantasy,3
U0727,M025,It,Horror,4
U0727,M070,Prisoners,Thriller,4
U0727,M033,Pitch Perfect,Comedy,1
U0727,M093,Everything Everywhere All at Once,Sci-Fi,3
U0727,M003,The Notebook,Romance,4
U0727,M080,Good Will Hunting,Drama,5
U0727,M099,Barbarian,Horror,1
U0727,M012,The Hangover,Comedy,5
U0727,M009,The Grand Budapest Hotel,Comedy,4
U0727,M021,Bridesmaids,Comedy,2
U0727,M019,Alien,Sci-Fi,2
U0727,M044,Free Solo,Documentary,2
U0727,M067,The Fault in Our Stars,Romance,5
U0727,M089,Spider-Man: No Way Home,Action,4
U0728,M096,Annihilation,Sci-Fi,4
U0728,M030,The Wolf of Wall Street,Drama,5
U0728,M085,Step Brothers,Comedy,3
U0728,M100,Nope,Horror,3
U0728,M064,When Harry Met Sally,Romance,2
U0728,M072,Nightcrawler,Thriller,2
U0728,M099,Barbarian,Horror,1
U0729,M025,It,Horror,1
U0729,M001,The Dark Knight,Action,5
U0729,M074,Rosemary's Baby,Horror,2
U0729,M046,The Act of Killing,Documentary,4
U0729,M003,The Notebook,Romance,4
U0729,M086,Airplane!,Comedy,5
U0729,M048,The Lord of the Rings,Fantasy,5
U0729,M084,Anchorman,Comedy,3
U0729,M044,Free Solo,Documentary,1
U0729,M054,Top Gun: Maverick,Action,5
U0729,M096,Annihilation,Sci-Fi,1
U0729,M041,Spirited Away,Animation,4
U0729,M060,Arrival,Sci-Fi,2
U0729,M011,A Quiet Place,Horror,3
U0729,M018,Superbad,Comedy,5
U0729,M013,Parasite,Thriller,5
U0729,M077,Us,Horror,3
U0729,M067,The Fault in Our Stars,Romance,1
U0729,M072,Nightcrawler,Thriller,2
U0730,M039,Up,Animation,4
U0730,M086,Airplane!,Comedy,3
U0730,M018,Superbad,Comedy,3
U0730,M090,Doctor Strange,Action,4
U0730,M034,Joker,Drama,2
U0730,M049,Harry Potter,Fantasy,5
U0731,M010,Pride and Prejudice,Romance,5
U0731,M064,When Harry Met Sally,Romance,1
U0731,M040,WALL-E,Animation,4
U0731,M095,The Martian,Sci-Fi,1
U0731,M039,Up,Animation,3
U0731,M053,Gladiator,Action,3
U0731,M003,The Notebook,Romance,3
U0731,M004,Interstellar,Sci-Fi,3
U0731,M037,Toy Story,Animation,3
U0731,M042,Coco,Animation,4
U0731,M024,Knives Out,Thriller,5
U0731,M092,Iron Man,Action,2
U0731,M012,The Hangover,Comedy,5
U0731,M018,Superbad,Comedy,1
U0731,M068,The Silence of the Lambs,Thriller,3
U0731,M078,Schindler's List,Drama,2
U0732,M040,WALL-E,Animation,3
U0732,M098,The Menu,Thriller,4
U0732,M071,Zodiac,Thriller,5
U0732,M097,Moon,Sci-Fi,1
U0732,M070,Prisoners,Thriller,4
U0732,M011,A Quiet Place,Horror,3
U0732,M092,Iron Man,Action,1
U0732,M074,Rosemary's Baby,Horror,2
U0732,M089,Spider-Man: No Way Home,Action,1
U0732,M039,Up,Animation,3
U0732,M085,Step Brothers,Comedy,5
U0732,M013,Parasite,Thriller,2
U0732,M052,Princess Mononoke,Fantasy,2
U0733,M006,Avengers: Endgame,Action,4
U0733,M061,Ex Machina,Sci-Fi,2
U0733,M047,Jiro Dreams of Sushi,Documentary,2
U0733,M052,Princess Mononoke,Fantasy,3
U0733,M070,Prisoners,Thriller,5
U0733,M014,The Shawshank Redemption,Drama,3
U0733,M034,Joker,Drama,5
U0733,M021,Bridesmaids,Comedy,1
U0733,M076,Annihilation,Horror,5
U0733,M072,Nightcrawler,Thriller,4
U0733,M032,The Pursuit of Happyness,Drama,5
U0733,M011,A Quiet Place,Horror,2
U0733,M043,Planet Earth,Documentary,4
U0733,M022,Midsommar,Horror,5
U0733,M024,Knives Out,Thriller,3
U0733,M084,Anchorman,Comedy,1
U0733,M073,The Exorcist,Horror,4
U0733,M090,Doctor Strange,Action,2
U0733,M081,Dead Poets Society,Drama,5
U0733,M003,The Notebook,Romance,4
U0734,M068,The Silence of the Lambs,Thriller,5
U0734,M038,Finding Nemo,Animation,3
U0734,M045,13th,Documentary,4
U0734,M018,Superbad,Comedy,3
U0734,M052,Princess Mononoke,Fantasy,5
U0734,M076,Annihilation,Horror,4
U0734,M053,Gladiator,Action,1
U0734,M075,The Shining,Horror,1
U0734,M037,Toy Story,Animation,5
U0734,M035,The Big Lebowski,Comedy,5
U0734,M032,The Pursuit of Happyness,Drama,3
U0735,M089,Spider-Man: No Way Home,Action,1
U0735,M017,Forrest Gump,Drama,2
U0735,M074,Rosemary's Baby,Horror,4
U0735,M024,Knives Out,Thriller,3
U0735,M083,Monty Python,Comedy,2
U0735,M075,The Shining,Horror,3
U0735,M016,Hereditary,Horror,1
U0735,M086,Airplane!,Comedy,5
U0735,M032,The Pursuit of Happyness,Drama,2
U0735,M092,Iron Man,Action,2
U0735,M006,Avengers: Endgame,Action,1
U0735,M030,The Wolf of Wall Street,Drama,2
U0735,M096,Annihilation,Sci-Fi,4
U0736,M044,Free Solo,Documentary,3
U0736,M027,Gone Girl,Thriller,5
U0736,M058,The Terminator,Sci-Fi,4
U0736,M019,Alien,Sci-Fi,5
U0736,M093,Everything Everywhere All at Once,Sci-Fi,3
U0736,M083,Monty Python,Comedy,4
U0736,M016,Hereditary,Horror,2
U0736,M048,The Lord of the Rings,Fantasy,3
U0737,M050,The Hobbit,Fantasy,2
U0737,M046,The Act of Killing,Documentary,4
U0737,M025,It,Horror,4
U0737,M086,Airplane!,Comedy,2
U0737,M085,Step Brothers,Comedy,1
U0737,M032,The Pursuit of Happyness,Drama,2
U0737,M063,Casablanca,Romance,4
U0737,M036,Se7en,Thriller,5
U0737,M056,Die Hard,Action,3
U0737,M007,Titanic,Romance,2
U0737,M033,Pitch Perfect,Comedy,4
U0738,M037,Toy Story,Animation,5
U0738,M019,Alien,Sci-Fi,1
U0738,M036,Se7en,Thriller,5
U0738,M023,The Matrix,Sci-Fi,4
U0738,M055,Mission Impossible,Action,3
U0738,M099,Barbarian,Horror,3
U0738,M002,Inception,Sci-Fi,2
U0738,M061,Ex Machina,Sci-Fi,4
U0739,M089,Spider-Man: No Way Home,Action,2
U0739,M036,Se7en,Thriller,5
U0739,M062,Gravity,Sci-Fi,4
U0739,M050,The Hobbit,Fantasy,3
U0739,M035,The Big Lebowski,Comedy,5
U0739,M021,Bridesmaids,Comedy,5
U0739,M029,Blade Runner 2049,Sci-Fi,2
U0739,M057,Speed,Action,1
U0739,M018,Superbad,Comedy,3
U0739,M003,The Notebook,Romance,3
U0739,M100,Nope,Horror,5
U0740,M089,Spider-Man: No Way Home,Action,3
U0740,M013,Parasite,Thriller,4
U0740,M035,The Big Lebowski,Comedy,2
U0740,M085,Step Brothers,Comedy,5
U0740,M067,The Fault in Our Stars,Romance,5
U0740,M040,WALL-E,Animation,5
U0740,M096,Annihilation,Sci-Fi,5
U0740,M052,Princess Mononoke,Fantasy,3
U0740,M003,The Notebook,Romance,4
U0740,M009,The Grand Budapest Hotel,Comedy,5
U0740,M073,The Exorcist,Horror,1
U0740,M014,The Shawshank Redemption,Drama,3
U0740,M031,Whiplash,Drama,2
U0741,M099,Barbarian,Horror,4
U0741,M089,Spider-Man: No Way Home,Action,3
U0741,M071,Zodiac,Thriller,4
U0741,M054,Top Gun: Maverick,Action,5
U0741,M073,The Exorcist,Horror,2
U0741,M044,Free Solo,Documentary,4
U0741,M001,The Dark Knight,Action,5
U0741,M062,Gravity,Sci-Fi,5
U0741,M025,It,Horror,5
U0741,M024,Knives Out,Thriller,4
U0741,M014,The Shawshank Redemption,Drama,2
U0741,M094,Dune,Sci-Fi,4
U0741,M040,WALL-E,Animation,5
U0741,M093,Everything Everywhere All at Once,Sci-Fi,5
U0741,M098,The Menu,Thriller,3
U0742,M042,Coco,Animation,5
U0742,M006,Avengers: Endgame,Action,1
U0742,M044,Free Solo,Documentary,1
U0742,M046,The Act of Killing,Documentary,1
U0742,M061,Ex Machina,Sci-Fi,5
U0742,M098,The Menu,Thriller,3
U0742,M031,Whiplash,Drama,3
U0742,M069,No Country for Old Men,Thriller,5
U0742,M043,Planet Earth,Documentary,1
U0742,M064,When Harry Met Sally,Romance,2
U0742,M030,The Wolf of Wall Street,Drama,5
U0742,M056,Die Hard,Action,4
U0743,M014,The Shawshank Redemption,Drama,3
U0743,M088,Black Panther,Action,2
U0743,M071,Zodiac,Thriller,4
U0743,M057,Speed,Action,1
U0743,M092,Iron Man,Action,1
U0743,M018,Superbad,Comedy,3
U0743,M029,Blade Runner 2049,Sci-Fi,1
U0744,M016,Hereditary,Horror,3
U0744,M036,Se7en,Thriller,5
U0744,M083,Monty Python,Comedy,2
U0744,M076,Annihilation,Horror,1
U0744,M058,The Terminator,Sci-Fi,4
U0744,M027,Gone Girl,Thriller,3
U0744,M012,The Hangover,Comedy,4
U0744,M044,Free Solo,Documentary,3
U0744,M031,Whiplash,Drama,2
U0744,M079,12 Angry Men,Drama,2
U0744,M033,Pitch Perfect,Comedy,5
U0744,M077,Us,Horror,5
U0744,M069,No Country for Old Men,Thriller,3
U0744,M096,Annihilation,Sci-Fi,5
U0744,M081,Dead Poets Society,Drama,4
U0744,M098,The Menu,Thriller,2
U0744,M006,Avengers: Endgame,Action,4
U0744,M061,Ex Machina,Sci-Fi,3
U0745,M097,Moon,Sci-Fi,2
U0745,M058,The Terminator,Sci-Fi,1
U0745,M072,Nightcrawler,Thriller,3
U0745,M090,Doctor Strange,Action,2
U0745,M022,Midsommar,Horror,2
U0745,M004,Interstellar,Sci-Fi,2
U0745,M095,The Martian,Sci-Fi,2
U0745,M013,Parasite,Thriller,4
U0745,M081,Dead Poets Society,Drama,5
U0745,M074,Rosemary's Baby,Horror,1
U0745,M003,The Notebook,Romance,4
U0745,M086,Airplane!,Comedy,2
U0745,M036,Se7en,Thriller,5
U0745,M025,It,Horror,2
U0745,M023,The Matrix,Sci-Fi,1
U0745,M021,Bridesmaids,Comedy,1
U0746,M047,Jiro Dreams of Sushi,Documentary,4
U0746,M081,Dead Poets Society,Drama,5
U0746,M097,Moon,Sci-Fi,1
U0746,M098,The Menu,Thriller,3
U0746,M039,Up,Animation,4
U0746,M088,Black Panther,Action,1
U0746,M056,Die Hard,Action,5
U0746,M020,John Wick,Action,2
U0746,M089,Spider-Man: No Way Home,Action,4
U0746,M009,The Grand Budapest Hotel,Comedy,1
U0746,M021,Bridesmaids,Comedy,1
U0747,M028,La La Land,Romance,5
U0747,M010,Pride and Prejudice,Romance,5
U0747,M020,John Wick,Action,5
U0747,M054,Top Gun: Maverick,Action,5
U0747,M014,The Shawshank Redemption,Drama,5
U0747,M056,Die Hard,Action,3
U0747,M030,The Wolf of Wall Street,Drama,5
U0747,M090,Doctor Strange,Action,2
U0747,M022,Midsommar,Horror,5
U0747,M035,The Big Lebowski,Comedy,5
U0748,M058,The Terminator,Sci-Fi,1
U0748,M055,Mission Impossible,Action,2
U0748,M023,The Matrix,Sci-Fi,4
U0748,M079,12 Angry Men,Drama,4
U0748,M057,Speed,Action,4
U0748,M036,Se7en,Thriller,5
U0748,M041,Spirited Away,Animation,5
U0748,M034,Joker,Drama,2
U0748,M078,Schindler's List,Drama,5
U0748,M028,La La Land,Romance,1
U0748,M094,Dune,Sci-Fi,2
U0749,M030,The Wolf of Wall Street,Drama,5
U0749,M095,The Martian,Sci-Fi,4
U0749,M090,Doctor Strange,Action,5
U0749,M069,No Country for Old Men,Thriller,3
U0749,M015,Crazy Rich Asians,Romance,1
U0749,M072,Nightcrawler,Thriller,5
U0750,M069,No Country for Old Men,Thriller,2
U0750,M030,The Wolf of Wall Street,Drama,4
U0750,M017,Forrest Gump,Drama,5
U0750,M031,Whiplash,Drama,5
U0750,M007,Titanic,Romance,1
U0750,M066,Before Sunrise,Romance,3
U0750,M078,Schindler's List,Drama,4
U0750,M070,Prisoners,Thriller,4
U0750,M010,Pride and Prejudice,Romance,5
U0750,M071,Zodiac,Thriller,3
U0751,M006,Avengers: Endgame,Action,2
U0751,M055,Mission Impossible,Action,5
U0751,M063,Casablanca,Romance,4
U0751,M027,Gone Girl,Thriller,2
U0751,M018,Superbad,Comedy,4
U0751,M029,Blade Runner 2049,Sci-Fi,5
U0751,M090,Doctor Strange,Action,1
U0751,M082,A Beautiful Mind,Drama,4
U0751,M012,The Hangover,Comedy,4
U0751,M067,The Fault in Our Stars,Romance,2
U0752,M044,Free Solo,Documentary,5
U0752,M004,Interstellar,Sci-Fi,1
U0752,M005,The Conjuring,Horror,1
U0752,M098,The Menu,Thriller,3
U0752,M002,Inception,Sci-Fi,4
U0752,M100,Nope,Horror,1
U0752,M086,Airplane!,Comedy,4
U0752,M089,Spider-Man: No Way Home,Action,5
U0752,M093,Everything Everywhere All at Once,Sci-Fi,3
U0752,M011,A Quiet Place,Horror,1
U0752,M042,Coco,Animation,5
U0752,M022,Midsommar,Horror,1
U0752,M097,Moon,Sci-Fi,2
U0753,M041,Spirited Away,Animation,5
U0753,M049,Harry Potter,Fantasy,4
U0753,M087,The Mask,Comedy,3
U0753,M015,Crazy Rich Asians,Romance,4
U0753,M065,Eternal Sunshine,Romance,5
U0753,M083,Monty Python,Comedy,1
U0753,M038,Finding Nemo,Animation,4
U0753,M097,Moon,Sci-Fi,2
U0753,M034,Joker,Drama,4
U0753,M021,Bridesmaids,Comedy,5
U0753,M011,A Quiet Place,Horror,5
U0753,M070,Prisoners,Thriller,2
U0753,M019,Alien,Sci-Fi,3
U0753,M077,Us,Horror,4
U0753,M086,Airplane!,Comedy,4
U0753,M074,Rosemary's Baby,Horror,1
U0754,M060,Arrival,Sci-Fi,5
U0754,M004,Interstellar,Sci-Fi,2
U0754,M006,Avengers: Endgame,Action,4
U0754,M077,Us,Horror,4
U0754,M007,Titanic,Romance,5
U0754,M001,The Dark Knight,Action,1
U0754,M085,Step Brothers,Comedy,2
U0754,M034,Joker,Drama,5
U0754,M032,The Pursuit of Happyness,Drama,3
U0754,M049,Harry Potter,Fantasy,4
U0754,M045,13th,Documentary,5
U0754,M082,A Beautiful Mind,Drama,3
U0754,M044,Free Solo,Documentary,3
U0754,M012,The Hangover,Comedy,3
U0754,M047,Jiro Dreams of Sushi,Documentary,1
U0754,M093,Everything Everywhere All at Once,Sci-Fi,3
U0754,M067,The Fault in Our Stars,Romance,3
U0754,M036,Se7en,Thriller,3
U0755,M094,Dune,Sci-Fi,5
U0755,M006,Avengers: Endgame,Action,5
U0755,M071,Zodiac,Thriller,3
U0755,M092,Iron Man,Action,2
U0755,M081,Dead Poets Society,Drama,2
U0755,M061,Ex Machina,Sci-Fi,1
U0755,M007,Titanic,Romance,3
U0755,M053,Gladiator,Action,1
U0755,M027,Gone Girl,Thriller,2
U0755,M031,Whiplash,Drama,5
U0755,M078,Schindler's List,Drama,4
U0755,M079,12 Angry Men,Drama,5
U0755,M072,Nightcrawler,Thriller,2
U0755,M059,2001: A Space Odyssey,Sci-Fi,5
U0755,M080,Good Will Hunting,Drama,5
U0755,M046,The Act of Killing,Documentary,1
U0755,M003,The Notebook,Romance,3
U0756,M083,Monty Python,Comedy,4
U0756,M023,The Matrix,Sci-Fi,3
U0756,M071,Zodiac,Thriller,3
U0756,M061,Ex Machina,Sci-Fi,2
U0756,M064,When Harry Met Sally,Romance,1
U0756,M032,The Pursuit of Happyness,Drama,3
U0756,M067,The Fault in Our Stars,Romance,4
U0756,M025,It,Horror,5
U0756,M049,Harry Potter,Fantasy,4
U0756,M092,Iron Man,Action,2
U0756,M098,The Menu,Thriller,5
U0756,M068,The Silence of the Lambs,Thriller,5
U0756,M009,The Grand Budapest Hotel,Comedy,3
U0757,M039,Up,Animation,5
U0757,M021,Bridesmaids,Comedy,1
U0757,M003,The Notebook,Romance,4
U0757,M032,The Pursuit of Happyness,Drama,4
U0757,M054,Top Gun: Maverick,Action,4
U0757,M097,Moon,Sci-Fi,2
U0757,M092,Iron Man,Action,3
U0757,M017,Forrest Gump,Drama,4
U0757,M048,The Lord of the Rings,Fantasy,4
U0757,M093,Everything Everywhere All at Once,Sci-Fi,1
U0757,M068,The Silence of the Lambs,Thriller,3
U0757,M056,Die Hard,Action,4
U0757,M028,La La Land,Romance,2
U0757,M014,The Shawshank Redemption,Drama,4
U0757,M040,WALL-E,Animation,4
U0757,M100,Nope,Horror,5
U0757,M033,Pitch Perfect,Comedy,2
U0757,M011,A Quiet Place,Horror,3
U0758,M094,Dune,Sci-Fi,5
U0758,M003,The Notebook,Romance,5
U0758,M086,Airplane!,Comedy,5
U0758,M011,A Quiet Place,Horror,1
U0758,M061,Ex Machina,Sci-Fi,2
U0758,M049,Harry Potter,Fantasy,2
U0758,M040,WALL-E,Animation,4
U0758,M053,Gladiator,Action,2
U0758,M036,Se7en,Thriller,5
U0758,M038,Finding Nemo,Animation,5
U0758,M066,Before Sunrise,Romance,5
U0759,M036,Se7en,Thriller,4
U0759,M043,Planet Earth,Documentary,1
U0759,M093,Everything Everywhere All at Once,Sci-Fi,3
U0759,M018,Superbad,Comedy,1
U0759,M060,Arrival,Sci-Fi,3
U0759,M079,12 Angry Men,Drama,3
U0759,M090,Doctor Strange,Action,2
U0759,M008,Get Out,Horror,2
U0759,M087,The Mask,Comedy,2
U0759,M089,Spider-Man: No Way Home,Action,3
U0760,M068,The Silence of the Lambs,Thriller,2
U0760,M033,Pitch Perfect,Comedy,1
U0760,M076,Annihilation,Horror,5
U0760,M041,Spirited Away,Animation,5
U0760,M091,Thor: Ragnarok,Action,5
U0760,M016,Hereditary,Horror,4
U0760,M051,Pan's Labyrinth,Fantasy,2
U0760,M094,Dune,Sci-Fi,5
U0760,M029,Blade Runner 2049,Sci-Fi,1
U0760,M019,Alien,Sci-Fi,5
U0760,M014,The Shawshank Redemption,Drama,3
U0761,M076,Annihilation,Horror,1
U0761,M012,The Hangover,Comedy,4
U0761,M081,Dead Poets Society,Drama,2
U0761,M087,The Mask,Comedy,1
U0761,M026,Mad Max: Fury Road,Action,1
U0761,M064,When Harry Met Sally,Romance,5
U0761,M028,La La Land,Romance,5
U0761,M018,Superbad,Comedy,4
U0761,M052,Princess Mononoke,Fantasy,4
U0761,M083,Monty Python,Comedy,4
U0761,M042,Coco,Animation,3
U0761,M029,Blade Runner 2049,Sci-Fi,4
U0762,M100,Nope,Horror,3
U0762,M071,Zodiac,Thriller,5
U0762,M093,Everything Everywhere All at Once,Sci-Fi,4
U0762,M068,The Silence of the Lambs,Thriller,4
U0762,M002,Inception,Sci-Fi,3
U0762,M024,Knives Out,Thriller,5
U0762,M027,Gone Girl,Thriller,2
U0762,M004,Interstellar,Sci-Fi,4
U0762,M076,Annihilation,Horror,1
U0762,M014,The Shawshank Redemption,Drama,5
U0762,M043,Planet Earth,Documentary,2
U0762,M054,Top Gun: Maverick,Action,4
U0762,M015,Crazy Rich Asians,Romance,3
U0762,M017,Forrest Gump,Drama,5
U0762,M077,Us,Horror,3
U0762,M032,The Pursuit of Happyness,Drama,3
U0762,M089,Spider-Man: No Way Home,Action,1
U0762,M049,Harry Potter,Fantasy,2
U0763,M078,Schindler's List,Drama,5
U0763,M010,Pride and Prejudice,Romance,4
U0763,M016,Hereditary,Horror,3
U0763,M068,The Silence of the Lambs,Thriller,2
U0763,M082,A Beautiful Mind,Drama,5
U0763,M099,Barbarian,Horror,2
U0763,M074,Rosemary's Baby,Horror,4
U0763,M037,Toy Story,Animation,4
U0763,M014,The Shawshank Redemption,Drama,3
U0763,M070,Prisoners,Thriller,3
U0763,M038,Finding Nemo,Animation,4
U0763,M029,Blade Runner 2049,Sci-Fi,5
U0763,M030,The Wolf of Wall Street,Drama,5
U0763,M051,Pan's Labyrinth,Fantasy,5
U0764,M010,Pride and Prejudice,Romance,1
U0764,M031,Whiplash,Drama,4
U0764,M058,The Terminator,Sci-Fi,2
U0764,M036,Se7en,Thriller,5
U0764,M043,Planet Earth,Documentary,5
U0764,M044,Free Solo,Documentary,4
U0764,M054,Top Gun: Maverick,Action,1
U0764,M012,The Hangover,Comedy,3
U0764,M033,Pitch Perfect,Comedy,1
U0765,M031,Whiplash,Drama,2
U0765,M064,When Harry Met Sally,Romance,5
U0765,M051,Pan's Labyrinth,Fantasy,3
U0765,M055,Mission Impossible,Action,3
U0765,M056,Die Hard,Action,4
U0765,M096,Annihilation,Sci-Fi,4
U0765,M006,Avengers: Endgame,Action,5
U0765,M067,The Fault in Our Stars,Romance,1
U0765,M089,Spider-Man: No Way Home,Action,1
U0765,M013,Parasite,Thriller,5
U0765,M015,Crazy Rich Asians,Romance,2
U0765,M017,Forrest Gump,Drama,5
U0765,M100,Nope,Horror,1
U0765,M003,The Notebook,Romance,3
U0765,M025,It,Horror,2
U0766,M023,The Matrix,Sci-Fi,5
U0766,M099,Barbarian,Horror,5
U0766,M028,La La Land,Romance,2
U0766,M033,Pitch Perfect,Comedy,4
U0766,M044,Free Solo,Documentary,5
U0766,M046,The Act of Killing,Documentary,1
U0766,M007,Titanic,Romance,4
U0766,M056,Die Hard,Action,4
U0767,M098,The Menu,Thriller,3
U0767,M072,Nightcrawler,Thriller,4
U0767,M083,Monty Python,Comedy,3
U0767,M019,Alien,Sci-Fi,2
U0767,M080,Good Will Hunting,Drama,5
U0767,M027,Gone Girl,Thriller,5
U0767,M068,The Silence of the Lambs,Thriller,5
U0767,M034,Joker,Drama,3
U0767,M038,Finding Nemo,Animation,5
U0767,M096,Annihilation,Sci-Fi,1
U0767,M006,Avengers: Endgame,Action,2
U0767,M015,Crazy Rich Asians,Romance,2
U0767,M031,Whiplash,Drama,4
U0767,M039,Up,Animation,5
U0767,M071,Zodiac,Thriller,2
U0767,M001,The Dark Knight,Action,1
U0767,M058,The Terminator,Sci-Fi,1
U0767,M100,Nope,Horror,3
U0768,M089,Spider-Man: No Way Home,Action,5
U0768,M003,The Notebook,Romance,5
U0768,M078,Schindler's List,Drama,5
U0768,M007,Titanic,Romance,4
U0768,M065,Eternal Sunshine,Romance,5
U0768,M048,The Lord of the Rings,Fantasy,5
U0768,M073,The Exorcist,Horror,4
U0768,M075,The Shining,Horror,3
U0768,M091,Thor: Ragnarok,Action,5
U0768,M009,The Grand Budapest Hotel,Comedy,5
U0768,M038,Finding Nemo,Animation,5
U0768,M037,Toy Story,Animation,5
U0768,M074,Rosemary's Baby,Horror,1
U0768,M024,Knives Out,Thriller,5
U0768,M092,Iron Man,Action,3
U0768,M058,The Terminator,Sci-Fi,2
U0768,M033,Pitch Perfect,Comedy,5
U0768,M022,Midsommar,Horror,3
U0768,M052,Princess Mononoke,Fantasy,5
U0769,M082,A Beautiful Mind,Drama,4
U0769,M073,The Exorcist,Horror,2
U0769,M032,The Pursuit of Happyness,Drama,5
U0769,M019,Alien,Sci-Fi,4
U0769,M043,Planet Earth,Documentary,5
U0769,M014,The Shawshank Redemption,Drama,5
U0769,M038,Finding Nemo,Animation,3
U0769,M003,The Notebook,Romance,4
U0769,M099,Barbarian,Horror,5
U0769,M065,Eternal Sunshine,Romance,1
U0769,M040,WALL-E,Animation,5
U0769,M080,Good Will Hunting,Drama,5
U0769,M025,It,Horror,2
U0769,M023,The Matrix,Sci-Fi,4
U0769,M024,Knives Out,Thriller,2
U0769,M100,Nope,Horror,4
U0769,M029,Blade Runner 2049,Sci-Fi,4
U0770,M083,Monty Python,Comedy,3
U0770,M057,Speed,Action,5
U0770,M023,The Matrix,Sci-Fi,2
U0770,M096,Annihilation,Sci-Fi,5
U0770,M028,La La Land,Romance,5
U0771,M042,Coco,Animation,4
U0771,M086,Airplane!,Comedy,1
U0771,M085,Step Brothers,Comedy,3
U0771,M078,Schindler's List,Drama,5
U0771,M047,Jiro Dreams of Sushi,Documentary,1
U0771,M084,Anchorman,Comedy,2
U0771,M032,The Pursuit of Happyness,Drama,5
U0771,M067,The Fault in Our Stars,Romance,5
U0771,M018,Superbad,Comedy,4
U0771,M072,Nightcrawler,Thriller,4
U0771,M097,Moon,Sci-Fi,1
U0771,M003,The Notebook,Romance,5
U0772,M052,Princess Mononoke,Fantasy,4
U0772,M076,Annihilation,Horror,1
U0772,M098,The Menu,Thriller,5
U0772,M046,The Act of Killing,Documentary,4
U0772,M070,Prisoners,Thriller,5
U0772,M087,The Mask,Comedy,4
U0772,M019,Alien,Sci-Fi,3
U0772,M056,Die Hard,Action,4
U0772,M085,Step Brothers,Comedy,1
U0773,M002,Inception,Sci-Fi,3
U0773,M072,Nightcrawler,Thriller,5
U0773,M062,Gravity,Sci-Fi,3
U0773,M055,Mission Impossible,Action,1
U0773,M013,Parasite,Thriller,4
U0773,M087,The Mask,Comedy,2
U0773,M088,Black Panther,Action,3
U0773,M019,Alien,Sci-Fi,4
U0773,M099,Barbarian,Horror,5
U0773,M025,It,Horror,2
U0773,M068,The Silence of the Lambs,Thriller,3
U0774,M066,Before Sunrise,Romance,4
U0774,M035,The Big Lebowski,Comedy,1
U0774,M081,Dead Poets Society,Drama,2
U0774,M006,Avengers: Endgame,Action,1
U0774,M004,Interstellar,Sci-Fi,4
U0774,M022,Midsommar,Horror,5
U0774,M062,Gravity,Sci-Fi,2
U0774,M097,Moon,Sci-Fi,1
U0774,M029,Blade Runner 2049,Sci-Fi,1
U0774,M001,The Dark Knight,Action,2
U0774,M086,Airplane!,Comedy,5
U0774,M056,Die Hard,Action,3
U0774,M077,Us,Horror,1
U0774,M051,Pan's Labyrinth,Fantasy,2
U0775,M049,Harry Potter,Fantasy,4
U0775,M068,The Silence of the Lambs,Thriller,5
U0775,M008,Get Out,Horror,1
U0775,M079,12 Angry Men,Drama,4
U0775,M083,Monty Python,Comedy,1
U0775,M036,Se7en,Thriller,5
U0775,M011,A Quiet Place,Horror,4
U0776,M081,Dead Poets Society,Drama,4
U0776,M067,The Fault in Our Stars,Romance,2
U0776,M026,Mad Max: Fury Road,Action,3
U0776,M075,The Shining,Horror,3
U0776,M057,Speed,Action,1
U0776,M083,Monty Python,Comedy,4
U0776,M053,Gladiator,Action,4
U0776,M019,Alien,Sci-Fi,4
U0776,M007,Titanic,Romance,5
U0776,M094,Dune,Sci-Fi,3
U0777,M021,Bridesmaids,Comedy,4
U0777,M008,Get Out,Horror,4
U0777,M092,Iron Man,Action,4
U0777,M058,The Terminator,Sci-Fi,1
U0777,M018,Superbad,Comedy,2
U0777,M093,Everything Everywhere All at Once,Sci-Fi,5
U0777,M052,Princess Mononoke,Fantasy,5
U0777,M098,The Menu,Thriller,2
U0777,M053,Gladiator,Action,3
U0777,M086,Airplane!,Comedy,1
U0777,M017,Forrest Gump,Drama,5
U0777,M077,Us,Horror,5
U0777,M045,13th,Documentary,5
U0777,M003,The Notebook,Romance,3
U0777,M072,Nightcrawler,Thriller,2
U0777,M012,The Hangover,Comedy,2
U0777,M096,Annihilation,Sci-Fi,2
U0778,M059,2001: A Space Odyssey,Sci-Fi,1
U0778,M030,The Wolf of Wall Street,Drama,5
U0778,M012,The Hangover,Comedy,5
U0778,M017,Forrest Gump,Drama,2
U0778,M041,Spirited Away,Animation,5
U0778,M046,The Act of Killing,Documentary,1
U0778,M092,Iron Man,Action,2
U0778,M022,Midsommar,Horror,2
U0778,M026,Mad Max: Fury Road,Action,1
U0778,M045,13th,Documentary,1
U0778,M052,Princess Mononoke,Fantasy,5
U0779,M001,The Dark Knight,Action,2
U0779,M049,Harry Potter,Fantasy,4
U0779,M015,Crazy Rich Asians,Romance,4
U0779,M029,Blade Runner 2049,Sci-Fi,5
U0779,M097,Moon,Sci-Fi,5
U0779,M055,Mission Impossible,Action,3
U0779,M031,Whiplash,Drama,5
U0779,M066,Before Sunrise,Romance,1
U0779,M086,Airplane!,Comedy,2
U0779,M041,Spirited Away,Animation,4
U0780,M010,Pride and Prejudice,Romance,3
U0780,M086,Airplane!,Comedy,1
U0780,M070,Prisoners,Thriller,3
U0780,M038,Finding Nemo,Animation,5
U0780,M040,WALL-E,Animation,4
U0780,M034,Joker,Drama,4
U0780,M076,Annihilation,Horror,1
U0780,M007,Titanic,Romance,4
U0780,M093,Everything Everywhere All at Once,Sci-Fi,4
U0780,M022,Midsommar,Horror,5
U0780,M075,The Shining,Horror,1
U0780,M042,Coco,Animation,4
U0780,M019,Alien,Sci-Fi,4
U0780,M051,Pan's Labyrinth,Fantasy,4
U0780,M066,Before Sunrise,Romance,5
U0780,M006,Avengers: Endgame,Action,2
U0780,M013,Parasite,Thriller,3
U0780,M056,Die Hard,Action,1
U0780,M036,Se7en,Thriller,2
U0781,M082,A Beautiful Mind,Drama,5
U0781,M012,The Hangover,Comedy,4
U0781,M063,Casablanca,Romance,2
U0781,M076,Annihilation,Horror,5
U0781,M069,No Country for Old Men,Thriller,5
U0781,M024,Knives Out,Thriller,4
U0781,M014,The Shawshank Redemption,Drama,5
U0781,M081,Dead Poets Society,Drama,5
U0781,M025,It,Horror,4
U0781,M034,Joker,Drama,3
U0782,M030,The Wolf of Wall Street,Drama,5
U0782,M070,Prisoners,Thriller,5
U0782,M032,The Pursuit of Happyness,Drama,5
U0782,M015,Crazy Rich Asians,Romance,4
U0782,M066,Before Sunrise,Romance,1
U0782,M023,The Matrix,Sci-Fi,4
U0782,M088,Black Panther,Action,4
U0782,M041,Spirited Away,Animation,3
U0782,M053,Gladiator,Action,4
U0782,M004,Interstellar,Sci-Fi,4
U0782,M044,Free Solo,Documentary,2
U0782,M074,Rosemary's Baby,Horror,4
U0782,M097,Moon,Sci-Fi,5
U0782,M058,The Terminator,Sci-Fi,2
U0782,M095,The Martian,Sci-Fi,1
U0782,M003,The Notebook,Romance,3
U0782,M064,When Harry Met Sally,Romance,1
U0782,M090,Doctor Strange,Action,4
U0783,M011,A Quiet Place,Horror,2
U0783,M085,Step Brothers,Comedy,1
U0783,M022,Midsommar,Horror,4
U0783,M024,Knives Out,Thriller,4
U0783,M029,Blade Runner 2049,Sci-Fi,1
U0783,M081,Dead Poets Society,Drama,4
U0783,M045,13th,Documentary,5
U0783,M042,Coco,Animation,5
U0783,M087,The Mask,Comedy,1
U0784,M052,Princess Mononoke,Fantasy,4
U0784,M073,The Exorcist,Horror,5
U0784,M020,John Wick,Action,1
U0784,M094,Dune,Sci-Fi,5
U0784,M010,Pride and Prejudice,Romance,5
U0784,M067,The Fault in Our Stars,Romance,5
U0784,M084,Anchorman,Comedy,3
U0784,M099,Barbarian,Horror,2
U0784,M023,The Matrix,Sci-Fi,4
U0784,M074,Rosemary's Baby,Horror,5
U0784,M018,Superbad,Comedy,5
U0784,M042,Coco,Animation,5
U0784,M051,Pan's Labyrinth,Fantasy,4
U0785,M021,Bridesmaids,Comedy,2
U0785,M017,Forrest Gump,Drama,5
U0785,M005,The Conjuring,Horror,4
U0785,M043,Planet Earth,Documentary,5
U0785,M078,Schindler's List,Drama,4
U0786,M083,Monty Python,Comedy,4
U0786,M017,Forrest Gump,Drama,5
U0786,M039,Up,Animation,5
U0786,M078,Schindler's List,Drama,5
U0786,M044,Free Solo,Documentary,1
U0786,M095,The Martian,Sci-Fi,4
U0786,M079,12 Angry Men,Drama,2
U0786,M066,Before Sunrise,Romance,3
U0786,M071,Zodiac,Thriller,3
U0786,M081,Dead Poets Society,Drama,3
U0786,M009,The Grand Budapest Hotel,Comedy,5
U0786,M011,A Quiet Place,Horror,4
U0786,M037,Toy Story,Animation,5
U0786,M045,13th,Documentary,4
U0787,M026,Mad Max: Fury Road,Action,5
U0787,M070,Prisoners,Thriller,5
U0787,M099,Barbarian,Horror,4
U0787,M085,Step Brothers,Comedy,5
U0787,M024,Knives Out,Thriller,5
U0787,M004,Interstellar,Sci-Fi,2
U0787,M079,12 Angry Men,Drama,3
U0787,M058,The Terminator,Sci-Fi,3
U0787,M036,Se7en,Thriller,5
U0787,M049,Harry Potter,Fantasy,5
U0787,M100,Nope,Horror,2
U0787,M010,Pride and Prejudice,Romance,4
U0787,M009,The Grand Budapest Hotel,Comedy,1
U0787,M093,Everything Everywhere All at Once,Sci-Fi,5
U0787,M081,Dead Poets Society,Drama,4
U0787,M060,Arrival,Sci-Fi,5
U0787,M064,When Harry Met Sally,Romance,1
U0787,M069,No Country for Old Men,Thriller,5
U0787,M050,The Hobbit,Fantasy,3
U0787,M020,John Wick,Action,2
U0788,M007,Titanic,Romance,1
U0788,M090,Doctor Strange,Action,1
U0788,M035,The Big Lebowski,Comedy,2
U0788,M004,Interstellar,Sci-Fi,3
U0788,M085,Step Brothers,Comedy,5
U0788,M047,Jiro Dreams of Sushi,Documentary,2
U0788,M097,Moon,Sci-Fi,3
U0788,M050,The Hobbit,Fantasy,4
U0788,M049,Harry Potter,Fantasy,4
U0788,M094,Dune,Sci-Fi,3
U0788,M080,Good Will Hunting,Drama,3
U0788,M043,Planet Earth,Documentary,5
U0788,M088,Black Panther,Action,4
U0788,M059,2001: A Space Odyssey,Sci-Fi,4
U0788,M073,The Exorcist,Horror,5
U0788,M005,The Conjuring,Horror,4
U0789,M018,Superbad,Comedy,3
U0789,M046,The Act of Killing,Documentary,4
U0789,M079,12 Angry Men,Drama,3
U0789,M038,Finding Nemo,Animation,4
U0789,M024,Knives Out,Thriller,5
U0789,M082,A Beautiful Mind,Drama,5
U0789,M032,The Pursuit of Happyness,Drama,2
U0789,M088,Black Panther,Action,3
U0789,M069,No Country for Old Men,Thriller,5
U0789,M095,The Martian,Sci-Fi,2
U0789,M074,Rosemary's Baby,Horror,3
U0790,M088,Black Panther,Action,4
U0790,M042,Coco,Animation,4
U0790,M024,Knives Out,Thriller,4
U0790,M069,No Country for Old Men,Thriller,5
U0790,M098,The Menu,Thriller,3
U0790,M044,Free Solo,Documentary,5
U0790,M093,Everything Everywhere All at Once,Sci-Fi,2
U0791,M076,Annihilation,Horror,5
U0791,M029,Blade Runner 2049,Sci-Fi,3
U0791,M089,Spider-Man: No Way Home,Action,4
U0791,M044,Free Solo,Documentary,5
U0791,M068,The Silence of the Lambs,Thriller,4
U0791,M078,Schindler's List,Drama,2
U0791,M088,Black Panther,Action,5
U0791,M048,The Lord of the Rings,Fantasy,4
U0791,M014,The Shawshank Redemption,Drama,5
U0791,M065,Eternal Sunshine,Romance,3
U0791,M072,Nightcrawler,Thriller,4
U0791,M091,Thor: Ragnarok,Action,2
U0791,M051,Pan's Labyrinth,Fantasy,2
U0791,M047,Jiro Dreams of Sushi,Documentary,2
U0791,M004,Interstellar,Sci-Fi,3
U0791,M083,Monty Python,Comedy,5
U0791,M063,Casablanca,Romance,1
U0792,M015,Crazy Rich Asians,Romance,3
U0792,M062,Gravity,Sci-Fi,5
U0792,M077,Us,Horror,2
U0792,M022,Midsommar,Horror,3
U0792,M007,Titanic,Romance,1
U0792,M026,Mad Max: Fury Road,Action,1
U0792,M067,The Fault in Our Stars,Romance,3
U0793,M051,Pan's Labyrinth,Fantasy,4
U0793,M040,WALL-E,Animation,5
U0793,M012,The Hangover,Comedy,2
U0793,M042,Coco,Animation,5
U0793,M038,Finding Nemo,Animation,5
U0793,M059,2001: A Space Odyssey,Sci-Fi,5
U0793,M014,The Shawshank Redemption,Drama,2
U0793,M026,Mad Max: Fury Road,Action,2
U0793,M028,La La Land,Romance,4
U0793,M094,Dune,Sci-Fi,4
U0793,M023,The Matrix,Sci-Fi,3
U0794,M003,The Notebook,Romance,1
U0794,M080,Good Will Hunting,Drama,4
U0794,M035,The Big Lebowski,Comedy,1
U0794,M020,John Wick,Action,1
U0794,M090,Doctor Strange,Action,3
U0794,M083,Monty Python,Comedy,2
U0795,M050,The Hobbit,Fantasy,5
U0795,M079,12 Angry Men,Drama,5
U0795,M068,The Silence of the Lambs,Thriller,4
U0795,M016,Hereditary,Horror,4
U0795,M090,Doctor Strange,Action,2
U0795,M076,Annihilation,Horror,2
U0795,M061,Ex Machina,Sci-Fi,3
U0795,M072,Nightcrawler,Thriller,5
U0795,M008,Get Out,Horror,4
U0795,M078,Schindler's List,Drama,5
U0795,M094,Dune,Sci-Fi,1
U0795,M017,Forrest Gump,Drama,4
U0795,M097,Moon,Sci-Fi,5
U0795,M062,Gravity,Sci-Fi,5
U0795,M001,The Dark Knight,Action,4
U0795,M035,The Big Lebowski,Comedy,4
U0795,M047,Jiro Dreams of Sushi,Documentary,5
U0795,M031,Whiplash,Drama,5
U0795,M066,Before Sunrise,Romance,3
U0796,M022,Midsommar,Horror,3
U0796,M018,Superbad,Comedy,3
U0796,M064,When Harry Met Sally,Romance,5
U0796,M091,Thor: Ragnarok,Action,3
U0796,M044,Free Solo,Documentary,2
U0796,M066,Before Sunrise,Romance,5
U0796,M095,The Martian,Sci-Fi,2
U0796,M086,Airplane!,Comedy,3
U0796,M036,Se7en,Thriller,5
U0796,M070,Prisoners,Thriller,2
U0796,M081,Dead Poets Society,Drama,2
U0796,M094,Dune,Sci-Fi,4
U0796,M076,Annihilation,Horror,3
U0796,M055,Mission Impossible,Action,1
U0797,M001,The Dark Knight,Action,2
U0797,M006,Avengers: Endgame,Action,1
U0797,M020,John Wick,Action,2
U0797,M040,WALL-E,Animation,4
U0797,M048,The Lord of the Rings,Fantasy,2
U0797,M082,A Beautiful Mind,Drama,4
U0797,M030,The Wolf of Wall Street,Drama,4
U0797,M076,Annihilation,Horror,1
U0797,M083,Monty Python,Comedy,2
U0798,M042,Coco,Animation,4
U0798,M044,Free Solo,Documentary,4
U0798,M062,Gravity,Sci-Fi,5
U0798,M005,The Conjuring,Horror,2
U0798,M067,The Fault in Our Stars,Romance,1
U0799,M039,Up,Animation,5
U0799,M037,Toy Story,Animation,5
U0799,M067,The Fault in Our Stars,Romance,4
U0799,M068,The Silence of the Lambs,Thriller,4
U0799,M079,12 Angry Men,Drama,5
U0799,M050,The Hobbit,Fantasy,3
U0799,M076,Annihilation,Horror,1
U0799,M080,Good Will Hunting,Drama,3
U0799,M092,Iron Man,Action,3
U0799,M063,Casablanca,Romance,5
U0799,M019,Alien,Sci-Fi,2
U0799,M064,When Harry Met Sally,Romance,3
U0799,M089,Spider-Man: No Way Home,Action,3
U0799,M029,Blade Runner 2049,Sci-Fi,2
U0800,M068,The Silence of the Lambs,Thriller,3
U0800,M028,La La Land,Romance,2
U0800,M023,The Matrix,Sci-Fi,1
U0800,M091,Thor: Ragnarok,Action,2
U0800,M070,Prisoners,Thriller,3
U0800,M014,The Shawshank Redemption,Drama,5
U0800,M095,The Martian,Sci-Fi,2
U0801,M081,Dead Poets Society,Drama,5
U0801,M040,WALL-E,Animation,3
U0801,M080,Good Will Hunting,Drama,2
U0801,M012,The Hangover,Comedy,5
U0801,M008,Get Out,Horror,2
U0802,M034,Joker,Drama,5
U0802,M063,Casablanca,Romance,2
U0802,M021,Bridesmaids,Comedy,2
U0802,M027,Gone Girl,Thriller,4
U0802,M092,Iron Man,Action,4
U0802,M071,Zodiac,Thriller,5
U0802,M060,Arrival,Sci-Fi,3
U0802,M045,13th,Documentary,3
U0802,M004,Interstellar,Sci-Fi,3
U0802,M069,No Country for Old Men,Thriller,5
U0802,M022,Midsommar,Horror,3
U0802,M099,Barbarian,Horror,4
U0802,M061,Ex Machina,Sci-Fi,2
U0802,M052,Princess Mononoke,Fantasy,4
U0802,M067,The Fault in Our Stars,Romance,2
U0802,M091,Thor: Ragnarok,Action,5
U0802,M012,The Hangover,Comedy,1
U0802,M086,Airplane!,Comedy,3
U0803,M080,Good Will Hunting,Drama,5
U0803,M012,The Hangover,Comedy,2
U0803,M066,Before Sunrise,Romance,1
U0803,M100,Nope,Horror,4
U0803,M086,Airplane!,Comedy,1
U0803,M095,The Martian,Sci-Fi,5
U0803,M059,2001: A Space Odyssey,Sci-Fi,2
U0803,M049,Harry Potter,Fantasy,4
U0803,M085,Step Brothers,Comedy,1
U0804,M023,The Matrix,Sci-Fi,2
U0804,M009,The Grand Budapest Hotel,Comedy,1
U0804,M059,2001: A Space Odyssey,Sci-Fi,4
U0804,M088,Black Panther,Action,3
U0804,M028,La La Land,Romance,5
U0804,M026,Mad Max: Fury Road,Action,1
U0804,M057,Speed,Action,3
U0804,M092,Iron Man,Action,2
U0804,M094,Dune,Sci-Fi,5
U0804,M073,The Exorcist,Horror,5
U0804,M084,Anchorman,Comedy,2
U0804,M075,The Shining,Horror,2
U0804,M024,Knives Out,Thriller,3
U0804,M004,Interstellar,Sci-Fi,3
U0804,M042,Coco,Animation,4
U0804,M020,John Wick,Action,2
U0804,M074,Rosemary's Baby,Horror,5
U0804,M079,12 Angry Men,Drama,5
U0804,M095,The Martian,Sci-Fi,2
U0804,M053,Gladiator,Action,3
U0805,M035,The Big Lebowski,Comedy,2
U0805,M054,Top Gun: Maverick,Action,1
U0805,M016,Hereditary,Horror,5
U0805,M063,Casablanca,Romance,3
U0805,M093,Everything Everywhere All at Once,Sci-Fi,3
U0805,M083,Monty Python,Comedy,3
U0805,M060,Arrival,Sci-Fi,5
U0805,M095,The Martian,Sci-Fi,4
U0805,M096,Annihilation,Sci-Fi,5
U0805,M064,When Harry Met Sally,Romance,1
U0805,M029,Blade Runner 2049,Sci-Fi,2
U0805,M021,Bridesmaids,Comedy,4
U0805,M051,Pan's Labyrinth,Fantasy,5
U0805,M038,Finding Nemo,Animation,5
U0806,M001,The Dark Knight,Action,4
U0806,M024,Knives Out,Thriller,4
U0806,M074,Rosemary's Baby,Horror,2
U0806,M023,The Matrix,Sci-Fi,5
U0806,M057,Speed,Action,5
U0806,M009,The Grand Budapest Hotel,Comedy,5
U0806,M021,Bridesmaids,Comedy,2
U0806,M008,Get Out,Horror,2
U0806,M043,Planet Earth,Documentary,2
U0806,M032,The Pursuit of Happyness,Drama,2
U0806,M086,Airplane!,Comedy,1
U0806,M077,Us,Horror,2
U0806,M060,Arrival,Sci-Fi,3
U0806,M098,The Menu,Thriller,5
U0806,M068,The Silence of the Lambs,Thriller,2
U0806,M064,When Harry Met Sally,Romance,5
U0806,M093,Everything Everywhere All at Once,Sci-Fi,2
U0806,M015,Crazy Rich Asians,Romance,2
U0806,M028,La La Land,Romance,1
U0807,M034,Joker,Drama,5
U0807,M098,The Menu,Thriller,5
U0807,M071,Zodiac,Thriller,5
U0807,M063,Casablanca,Romance,5
U0807,M078,Schindler's List,Drama,5
U0807,M088,Black Panther,Action,4
U0808,M088,Black Panther,Action,1
U0808,M027,Gone Girl,Thriller,3
U0808,M089,Spider-Man: No Way Home,Action,1
U0808,M095,The Martian,Sci-Fi,3
U0808,M093,Everything Everywhere All at Once,Sci-Fi,3
U0808,M091,Thor: Ragnarok,Action,2
U0808,M048,The Lord of the Rings,Fantasy,4
U0808,M086,Airplane!,Comedy,1
U0808,M066,Before Sunrise,Romance,5
U0808,M046,The Act of Killing,Documentary,5
U0808,M024,Knives Out,Thriller,4
U0808,M031,Whiplash,Drama,2
U0808,M082,A Beautiful Mind,Drama,5
U0808,M069,No Country for Old Men,Thriller,2
U0808,M051,Pan's Labyrinth,Fantasy,4
U0808,M008,Get Out,Horror,2
U0809,M094,Dune,Sci-Fi,1
U0809,M074,Rosemary's Baby,Horror,1
U0809,M012,The Hangover,Comedy,3
U0809,M003,The Notebook,Romance,2
U0809,M100,Nope,Horror,4
U0809,M020,John Wick,Action,3
U0809,M083,Monty Python,Comedy,5
U0809,M022,Midsommar,Horror,2
U0809,M076,Annihilation,Horror,1
U0809,M096,Annihilation,Sci-Fi,5
U0809,M045,13th,Documentary,2
U0810,M074,Rosemary's Baby,Horror,5
U0810,M054,Top Gun: Maverick,Action,4
U0810,M061,Ex Machina,Sci-Fi,1
U0810,M011,A Quiet Place,Horror,5
U0810,M027,Gone Girl,Thriller,2
U0811,M051,Pan's Labyrinth,Fantasy,4
U0811,M007,Titanic,Romance,4
U0811,M082,A Beautiful Mind,Drama,5
U0811,M020,John Wick,Action,2
U0811,M094,Dune,Sci-Fi,1
U0811,M015,Crazy Rich Asians,Romance,1
U0811,M027,Gone Girl,Thriller,5
U0811,M021,Bridesmaids,Comedy,1
U0811,M016,Hereditary,Horror,1
U0812,M049,Harry Potter,Fantasy,2
U0812,M052,Princess Mononoke,Fantasy,4
U0812,M014,The Shawshank Redemption,Drama,3
U0812,M017,Forrest Gump,Drama,4
U0812,M024,Knives Out,Thriller,5
U0812,M006,Avengers: Endgame,Action,4
U0812,M016,Hereditary,Horror,2
U0812,M080,Good Will Hunting,Drama,3
U0813,M005,The Conjuring,Horror,2
U0813,M038,Finding Nemo,Animation,5
U0813,M074,Rosemary's Baby,Horror,3
U0813,M025,It,Horror,5
U0813,M056,Die Hard,Action,1
U0813,M049,Harry Potter,Fantasy,3
U0813,M044,Free Solo,Documentary,3
U0813,M027,Gone Girl,Thriller,3
U0813,M069,No Country for Old Men,Thriller,2
U0813,M002,Inception,Sci-Fi,1
U0813,M085,Step Brothers,Comedy,3
U0814,M072,Nightcrawler,Thriller,3
U0814,M088,Black Panther,Action,3
U0814,M051,Pan's Labyrinth,Fantasy,2
U0814,M081,Dead Poets Society,Drama,5
U0814,M068,The Silence of the Lambs,Thriller,4
U0815,M020,John Wick,Action,3
U0815,M077,Us,Horror,3
U0815,M037,Toy Story,Animation,5
U0815,M049,Harry Potter,Fantasy,2
U0815,M017,Forrest Gump,Drama,2
U0815,M003,The Notebook,Romance,2
U0815,M076,Annihilation,Horror,5
U0815,M025,It,Horror,5
U0815,M090,Doctor Strange,Action,3
U0816,M100,Nope,Horror,2
U0816,M089,Spider-Man: No Way Home,Action,3
U0816,M075,The Shining,Horror,2
U0816,M064,When Harry Met Sally,Romance,4
U0816,M003,The Notebook,Romance,3
U0816,M013,Parasite,Thriller,5
U0816,M030,The Wolf of Wall Street,Drama,4
U0816,M059,2001: A Space Odyssey,Sci-Fi,5
U0816,M016,Hereditary,Horror,3
U0817,M040,WALL-E,Animation,4
U0817,M098,The Menu,Thriller,5
U0817,M017,Forrest Gump,Drama,3
U0817,M028,La La Land,Romance,5
U0817,M004,Interstellar,Sci-Fi,4
U0817,M034,Joker,Drama,4
U0817,M010,Pride and Prejudice,Romance,1
U0817,M096,Annihilation,Sci-Fi,2
U0817,M100,Nope,Horror,5
U0817,M020,John Wick,Action,5
U0817,M019,Alien,Sci-Fi,1
U0817,M062,Gravity,Sci-Fi,4
U0817,M007,Titanic,Romance,1
U0817,M055,Mission Impossible,Action,4
U0817,M016,Hereditary,Horror,4
U0817,M047,Jiro Dreams of Sushi,Documentary,5
U0817,M079,12 Angry Men,Drama,2
U0818,M030,The Wolf of Wall Street,Drama,3
U0818,M017,Forrest Gump,Drama,2
U0818,M037,Toy Story,Animation,3
U0818,M068,The Silence of the Lambs,Thriller,2
U0818,M084,Anchorman,Comedy,5
U0818,M014,The Shawshank Redemption,Drama,4
U0818,M044,Free Solo,Documentary,4
U0818,M041,Spirited Away,Animation,5
U0818,M034,Joker,Drama,5
U0818,M021,Bridesmaids,Comedy,4
U0818,M088,Black Panther,Action,3
U0818,M081,Dead Poets Society,Drama,5
U0818,M083,Monty Python,Comedy,3
U0818,M001,The Dark Knight,Action,5
U0818,M029,Blade Runner 2049,Sci-Fi,1
U0818,M090,Doctor Strange,Action,3
U0818,M091,Thor: Ragnarok,Action,4
U0818,M005,The Conjuring,Horror,5
U0819,M048,The Lord of the Rings,Fantasy,2
U0819,M037,Toy Story,Animation,5
U0819,M055,Mission Impossible,Action,1
U0819,M023,The Matrix,Sci-Fi,1
U0819,M032,The Pursuit of Happyness,Drama,3
U0819,M033,Pitch Perfect,Comedy,1
U0819,M062,Gravity,Sci-Fi,4
U0819,M014,The Shawshank Redemption,Drama,5
U0819,M018,Superbad,Comedy,2
U0819,M060,Arrival,Sci-Fi,1
U0819,M056,Die Hard,Action,4
U0819,M001,The Dark Knight,Action,4
U0819,M015,Crazy Rich Asians,Romance,3
U0819,M006,Avengers: Endgame,Action,1
U0819,M072,Nightcrawler,Thriller,5
U0819,M008,Get Out,Horror,2
U0820,M067,The Fault in Our Stars,Romance,1
U0820,M006,Avengers: Endgame,Action,2
U0820,M070,Prisoners,Thriller,5
U0820,M002,Inception,Sci-Fi,1
U0820,M013,Parasite,Thriller,5
U0820,M094,Dune,Sci-Fi,4
U0820,M086,Airplane!,Comedy,1
U0820,M047,Jiro Dreams of Sushi,Documentary,2
U0820,M058,The Terminator,Sci-Fi,1
U0820,M014,The Shawshank Redemption,Drama,5
U0820,M019,Alien,Sci-Fi,2
U0820,M076,Annihilation,Horror,3
U0820,M004,Interstellar,Sci-Fi,1
U0820,M093,Everything Everywhere All at Once,Sci-Fi,1
U0820,M044,Free Solo,Documentary,3
U0820,M091,Thor: Ragnarok,Action,3
U0820,M008,Get Out,Horror,5
U0820,M060,Arrival,Sci-Fi,3
U0821,M039,Up,Animation,5
U0821,M026,Mad Max: Fury Road,Action,1
U0821,M052,Princess Mononoke,Fantasy,3
U0821,M023,The Matrix,Sci-Fi,1
U0821,M015,Crazy Rich Asians,Romance,5
U0821,M091,Thor: Ragnarok,Action,1
U0821,M004,Interstellar,Sci-Fi,3
U0821,M003,The Notebook,Romance,2
U0821,M073,The Exorcist,Horror,2
U0821,M056,Die Hard,Action,5
U0821,M024,Knives Out,Thriller,5
U0821,M045,13th,Documentary,2
U0821,M069,No Country for Old Men,Thriller,5
U0821,M068,The Silence of the Lambs,Thriller,4
U0821,M087,The Mask,Comedy,4
U0821,M046,The Act of Killing,Documentary,4
U0821,M058,The Terminator,Sci-Fi,4
U0821,M055,Mission Impossible,Action,2
U0821,M077,Us,Horror,1
U0821,M033,Pitch Perfect,Comedy,3
U0822,M068,The Silence of the Lambs,Thriller,2
U0822,M031,Whiplash,Drama,4
U0822,M018,Superbad,Comedy,4
U0822,M090,Doctor Strange,Action,4
U0822,M061,Ex Machina,Sci-Fi,4
U0822,M003,The Notebook,Romance,1
U0822,M005,The Conjuring,Horror,3
U0823,M081,Dead Poets Society,Drama,4
U0823,M076,Annihilation,Horror,5
U0823,M004,Interstellar,Sci-Fi,2
U0823,M097,Moon,Sci-Fi,5
U0823,M009,The Grand Budapest Hotel,Comedy,5
U0823,M015,Crazy Rich Asians,Romance,1
U0823,M007,Titanic,Romance,5
U0823,M058,The Terminator,Sci-Fi,3
U0823,M063,Casablanca,Romance,5
U0823,M086,Airplane!,Comedy,1
U0823,M060,Arrival,Sci-Fi,3
U0823,M016,Hereditary,Horror,2
U0823,M033,Pitch Perfect,Comedy,1
U0823,M005,The Conjuring,Horror,3
U0823,M003,The Notebook,Romance,2
U0824,M033,Pitch Perfect,Comedy,3
U0824,M079,12 Angry Men,Drama,5
U0824,M078,Schindler's List,Drama,5
U0824,M065,Eternal Sunshine,Romance,4
U0824,M005,The Conjuring,Horror,5
U0824,M076,Annihilation,Horror,5
U0825,M082,A Beautiful Mind,Drama,3
U0825,M029,Blade Runner 2049,Sci-Fi,4
U0825,M083,Monty Python,Comedy,3
U0825,M009,The Grand Budapest Hotel,Comedy,1
U0825,M026,Mad Max: Fury Road,Action,4
U0825,M060,Arrival,Sci-Fi,4
U0825,M076,Annihilation,Horror,5
U0825,M057,Speed,Action,3
U0825,M088,Black Panther,Action,2
U0825,M016,Hereditary,Horror,2
U0825,M054,Top Gun: Maverick,Action,2
U0825,M049,Harry Potter,Fantasy,4
U0825,M078,Schindler's List,Drama,5
U0825,M072,Nightcrawler,Thriller,3
U0825,M096,Annihilation,Sci-Fi,2
U0825,M038,Finding Nemo,Animation,5
U0825,M014,The Shawshank Redemption,Drama,5
U0825,M053,Gladiator,Action,5
U0825,M013,Parasite,Thriller,4
U0825,M020,John Wick,Action,5
U0826,M079,12 Angry Men,Drama,3
U0826,M058,The Terminator,Sci-Fi,1
U0826,M002,Inception,Sci-Fi,2
U0826,M009,The Grand Budapest Hotel,Comedy,4
U0826,M092,Iron Man,Action,1
U0826,M034,Joker,Drama,5
U0826,M022,Midsommar,Horror,4
U0826,M056,Die Hard,Action,5
U0827,M014,The Shawshank Redemption,Drama,2
U0827,M012,The Hangover,Comedy,5
U0827,M053,Gladiator,Action,1
U0827,M008,Get Out,Horror,2
U0827,M021,Bridesmaids,Comedy,3
U0827,M085,Step Brothers,Comedy,5
U0827,M086,Airplane!,Comedy,5
U0827,M004,Interstellar,Sci-Fi,5
U0827,M081,Dead Poets Society,Drama,5
U0827,M034,Joker,Drama,5
U0828,M019,Alien,Sci-Fi,5
U0828,M015,Crazy Rich Asians,Romance,2
U0828,M011,A Quiet Place,Horror,2
U0828,M057,Speed,Action,1
U0828,M003,The Notebook,Romance,4
U0828,M094,Dune,Sci-Fi,3
U0828,M069,No Country for Old Men,Thriller,5
U0828,M065,Eternal Sunshine,Romance,5
U0828,M081,Dead Poets Society,Drama,3
U0828,M076,Annihilation,Horror,5
U0828,M038,Finding Nemo,Animation,5
U0828,M085,Step Brothers,Comedy,5
U0828,M066,Before Sunrise,Romance,3
U0828,M004,Interstellar,Sci-Fi,4
U0828,M010,Pride and Prejudice,Romance,1
U0828,M070,Prisoners,Thriller,5
U0828,M052,Princess Mononoke,Fantasy,3
U0828,M034,Joker,Drama,2
U0828,M039,Up,Animation,3
U0829,M070,Prisoners,Thriller,5
U0829,M006,Avengers: Endgame,Action,4
U0829,M054,Top Gun: Maverick,Action,1
U0829,M061,Ex Machina,Sci-Fi,1
U0829,M041,Spirited Away,Animation,4
U0829,M086,Airplane!,Comedy,5
U0829,M012,The Hangover,Comedy,4
U0829,M024,Knives Out,Thriller,5
U0829,M025,It,Horror,3
U0829,M049,Harry Potter,Fantasy,3
U0829,M073,The Exorcist,Horror,5
U0829,M011,A Quiet Place,Horror,4
U0829,M039,Up,Animation,5
U0830,M060,Arrival,Sci-Fi,3
U0830,M093,Everything Everywhere All at Once,Sci-Fi,1
U0830,M097,Moon,Sci-Fi,5
U0830,M051,Pan's Labyrinth,Fantasy,4
U0830,M075,The Shining,Horror,2
U0830,M086,Airplane!,Comedy,1
U0830,M062,Gravity,Sci-Fi,3
U0830,M082,A Beautiful Mind,Drama,2
U0830,M007,Titanic,Romance,5
U0831,M015,Crazy Rich Asians,Romance,3
U0831,M046,The Act of Killing,Documentary,1
U0831,M055,Mission Impossible,Action,4
U0831,M006,Avengers: Endgame,Action,5
U0831,M064,When Harry Met Sally,Romance,4
U0831,M071,Zodiac,Thriller,3
U0831,M083,Monty Python,Comedy,3
U0831,M032,The Pursuit of Happyness,Drama,2
U0831,M023,The Matrix,Sci-Fi,5
U0831,M063,Casablanca,Romance,4
U0831,M037,Toy Story,Animation,4
U0831,M087,The Mask,Comedy,5
U0831,M089,Spider-Man: No Way Home,Action,4
U0831,M072,Nightcrawler,Thriller,5
U0831,M029,Blade Runner 2049,Sci-Fi,5
U0831,M043,Planet Earth,Documentary,2
U0831,M093,Everything Everywhere All at Once,Sci-Fi,3
U0831,M049,Harry Potter,Fantasy,5
U0832,M004,Interstellar,Sci-Fi,2
U0832,M035,The Big Lebowski,Comedy,4
U0832,M058,The Terminator,Sci-Fi,3
U0832,M066,Before Sunrise,Romance,5
U0832,M040,WALL-E,Animation,5
U0832,M020,John Wick,Action,2
U0832,M009,The Grand Budapest Hotel,Comedy,1
U0832,M057,Speed,Action,5
U0832,M002,Inception,Sci-Fi,5
U0832,M072,Nightcrawler,Thriller,3
U0832,M044,Free Solo,Documentary,3
U0832,M014,The Shawshank Redemption,Drama,5
U0832,M050,The Hobbit,Fantasy,4
U0832,M019,Alien,Sci-Fi,5
U0832,M021,Bridesmaids,Comedy,5
U0832,M046,The Act of Killing,Documentary,2
U0832,M075,The Shining,Horror,5
U0832,M098,The Menu,Thriller,2
U0833,M018,Superbad,Comedy,1
U0833,M034,Joker,Drama,5
U0833,M051,Pan's Labyrinth,Fantasy,3
U0833,M062,Gravity,Sci-Fi,3
U0833,M020,John Wick,Action,5
U0833,M097,Moon,Sci-Fi,2
U0833,M068,The Silence of the Lambs,Thriller,3
U0833,M057,Speed,Action,4
U0833,M078,Schindler's List,Drama,2
U0833,M074,Rosemary's Baby,Horror,2
U0833,M009,The Grand Budapest Hotel,Comedy,2
U0833,M055,Mission Impossible,Action,4
U0833,M003,The Notebook,Romance,4
U0833,M080,Good Will Hunting,Drama,2
U0833,M012,The Hangover,Comedy,3
U0833,M039,Up,Animation,4
U0833,M010,Pride and Prejudice,Romance,2
U0833,M028,La La Land,Romance,1
U0834,M042,Coco,Animation,4
U0834,M072,Nightcrawler,Thriller,5
U0834,M066,Before Sunrise,Romance,2
U0834,M013,Parasite,Thriller,4
U0834,M052,Princess Mononoke,Fantasy,2
U0834,M043,Planet Earth,Documentary,5
U0834,M100,Nope,Horror,1
U0834,M090,Doctor Strange,Action,4
U0834,M003,The Notebook,Romance,3
U0834,M022,Midsommar,Horror,1
U0834,M047,Jiro Dreams of Sushi,Documentary,2
U0834,M036,Se7en,Thriller,4
U0834,M097,Moon,Sci-Fi,3
U0835,M073,The Exorcist,Horror,4
U0835,M054,Top Gun: Maverick,Action,1
U0835,M052,Princess Mononoke,Fantasy,5
U0835,M009,The Grand Budapest Hotel,Comedy,2
U0835,M061,Ex Machina,Sci-Fi,3
U0836,M070,Prisoners,Thriller,3
U0836,M094,Dune,Sci-Fi,1
U0836,M001,The Dark Knight,Action,3
U0836,M052,Princess Mononoke,Fantasy,2
U0836,M060,Arrival,Sci-Fi,4
U0836,M071,Zodiac,Thriller,4
U0837,M067,The Fault in Our Stars,Romance,4
U0837,M014,The Shawshank Redemption,Drama,5
U0837,M029,Blade Runner 2049,Sci-Fi,5
U0837,M042,Coco,Animation,5
U0837,M080,Good Will Hunting,Drama,4
U0837,M024,Knives Out,Thriller,5
U0837,M051,Pan's Labyrinth,Fantasy,4
U0837,M081,Dead Poets Society,Drama,5
U0837,M049,Harry Potter,Fantasy,4
U0837,M034,Joker,Drama,2
U0837,M070,Prisoners,Thriller,4
U0837,M055,Mission Impossible,Action,3
U0837,M079,12 Angry Men,Drama,5
U0837,M085,Step Brothers,Comedy,3
U0837,M069,No Country for Old Men,Thriller,4
U0837,M032,The Pursuit of Happyness,Drama,2
U0837,M090,Doctor Strange,Action,1
U0837,M075,The Shining,Horror,1
U0838,M093,Everything Everywhere All at Once,Sci-Fi,2
U0838,M077,Us,Horror,4
U0838,M087,The Mask,Comedy,1
U0838,M024,Knives Out,Thriller,4
U0838,M008,Get Out,Horror,1
U0838,M088,Black Panther,Action,1
U0838,M100,Nope,Horror,4
U0838,M062,Gravity,Sci-Fi,1
U0838,M047,Jiro Dreams of Sushi,Documentary,4
U0839,M030,The Wolf of Wall Street,Drama,5
U0839,M077,Us,Horror,2
U0839,M069,No Country for Old Men,Thriller,5
U0839,M097,Moon,Sci-Fi,3
U0839,M099,Barbarian,Horror,2
U0839,M072,Nightcrawler,Thriller,5
U0840,M013,Parasite,Thriller,5
U0840,M066,Before Sunrise,Romance,1
U0840,M075,The Shining,Horror,1
U0840,M034,Joker,Drama,2
U0840,M042,Coco,Animation,5
U0840,M048,The Lord of the Rings,Fantasy,5
U0840,M077,Us,Horror,3
U0840,M008,Get Out,Horror,2
U0840,M049,Harry Potter,Fantasy,4
U0841,M023,The Matrix,Sci-Fi,4
U0841,M007,Titanic,Romance,3
U0841,M038,Finding Nemo,Animation,4
U0841,M049,Harry Potter,Fantasy,2
U0841,M088,Black Panther,Action,3
U0841,M036,Se7en,Thriller,4
U0841,M095,The Martian,Sci-Fi,4
U0841,M072,Nightcrawler,Thriller,4
U0841,M079,12 Angry Men,Drama,5
U0841,M056,Die Hard,Action,4
U0841,M064,When Harry Met Sally,Romance,3
U0841,M053,Gladiator,Action,5
U0841,M042,Coco,Animation,3
U0842,M040,WALL-E,Animation,4
U0842,M099,Barbarian,Horror,1
U0842,M041,Spirited Away,Animation,3
U0842,M029,Blade Runner 2049,Sci-Fi,4
U0842,M025,It,Horror,3
U0842,M065,Eternal Sunshine,Romance,5
U0842,M078,Schindler's List,Drama,5
U0842,M004,Interstellar,Sci-Fi,3
U0842,M055,Mission Impossible,Action,2
U0842,M017,Forrest Gump,Drama,2
U0842,M032,The Pursuit of Happyness,Drama,2
U0842,M048,The Lord of the Rings,Fantasy,4
U0842,M034,Joker,Drama,3
U0842,M052,Princess Mononoke,Fantasy,3
U0842,M049,Harry Potter,Fantasy,2
U0842,M082,A Beautiful Mind,Drama,3
U0842,M024,Knives Out,Thriller,3
U0842,M054,Top Gun: Maverick,Action,3
U0842,M044,Free Solo,Documentary,2
U0843,M055,Mission Impossible,Action,1
U0843,M062,Gravity,Sci-Fi,1
U0843,M089,Spider-Man: No Way Home,Action,3
U0843,M085,Step Brothers,Comedy,5
U0843,M061,Ex Machina,Sci-Fi,3
U0843,M040,WALL-E,Animation,5
U0843,M052,Princess Mononoke,Fantasy,5
U0843,M018,Superbad,Comedy,4
U0843,M098,The Menu,Thriller,2
U0843,M041,Spirited Away,Animation,3
U0843,M079,12 Angry Men,Drama,5
U0843,M009,The Grand Budapest Hotel,Comedy,1
U0843,M050,The Hobbit,Fantasy,2
U0843,M004,Interstellar,Sci-Fi,4
U0843,M014,The Shawshank Redemption,Drama,5
U0843,M011,A Quiet Place,Horror,5
U0843,M023,The Matrix,Sci-Fi,4
U0843,M036,Se7en,Thriller,5
U0843,M091,Thor: Ragnarok,Action,4
U0844,M026,Mad Max: Fury Road,Action,4
U0844,M011,A Quiet Place,Horror,2
U0844,M023,The Matrix,Sci-Fi,4
U0844,M074,Rosemary's Baby,Horror,3
U0844,M077,Us,Horror,2
U0844,M046,The Act of Killing,Documentary,4
U0844,M057,Speed,Action,1
U0844,M002,Inception,Sci-Fi,2
U0844,M035,The Big Lebowski,Comedy,1
U0845,M007,Titanic,Romance,3
U0845,M027,Gone Girl,Thriller,5
U0845,M068,The Silence of the Lambs,Thriller,5
U0845,M033,Pitch Perfect,Comedy,5
U0845,M030,The Wolf of Wall Street,Drama,2
U0845,M095,The Martian,Sci-Fi,4
U0845,M098,The Menu,Thriller,5
U0845,M062,Gravity,Sci-Fi,3
U0845,M044,Free Solo,Documentary,2
U0845,M056,Die Hard,Action,3
U0846,M066,Before Sunrise,Romance,3
U0846,M023,The Matrix,Sci-Fi,3
U0846,M040,WALL-E,Animation,3
U0846,M017,Forrest Gump,Drama,2
U0846,M016,Hereditary,Horror,4
U0846,M086,Airplane!,Comedy,3
U0846,M072,Nightcrawler,Thriller,4
U0846,M089,Spider-Man: No Way Home,Action,3
U0846,M097,Moon,Sci-Fi,3
U0846,M030,The Wolf of Wall Street,Drama,5
U0846,M065,Eternal Sunshine,Romance,3
U0846,M042,Coco,Animation,4
U0846,M033,Pitch Perfect,Comedy,2
U0847,M015,Crazy Rich Asians,Romance,5
U0847,M018,Superbad,Comedy,5
U0847,M025,It,Horror,4
U0847,M020,John Wick,Action,5
U0847,M092,Iron Man,Action,1
U0847,M058,The Terminator,Sci-Fi,4
U0847,M037,Toy Story,Animation,5
U0848,M098,The Menu,Thriller,5
U0848,M027,Gone Girl,Thriller,4
U0848,M032,The Pursuit of Happyness,Drama,2
U0848,M086,Airplane!,Comedy,5
U0848,M038,Finding Nemo,Animation,3
U0848,M083,Monty Python,Comedy,1
U0848,M087,The Mask,Comedy,5
U0848,M096,Annihilation,Sci-Fi,4
U0848,M022,Midsommar,Horror,2
U0848,M063,Casablanca,Romance,1
U0848,M004,Interstellar,Sci-Fi,3
U0848,M025,It,Horror,3
U0848,M072,Nightcrawler,Thriller,3
U0848,M069,No Country for Old Men,Thriller,2
U0848,M049,Harry Potter,Fantasy,4
U0848,M088,Black Panther,Action,5
U0848,M010,Pride and Prejudice,Romance,2
U0849,M093,Everything Everywhere All at Once,Sci-Fi,5
U0849,M070,Prisoners,Thriller,2
U0849,M065,Eternal Sunshine,Romance,4
U0849,M019,Alien,Sci-Fi,4
U0849,M035,The Big Lebowski,Comedy,4
U0849,M080,Good Will Hunting,Drama,5
U0849,M030,The Wolf of Wall Street,Drama,4
U0849,M043,Planet Earth,Documentary,5
U0849,M040,WALL-E,Animation,3
U0849,M002,Inception,Sci-Fi,4
U0849,M005,The Conjuring,Horror,3
U0849,M090,Doctor Strange,Action,2
U0849,M082,A Beautiful Mind,Drama,4
U0849,M095,The Martian,Sci-Fi,3
U0849,M014,The Shawshank Redemption,Drama,4
U0850,M034,Joker,Drama,2
U0850,M055,Mission Impossible,Action,3
U0850,M007,Titanic,Romance,2
U0850,M069,No Country for Old Men,Thriller,5
U0850,M027,Gone Girl,Thriller,2
U0850,M047,Jiro Dreams of Sushi,Documentary,2
U0850,M089,Spider-Man: No Way Home,Action,5
U0850,M009,The Grand Budapest Hotel,Comedy,4
U0850,M061,Ex Machina,Sci-Fi,5
U0850,M078,Schindler's List,Drama,5
U0850,M080,Good Will Hunting,Drama,4
U0850,M028,La La Land,Romance,5
U0850,M058,The Terminator,Sci-Fi,4
U0850,M091,Thor: Ragnarok,Action,5
U0850,M071,Zodiac,Thriller,5
U0850,M014,The Shawshank Redemption,Drama,5
U0851,M076,Annihilation,Horror,2
U0851,M068,The Silence of the Lambs,Thriller,4
U0851,M066,Before Sunrise,Romance,4
U0851,M100,Nope,Horror,2
U0851,M020,John Wick,Action,1
U0851,M098,The Menu,Thriller,2
U0851,M089,Spider-Man: No Way Home,Action,5
U0851,M077,Us,Horror,5
U0851,M008,Get Out,Horror,4
U0851,M040,WALL-E,Animation,4
U0851,M041,Spirited Away,Animation,4
U0851,M062,Gravity,Sci-Fi,3
U0851,M075,The Shining,Horror,2
U0851,M090,Doctor Strange,Action,2
U0851,M018,Superbad,Comedy,5
U0851,M014,The Shawshank Redemption,Drama,3
U0851,M036,Se7en,Thriller,5
U0851,M058,The Terminator,Sci-Fi,4
U0852,M067,The Fault in Our Stars,Romance,1
U0852,M031,Whiplash,Drama,5
U0852,M073,The Exorcist,Horror,2
U0852,M014,The Shawshank Redemption,Drama,5
U0852,M020,John Wick,Action,2
U0852,M015,Crazy Rich Asians,Romance,2
U0852,M083,Monty Python,Comedy,5
U0852,M085,Step Brothers,Comedy,5
U0852,M071,Zodiac,Thriller,2
U0852,M064,When Harry Met Sally,Romance,5
U0853,M022,Midsommar,Horror,1
U0853,M019,Alien,Sci-Fi,5
U0853,M016,Hereditary,Horror,4
U0853,M006,Avengers: Endgame,Action,4
U0853,M015,Crazy Rich Asians,Romance,4
U0853,M002,Inception,Sci-Fi,4
U0853,M024,Knives Out,Thriller,2
U0853,M030,The Wolf of Wall Street,Drama,2
U0853,M023,The Matrix,Sci-Fi,1
U0853,M001,The Dark Knight,Action,5
U0853,M003,The Notebook,Romance,5
U0854,M092,Iron Man,Action,1
U0854,M050,The Hobbit,Fantasy,4
U0854,M016,Hereditary,Horror,3
U0854,M002,Inception,Sci-Fi,4
U0854,M071,Zodiac,Thriller,5
U0854,M011,A Quiet Place,Horror,2
U0854,M038,Finding Nemo,Animation,4
U0854,M025,It,Horror,3
U0854,M048,The Lord of the Rings,Fantasy,4
U0854,M012,The Hangover,Comedy,4
U0854,M037,Toy Story,Animation,5
U0854,M008,Get Out,Horror,3
U0854,M093,Everything Everywhere All at Once,Sci-Fi,1
U0854,M031,Whiplash,Drama,2
U0854,M041,Spirited Away,Animation,3
U0854,M084,Anchorman,Comedy,2
U0854,M032,The Pursuit of Happyness,Drama,2
U0854,M083,Monty Python,Comedy,4
U0854,M076,Annihilation,Horror,4
U0854,M066,Before Sunrise,Romance,2
U0855,M048,The Lord of the Rings,Fantasy,4
U0855,M036,Se7en,Thriller,5
U0855,M043,Planet Earth,Documentary,1
U0855,M096,Annihilation,Sci-Fi,3
U0855,M076,Annihilation,Horror,1
U0856,M056,Die Hard,Action,1
U0856,M086,Airplane!,Comedy,1
U0856,M050,The Hobbit,Fantasy,4
U0856,M055,Mission Impossible,Action,3
U0856,M035,The Big Lebowski,Comedy,3
U0856,M012,The Hangover,Comedy,1
U0857,M091,Thor: Ragnarok,Action,1
U0857,M029,Blade Runner 2049,Sci-Fi,4
U0857,M037,Toy Story,Animation,5
U0857,M001,The Dark Knight,Action,5
U0857,M058,The Terminator,Sci-Fi,3
U0857,M070,Prisoners,Thriller,5
U0857,M042,Coco,Animation,5
U0858,M067,The Fault in Our Stars,Romance,2
U0858,M079,12 Angry Men,Drama,5
U0858,M002,Inception,Sci-Fi,4
U0858,M048,The Lord of the Rings,Fantasy,5
U0858,M099,Barbarian,Horror,2
U0858,M072,Nightcrawler,Thriller,4
U0859,M049,Harry Potter,Fantasy,4
U0859,M069,No Country for Old Men,Thriller,2
U0859,M093,Everything Everywhere All at Once,Sci-Fi,5
U0859,M073,The Exorcist,Horror,2
U0859,M080,Good Will Hunting,Drama,5
U0859,M052,Princess Mononoke,Fantasy,4
U0859,M021,Bridesmaids,Comedy,5
U0859,M050,The Hobbit,Fantasy,5
U0859,M078,Schindler's List,Drama,5
U0860,M061,Ex Machina,Sci-Fi,3
U0860,M068,The Silence of the Lambs,Thriller,2
U0860,M088,Black Panther,Action,3
U0860,M085,Step Brothers,Comedy,5
U0860,M083,Monty Python,Comedy,4
U0860,M063,Casablanca,Romance,2
U0860,M079,12 Angry Men,Drama,4
U0860,M010,Pride and Prejudice,Romance,4
U0861,M073,The Exorcist,Horror,2
U0861,M059,2001: A Space Odyssey,Sci-Fi,1
U0861,M049,Harry Potter,Fantasy,2
U0861,M003,The Notebook,Romance,2
U0861,M089,Spider-Man: No Way Home,Action,4
U0861,M077,Us,Horror,3
U0861,M031,Whiplash,Drama,5
U0862,M049,Harry Potter,Fantasy,2
U0862,M002,Inception,Sci-Fi,4
U0862,M039,Up,Animation,4
U0862,M011,A Quiet Place,Horror,3
U0862,M071,Zodiac,Thriller,5
U0862,M001,The Dark Knight,Action,3
U0862,M098,The Menu,Thriller,2
U0862,M074,Rosemary's Baby,Horror,4
U0862,M048,The Lord of the Rings,Fantasy,4
U0862,M018,Superbad,Comedy,4
U0863,M091,Thor: Ragnarok,Action,5
U0863,M012,The Hangover,Comedy,2
U0863,M086,Airplane!,Comedy,3
U0863,M096,Annihilation,Sci-Fi,1
U0863,M018,Superbad,Comedy,5
U0863,M063,Casablanca,Romance,5
U0863,M038,Finding Nemo,Animation,5
U0863,M050,The Hobbit,Fantasy,3
U0863,M078,Schindler's List,Drama,5
U0863,M024,Knives Out,Thriller,4
U0863,M010,Pride and Prejudice,Romance,2
U0863,M013,Parasite,Thriller,3
U0863,M070,Prisoners,Thriller,3
U0863,M087,The Mask,Comedy,5
U0864,M043,Planet Earth,Documentary,1
U0864,M066,Before Sunrise,Romance,3
U0864,M076,Annihilation,Horror,4
U0864,M010,Pride and Prejudice,Romance,5
U0864,M058,The Terminator,Sci-Fi,2
U0864,M007,Titanic,Romance,1
U0864,M091,Thor: Ragnarok,Action,5
U0864,M034,Joker,Drama,3
U0864,M093,Everything Everywhere All at Once,Sci-Fi,2
U0864,M094,Dune,Sci-Fi,3
U0864,M047,Jiro Dreams of Sushi,Documentary,4
U0864,M035,The Big Lebowski,Comedy,1
U0864,M017,Forrest Gump,Drama,5
U0864,M014,The Shawshank Redemption,Drama,2
U0864,M071,Zodiac,Thriller,2
U0864,M045,13th,Documentary,1
U0864,M088,Black Panther,Action,4
U0864,M038,Finding Nemo,Animation,4
U0864,M048,The Lord of the Rings,Fantasy,4
U0864,M063,Casablanca,Romance,4
U0865,M007,Titanic,Romance,3
U0865,M059,2001: A Space Odyssey,Sci-Fi,1
U0865,M022,Midsommar,Horror,1
U0865,M028,La La Land,Romance,1
U0865,M018,Superbad,Comedy,4
U0865,M036,Se7en,Thriller,5
U0865,M061,Ex Machina,Sci-Fi,5
U0865,M023,The Matrix,Sci-Fi,2
U0865,M065,Eternal Sunshine,Romance,2
U0865,M021,Bridesmaids,Comedy,3
U0865,M072,Nightcrawler,Thriller,5
U0865,M079,12 Angry Men,Drama,3
U0865,M042,Coco,Animation,3
U0866,M054,Top Gun: Maverick,Action,1
U0866,M010,Pride and Prejudice,Romance,3
U0866,M050,The Hobbit,Fantasy,5
U0866,M070,Prisoners,Thriller,2
U0866,M099,Barbarian,Horror,1
U0866,M048,The Lord of the Rings,Fantasy,2
U0866,M001,The Dark Knight,Action,5
U0866,M062,Gravity,Sci-Fi,3
U0866,M009,The Grand Budapest Hotel,Comedy,1
U0867,M060,Arrival,Sci-Fi,3
U0867,M014,The Shawshank Redemption,Drama,3
U0867,M085,Step Brothers,Comedy,4
U0867,M012,The Hangover,Comedy,1
U0867,M041,Spirited Away,Animation,5
U0867,M024,Knives Out,Thriller,3
U0867,M055,Mission Impossible,Action,2
U0867,M011,A Quiet Place,Horror,1
U0867,M096,Annihilation,Sci-Fi,1
U0867,M006,Avengers: Endgame,Action,4
U0868,M056,Die Hard,Action,3
U0868,M076,Annihilation,Horror,1
U0868,M041,Spirited Away,Animation,5
U0868,M088,Black Panther,Action,5
U0868,M002,Inception,Sci-Fi,3
U0868,M001,The Dark Knight,Action,5
U0868,M062,Gravity,Sci-Fi,3
U0869,M030,The Wolf of Wall Street,Drama,4
U0869,M083,Monty Python,Comedy,3
U0869,M019,Alien,Sci-Fi,4
U0869,M073,The Exorcist,Horror,1
U0869,M067,The Fault in Our Stars,Romance,4
U0869,M060,Arrival,Sci-Fi,1
U0869,M053,Gladiator,Action,5
U0869,M076,Annihilation,Horror,5
U0869,M072,Nightcrawler,Thriller,3
U0869,M074,Rosemary's Baby,Horror,4
U0869,M028,La La Land,Romance,2
U0869,M045,13th,Documentary,3
U0869,M017,Forrest Gump,Drama,5
U0869,M077,Us,Horror,1
U0870,M099,Barbarian,Horror,5
U0870,M093,Everything Everywhere All at Once,Sci-Fi,4
U0870,M100,Nope,Horror,2
U0870,M010,Pride and Prejudice,Romance,2
U0870,M005,The Conjuring,Horror,1
U0870,M034,Joker,Drama,5
U0870,M043,Planet Earth,Documentary,3
U0870,M006,Avengers: Endgame,Action,2
U0870,M020,John Wick,Action,3
U0870,M046,The Act of Killing,Documentary,4
U0870,M072,Nightcrawler,Thriller,4
U0871,M044,Free Solo,Documentary,4
U0871,M020,John Wick,Action,2
U0871,M054,Top Gun: Maverick,Action,5
U0871,M068,The Silence of the Lambs,Thriller,5
U0871,M008,Get Out,Horror,2
U0871,M052,Princess Mononoke,Fantasy,4
U0871,M035,The Big Lebowski,Comedy,3
U0871,M070,Prisoners,Thriller,5
U0871,M056,Die Hard,Action,5
U0871,M005,The Conjuring,Horror,2
U0871,M096,Annihilation,Sci-Fi,5
U0871,M055,Mission Impossible,Action,3
U0872,M041,Spirited Away,Animation,4
U0872,M030,The Wolf of Wall Street,Drama,2
U0872,M049,Harry Potter,Fantasy,4
U0872,M081,Dead Poets Society,Drama,5
U0872,M039,Up,Animation,4
U0872,M052,Princess Mononoke,Fantasy,2
U0872,M018,Superbad,Comedy,4
U0872,M070,Prisoners,Thriller,4
U0872,M007,Titanic,Romance,4
U0872,M043,Planet Earth,Documentary,5
U0873,M046,The Act of Killing,Documentary,3
U0873,M011,A Quiet Place,Horror,1
U0873,M047,Jiro Dreams of Sushi,Documentary,1
U0873,M051,Pan's Labyrinth,Fantasy,4
U0873,M021,Bridesmaids,Comedy,3
U0873,M027,Gone Girl,Thriller,2
U0873,M073,The Exorcist,Horror,5
U0873,M024,Knives Out,Thriller,2
U0873,M094,Dune,Sci-Fi,2
U0873,M002,Inception,Sci-Fi,1
U0873,M077,Us,Horror,1
U0873,M005,The Conjuring,Horror,1
U0873,M070,Prisoners,Thriller,5
U0873,M043,Planet Earth,Documentary,5
U0873,M099,Barbarian,Horror,4
U0874,M077,Us,Horror,4
U0874,M088,Black Panther,Action,1
U0874,M003,The Notebook,Romance,2
U0874,M019,Alien,Sci-Fi,2
U0874,M043,Planet Earth,Documentary,1
U0874,M038,Finding Nemo,Animation,5
U0874,M091,Thor: Ragnarok,Action,5
U0874,M057,Speed,Action,3
U0875,M041,Spirited Away,Animation,4
U0875,M035,The Big Lebowski,Comedy,1
U0875,M090,Doctor Strange,Action,1
U0875,M011,A Quiet Place,Horror,2
U0875,M088,Black Panther,Action,4
U0875,M023,The Matrix,Sci-Fi,1
U0875,M001,The Dark Knight,Action,1
U0875,M086,Airplane!,Comedy,3
U0875,M018,Superbad,Comedy,1
U0875,M024,Knives Out,Thriller,4
U0875,M057,Speed,Action,2
U0875,M073,The Exorcist,Horror,2
U0876,M084,Anchorman,Comedy,2
U0876,M088,Black Panther,Action,4
U0876,M076,Annihilation,Horror,5
U0876,M034,Joker,Drama,5
U0876,M057,Speed,Action,1
U0876,M082,A Beautiful Mind,Drama,4
U0876,M080,Good Will Hunting,Drama,5
U0876,M044,Free Solo,Documentary,3
U0876,M005,The Conjuring,Horror,1
U0876,M037,Toy Story,Animation,4
U0876,M006,Avengers: Endgame,Action,1
U0876,M064,When Harry Met Sally,Romance,1
U0876,M013,Parasite,Thriller,2
U0876,M098,The Menu,Thriller,5
U0876,M091,Thor: Ragnarok,Action,3
U0876,M025,It,Horror,5
U0877,M039,Up,Animation,4
U0877,M099,Barbarian,Horror,1
U0877,M093,Everything Everywhere All at Once,Sci-Fi,2
U0877,M002,Inception,Sci-Fi,4
U0877,M027,Gone Girl,Thriller,2
U0877,M089,Spider-Man: No Way Home,Action,5
U0877,M075,The Shining,Horror,5
U0877,M016,Hereditary,Horror,3
U0877,M001,The Dark Knight,Action,1
U0877,M036,Se7en,Thriller,2
U0877,M045,13th,Documentary,5
U0878,M081,Dead Poets Society,Drama,5
U0878,M079,12 Angry Men,Drama,4
U0878,M013,Parasite,Thriller,3
U0878,M029,Blade Runner 2049,Sci-Fi,1
U0878,M084,Anchorman,Comedy,3
U0878,M044,Free Solo,Documentary,4
U0878,M023,The Matrix,Sci-Fi,1
U0878,M070,Prisoners,Thriller,2
U0878,M046,The Act of Killing,Documentary,1
U0878,M045,13th,Documentary,4
U0878,M098,The Menu,Thriller,5
U0878,M097,Moon,Sci-Fi,5
U0878,M032,The Pursuit of Happyness,Drama,5
U0878,M048,The Lord of the Rings,Fantasy,2
U0879,M051,Pan's Labyrinth,Fantasy,2
U0879,M074,Rosemary's Baby,Horror,5
U0879,M055,Mission Impossible,Action,4
U0879,M071,Zodiac,Thriller,5
U0879,M008,Get Out,Horror,4
U0880,M006,Avengers: Endgame,Action,2
U0880,M100,Nope,Horror,5
U0880,M090,Doctor Strange,Action,3
U0880,M031,Whiplash,Drama,4
U0880,M062,Gravity,Sci-Fi,5
U0880,M065,Eternal Sunshine,Romance,3
U0880,M035,The Big Lebowski,Comedy,2
U0880,M089,Spider-Man: No Way Home,Action,1
U0880,M088,Black Panther,Action,1
U0880,M017,Forrest Gump,Drama,5
U0880,M092,Iron Man,Action,4
U0880,M028,La La Land,Romance,4
U0880,M085,Step Brothers,Comedy,4
U0881,M043,Planet Earth,Documentary,3
U0881,M042,Coco,Animation,4
U0881,M002,Inception,Sci-Fi,2
U0881,M028,La La Land,Romance,4
U0881,M021,Bridesmaids,Comedy,2
U0881,M082,A Beautiful Mind,Drama,4
U0881,M045,13th,Documentary,1
U0881,M010,Pride and Prejudice,Romance,4
U0881,M064,When Harry Met Sally,Romance,5
U0881,M049,Harry Potter,Fantasy,4
U0882,M075,The Shining,Horror,2
U0882,M008,Get Out,Horror,3
U0882,M081,Dead Poets Society,Drama,4
U0882,M024,Knives Out,Thriller,2
U0882,M085,Step Brothers,Comedy,1
U0882,M074,Rosemary's Baby,Horror,1
U0882,M090,Doctor Strange,Action,1
U0882,M100,Nope,Horror,5
U0882,M020,John Wick,Action,1
U0882,M029,Blade Runner 2049,Sci-Fi,4
U0883,M046,The Act of Killing,Documentary,5
U0883,M032,The Pursuit of Happyness,Drama,5
U0883,M001,The Dark Knight,Action,5
U0883,M082,A Beautiful Mind,Drama,4
U0883,M098,The Menu,Thriller,3
U0883,M070,Prisoners,Thriller,2
U0884,M015,Crazy Rich Asians,Romance,3
U0884,M012,The Hangover,Comedy,3
U0884,M050,The Hobbit,Fantasy,4
U0884,M051,Pan's Labyrinth,Fantasy,4
U0884,M057,Speed,Action,5
U0884,M029,Blade Runner 2049,Sci-Fi,5
U0884,M018,Superbad,Comedy,5
U0884,M079,12 Angry Men,Drama,5
U0884,M001,The Dark Knight,Action,3
U0885,M012,The Hangover,Comedy,2
U0885,M022,Midsommar,Horror,4
U0885,M076,Annihilation,Horror,2
U0885,M095,The Martian,Sci-Fi,1
U0885,M099,Barbarian,Horror,2
U0885,M055,Mission Impossible,Action,4
U0885,M040,WALL-E,Animation,4
U0885,M051,Pan's Labyrinth,Fantasy,4
U0885,M006,Avengers: Endgame,Action,5
U0885,M030,The Wolf of Wall Street,Drama,3
U0886,M033,Pitch Perfect,Comedy,4
U0886,M060,Arrival,Sci-Fi,1
U0886,M004,Interstellar,Sci-Fi,1
U0886,M089,Spider-Man: No Way Home,Action,3
U0886,M077,Us,Horror,2
U0886,M017,Forrest Gump,Drama,3
U0886,M001,The Dark Knight,Action,5
U0887,M024,Knives Out,Thriller,2
U0887,M025,It,Horror,5
U0887,M056,Die Hard,Action,2
U0887,M090,Doctor Strange,Action,1
U0887,M022,Midsommar,Horror,3
U0888,M067,The Fault in Our Stars,Romance,1
U0888,M074,Rosemary's Baby,Horror,4
U0888,M063,Casablanca,Romance,1
U0888,M093,Everything Everywhere All at Once,Sci-Fi,1
U0888,M001,The Dark Knight,Action,5
U0888,M088,Black Panther,Action,4
U0888,M047,Jiro Dreams of Sushi,Documentary,2
U0888,M073,The Exorcist,Horror,5
U0889,M043,Planet Earth,Documentary,5
U0889,M071,Zodiac,Thriller,2
U0889,M011,A Quiet Place,Horror,1
U0889,M094,Dune,Sci-Fi,3
U0889,M076,Annihilation,Horror,2
U0889,M041,Spirited Away,Animation,5
U0889,M073,The Exorcist,Horror,5
U0889,M096,Annihilation,Sci-Fi,5
U0889,M060,Arrival,Sci-Fi,2
U0889,M089,Spider-Man: No Way Home,Action,1
U0889,M061,Ex Machina,Sci-Fi,5
U0889,M022,Midsommar,Horror,4
U0889,M091,Thor: Ragnarok,Action,5
U0889,M013,Parasite,Thriller,3
U0889,M049,Harry Potter,Fantasy,5
U0889,M072,Nightcrawler,Thriller,5
U0890,M023,The Matrix,Sci-Fi,2
U0890,M066,Before Sunrise,Romance,2
U0890,M036,Se7en,Thriller,3
U0890,M043,Planet Earth,Documentary,2
U0890,M040,WALL-E,Animation,3
U0890,M007,Titanic,Romance,3
U0890,M085,Step Brothers,Comedy,1
U0890,M013,Parasite,Thriller,4
U0890,M018,Superbad,Comedy,3
U0890,M022,Midsommar,Horror,4
U0890,M093,Everything Everywhere All at Once,Sci-Fi,3
U0890,M097,Moon,Sci-Fi,2
U0890,M062,Gravity,Sci-Fi,2
U0890,M021,Bridesmaids,Comedy,5
U0890,M001,The Dark Knight,Action,1
U0890,M071,Zodiac,Thriller,2
U0890,M028,La La Land,Romance,4
U0890,M079,12 Angry Men,Drama,4
U0890,M038,Finding Nemo,Animation,5
U0890,M069,No Country for Old Men,Thriller,5
U0891,M090,Doctor Strange,Action,2
U0891,M002,Inception,Sci-Fi,2
U0891,M087,The Mask,Comedy,2
U0891,M017,Forrest Gump,Drama,3
U0891,M095,The Martian,Sci-Fi,4
U0891,M081,Dead Poets Society,Drama,5
U0891,M005,The Conjuring,Horror,3
U0891,M082,A Beautiful Mind,Drama,3
U0891,M027,Gone Girl,Thriller,2
U0891,M007,Titanic,Romance,2
U0891,M036,Se7en,Thriller,4
U0892,M006,Avengers: Endgame,Action,4
U0892,M100,Nope,Horror,2
U0892,M098,The Menu,Thriller,2
U0892,M017,Forrest Gump,Drama,2
U0892,M065,Eternal Sunshine,Romance,3
U0892,M012,The Hangover,Comedy,5
U0892,M054,Top Gun: Maverick,Action,2
U0892,M043,Planet Earth,Documentary,4
U0892,M007,Titanic,Romance,4
U0892,M053,Gladiator,Action,4
U0892,M033,Pitch Perfect,Comedy,3
U0893,M075,The Shining,Horror,3
U0893,M013,Parasite,Thriller,5
U0893,M079,12 Angry Men,Drama,5
U0893,M069,No Country for Old Men,Thriller,2
U0893,M029,Blade Runner 2049,Sci-Fi,2
U0893,M017,Forrest Gump,Drama,5
U0893,M099,Barbarian,Horror,5
U0893,M010,Pride and Prejudice,Romance,2
U0893,M088,Black Panther,Action,1
U0893,M003,The Notebook,Romance,1
U0893,M084,Anchorman,Comedy,3
U0893,M021,Bridesmaids,Comedy,2
U0893,M077,Us,Horror,5
U0893,M012,The Hangover,Comedy,3
U0893,M054,Top Gun: Maverick,Action,1
U0893,M096,Annihilation,Sci-Fi,5
U0893,M061,Ex Machina,Sci-Fi,4
U0894,M021,Bridesmaids,Comedy,1
U0894,M020,John Wick,Action,4
U0894,M073,The Exorcist,Horror,2
U0894,M011,A Quiet Place,Horror,4
U0894,M026,Mad Max: Fury Road,Action,2
U0894,M016,Hereditary,Horror,1
U0894,M054,Top Gun: Maverick,Action,5
U0894,M063,Casablanca,Romance,5
U0894,M002,Inception,Sci-Fi,4
U0894,M065,Eternal Sunshine,Romance,3
U0894,M008,Get Out,Horror,3
U0894,M047,Jiro Dreams of Sushi,Documentary,1
U0894,M052,Princess Mononoke,Fantasy,4
U0894,M072,Nightcrawler,Thriller,5
U0894,M048,The Lord of the Rings,Fantasy,4
U0894,M051,Pan's Labyrinth,Fantasy,4
U0894,M059,2001: A Space Odyssey,Sci-Fi,3
U0895,M057,Speed,Action,5
U0895,M056,Die Hard,Action,2
U0895,M051,Pan's Labyrinth,Fantasy,3
U0895,M026,Mad Max: Fury Road,Action,5
U0895,M088,Black Panther,Action,4
U0895,M040,WALL-E,Animation,4
U0896,M039,Up,Animation,5
U0896,M083,Monty Python,Comedy,2
U0896,M078,Schindler's List,Drama,3
U0896,M049,Harry Potter,Fantasy,3
U0896,M022,Midsommar,Horror,4
U0897,M056,Die Hard,Action,2
U0897,M016,Hereditary,Horror,3
U0897,M012,The Hangover,Comedy,5
U0897,M038,Finding Nemo,Animation,4
U0897,M019,Alien,Sci-Fi,3
U0897,M033,Pitch Perfect,Comedy,2
U0897,M028,La La Land,Romance,1
U0897,M053,Gladiator,Action,5
U0897,M086,Airplane!,Comedy,5
U0898,M069,No Country for Old Men,Thriller,2
U0898,M095,The Martian,Sci-Fi,5
U0898,M064,When Harry Met Sally,Romance,4
U0898,M077,Us,Horror,2
U0898,M088,Black Panther,Action,2
U0898,M080,Good Will Hunting,Drama,4
U0899,M085,Step Brothers,Comedy,2
U0899,M077,Us,Horror,5
U0899,M074,Rosemary's Baby,Horror,3
U0899,M088,Black Panther,Action,2
U0899,M049,Harry Potter,Fantasy,3
U0899,M034,Joker,Drama,4
U0899,M029,Blade Runner 2049,Sci-Fi,4
U0900,M047,Jiro Dreams of Sushi,Documentary,2
U0900,M086,Airplane!,Comedy,1
U0900,M008,Get Out,Horror,1
U0900,M069,No Country for Old Men,Thriller,4
U0900,M031,Whiplash,Drama,5
U0900,M029,Blade Runner 2049,Sci-Fi,4
U0900,M032,The Pursuit of Happyness,Drama,5
U0900,M034,Joker,Drama,2
U0900,M026,Mad Max: Fury Road,Action,3
U0900,M005,The Conjuring,Horror,3
U0901,M060,Arrival,Sci-Fi,3
U0901,M100,Nope,Horror,2
U0901,M094,Dune,Sci-Fi,3
U0901,M050,The Hobbit,Fantasy,3
U0901,M089,Spider-Man: No Way Home,Action,4
U0901,M073,The Exorcist,Horror,3
U0901,M087,The Mask,Comedy,5
U0901,M035,The Big Lebowski,Comedy,4
U0901,M064,When Harry Met Sally,Romance,3
U0901,M043,Planet Earth,Documentary,4
U0901,M059,2001: A Space Odyssey,Sci-Fi,4
U0901,M052,Princess Mononoke,Fantasy,5
U0901,M076,Annihilation,Horror,5
U0901,M092,Iron Man,Action,4
U0901,M093,Everything Everywhere All at Once,Sci-Fi,1
U0901,M099,Barbarian,Horror,4
U0902,M036,Se7en,Thriller,5
U0902,M017,Forrest Gump,Drama,4
U0902,M011,A Quiet Place,Horror,5
U0902,M023,The Matrix,Sci-Fi,3
U0902,M044,Free Solo,Documentary,5
U0902,M037,Toy Story,Animation,3
U0902,M048,The Lord of the Rings,Fantasy,4
U0902,M003,The Notebook,Romance,2
U0902,M069,No Country for Old Men,Thriller,5
U0902,M090,Doctor Strange,Action,5
U0902,M002,Inception,Sci-Fi,2
U0903,M048,The Lord of the Rings,Fantasy,5
U0903,M074,Rosemary's Baby,Horror,1
U0903,M049,Harry Potter,Fantasy,4
U0903,M051,Pan's Labyrinth,Fantasy,3
U0903,M039,Up,Animation,5
U0903,M058,The Terminator,Sci-Fi,1
U0903,M024,Knives Out,Thriller,4
U0903,M015,Crazy Rich Asians,Romance,1
U0903,M031,Whiplash,Drama,4
U0903,M002,Inception,Sci-Fi,5
U0903,M059,2001: A Space Odyssey,Sci-Fi,5
U0903,M036,Se7en,Thriller,3
U0903,M018,Superbad,Comedy,2
U0903,M100,Nope,Horror,2
U0903,M092,Iron Man,Action,4
U0904,M039,Up,Animation,5
U0904,M100,Nope,Horror,4
U0904,M041,Spirited Away,Animation,4
U0904,M040,WALL-E,Animation,5
U0904,M028,La La Land,Romance,2
U0904,M092,Iron Man,Action,1
U0904,M008,Get Out,Horror,1
U0904,M058,The Terminator,Sci-Fi,1
U0905,M064,When Harry Met Sally,Romance,5
U0905,M068,The Silence of the Lambs,Thriller,5
U0905,M046,The Act of Killing,Documentary,1
U0905,M022,Midsommar,Horror,5
U0905,M019,Alien,Sci-Fi,3
U0905,M016,Hereditary,Horror,3
U0905,M011,A Quiet Place,Horror,2
U0905,M048,The Lord of the Rings,Fantasy,3
U0906,M085,Step Brothers,Comedy,2
U0906,M036,Se7en,Thriller,2
U0906,M095,The Martian,Sci-Fi,5
U0906,M023,The Matrix,Sci-Fi,4
U0906,M056,Die Hard,Action,3
U0906,M065,Eternal Sunshine,Romance,2
U0906,M059,2001: A Space Odyssey,Sci-Fi,2
U0906,M034,Joker,Drama,5
U0906,M035,The Big Lebowski,Comedy,4
U0906,M088,Black Panther,Action,4
U0906,M084,Anchorman,Comedy,2
U0906,M087,The Mask,Comedy,5
U0906,M064,When Harry Met Sally,Romance,4
U0906,M007,Titanic,Romance,4
U0906,M015,Crazy Rich Asians,Romance,3
U0906,M025,It,Horror,4
U0907,M025,It,Horror,3
U0907,M060,Arrival,Sci-Fi,2
U0907,M001,The Dark Knight,Action,4
U0907,M015,Crazy Rich Asians,Romance,5
U0907,M036,Se7en,Thriller,2
U0907,M008,Get Out,Horror,1
U0907,M083,Monty Python,Comedy,3
U0907,M006,Avengers: Endgame,Action,3
U0907,M098,The Menu,Thriller,5
U0907,M081,Dead Poets Society,Drama,2
U0907,M090,Doctor Strange,Action,1
U0908,M020,John Wick,Action,2
U0908,M062,Gravity,Sci-Fi,1
U0908,M088,Black Panther,Action,3
U0908,M023,The Matrix,Sci-Fi,2
U0908,M094,Dune,Sci-Fi,3
U0909,M085,Step Brothers,Comedy,1
U0909,M025,It,Horror,2
U0909,M016,Hereditary,Horror,1
U0909,M055,Mission Impossible,Action,2
U0909,M004,Interstellar,Sci-Fi,4
U0909,M078,Schindler's List,Drama,5
U0909,M039,Up,Animation,4
U0909,M030,The Wolf of Wall Street,Drama,4
U0909,M074,Rosemary's Baby,Horror,2
U0909,M089,Spider-Man: No Way Home,Action,5
U0909,M099,Barbarian,Horror,4
U0909,M028,La La Land,Romance,2
U0909,M098,The Menu,Thriller,2
U0909,M051,Pan's Labyrinth,Fantasy,5
U0909,M068,The Silence of the Lambs,Thriller,3
U0909,M081,Dead Poets Society,Drama,5
U0909,M012,The Hangover,Comedy,4
U0909,M064,When Harry Met Sally,Romance,2
U0909,M022,Midsommar,Horror,3
U0910,M093,Everything Everywhere All at Once,Sci-Fi,2
U0910,M048,The Lord of the Rings,Fantasy,3
U0910,M079,12 Angry Men,Drama,5
U0910,M046,The Act of Killing,Documentary,2
U0910,M085,Step Brothers,Comedy,5
U0910,M088,Black Panther,Action,2
U0910,M028,La La Land,Romance,5
U0910,M031,Whiplash,Drama,5
U0910,M019,Alien,Sci-Fi,5
U0911,M001,The Dark Knight,Action,4
U0911,M037,Toy Story,Animation,3
U0911,M047,Jiro Dreams of Sushi,Documentary,5
U0911,M061,Ex Machina,Sci-Fi,3
U0911,M089,Spider-Man: No Way Home,Action,1
U0911,M029,Blade Runner 2049,Sci-Fi,4
U0911,M046,The Act of Killing,Documentary,4
U0911,M017,Forrest Gump,Drama,2
U0911,M030,The Wolf of Wall Street,Drama,2
U0911,M055,Mission Impossible,Action,5
U0912,M006,Avengers: Endgame,Action,5
U0912,M066,Before Sunrise,Romance,2
U0912,M024,Knives Out,Thriller,5
U0912,M050,The Hobbit,Fantasy,5
U0912,M078,Schindler's List,Drama,3
U0912,M064,When Harry Met Sally,Romance,1
U0912,M016,Hereditary,Horror,4
U0912,M098,The Menu,Thriller,5
U0912,M065,Eternal Sunshine,Romance,3
U0912,M021,Bridesmaids,Comedy,5
U0912,M026,Mad Max: Fury Road,Action,3
U0912,M049,Harry Potter,Fantasy,4
U0912,M005,The Conjuring,Horror,4
U0912,M013,Parasite,Thriller,3
U0912,M002,Inception,Sci-Fi,3
U0912,M063,Casablanca,Romance,4
U0912,M020,John Wick,Action,3
U0912,M051,Pan's Labyrinth,Fantasy,3
U0912,M046,The Act of Killing,Documentary,2
U0913,M028,La La Land,Romance,5
U0913,M089,Spider-Man: No Way Home,Action,3
U0913,M020,John Wick,Action,3
U0913,M019,Alien,Sci-Fi,2
U0913,M021,Bridesmaids,Comedy,3
U0913,M092,Iron Man,Action,5
U0913,M066,Before Sunrise,Romance,5
U0913,M003,The Notebook,Romance,2
U0913,M082,A Beautiful Mind,Drama,3
U0913,M014,The Shawshank Redemption,Drama,3
U0913,M097,Moon,Sci-Fi,3
U0914,M008,Get Out,Horror,5
U0914,M049,Harry Potter,Fantasy,2
U0914,M024,Knives Out,Thriller,4
U0914,M080,Good Will Hunting,Drama,5
U0914,M044,Free Solo,Documentary,4
U0914,M028,La La Land,Romance,3
U0914,M048,The Lord of the Rings,Fantasy,2
U0914,M084,Anchorman,Comedy,2
U0914,M007,Titanic,Romance,1
U0914,M050,The Hobbit,Fantasy,4
U0914,M032,The Pursuit of Happyness,Drama,4
U0914,M082,A Beautiful Mind,Drama,3
U0914,M093,Everything Everywhere All at Once,Sci-Fi,5
U0914,M062,Gravity,Sci-Fi,3
U0914,M009,The Grand Budapest Hotel,Comedy,1
U0914,M083,Monty Python,Comedy,5
U0914,M015,Crazy Rich Asians,Romance,3
U0915,M002,Inception,Sci-Fi,5
U0915,M085,Step Brothers,Comedy,3
U0915,M010,Pride and Prejudice,Romance,4
U0915,M029,Blade Runner 2049,Sci-Fi,2
U0915,M100,Nope,Horror,5
U0915,M050,The Hobbit,Fantasy,4
U0915,M023,The Matrix,Sci-Fi,3
U0915,M052,Princess Mononoke,Fantasy,4
U0915,M008,Get Out,Horror,1
U0916,M094,Dune,Sci-Fi,4
U0916,M036,Se7en,Thriller,4
U0916,M061,Ex Machina,Sci-Fi,1
U0916,M006,Avengers: Endgame,Action,1
U0916,M047,Jiro Dreams of Sushi,Documentary,5
U0916,M041,Spirited Away,Animation,4
U0916,M033,Pitch Perfect,Comedy,3
U0916,M073,The Exorcist,Horror,4
U0916,M010,Pride and Prejudice,Romance,3
U0916,M023,The Matrix,Sci-Fi,1
U0916,M081,Dead Poets Society,Drama,5
U0916,M085,Step Brothers,Comedy,1
U0916,M009,The Grand Budapest Hotel,Comedy,5
U0916,M048,The Lord of the Rings,Fantasy,4
U0916,M012,The Hangover,Comedy,5
U0917,M076,Annihilation,Horror,1
U0917,M042,Coco,Animation,4
U0917,M058,The Terminator,Sci-Fi,2
U0917,M071,Zodiac,Thriller,5
U0917,M064,When Harry Met Sally,Romance,2
U0917,M046,The Act of Killing,Documentary,1
U0917,M024,Knives Out,Thriller,2
U0917,M008,Get Out,Horror,5
U0917,M062,Gravity,Sci-Fi,4
U0917,M001,The Dark Knight,Action,1
U0917,M018,Superbad,Comedy,2
U0918,M020,John Wick,Action,4
U0918,M040,WALL-E,Animation,5
U0918,M010,Pride and Prejudice,Romance,4
U0918,M026,Mad Max: Fury Road,Action,4
U0918,M074,Rosemary's Baby,Horror,5
U0918,M032,The Pursuit of Happyness,Drama,5
U0918,M097,Moon,Sci-Fi,4
U0919,M005,The Conjuring,Horror,4
U0919,M073,The Exorcist,Horror,1
U0919,M067,The Fault in Our Stars,Romance,4
U0919,M061,Ex Machina,Sci-Fi,3
U0919,M028,La La Land,Romance,5
U0919,M010,Pride and Prejudice,Romance,5
U0919,M022,Midsommar,Horror,5
U0919,M055,Mission Impossible,Action,5
U0919,M063,Casablanca,Romance,4
U0919,M062,Gravity,Sci-Fi,5
U0919,M030,The Wolf of Wall Street,Drama,5
U0919,M011,A Quiet Place,Horror,3
U0919,M078,Schindler's List,Drama,3
U0919,M099,Barbarian,Horror,2
U0919,M024,Knives Out,Thriller,5
U0919,M017,Forrest Gump,Drama,4
U0919,M057,Speed,Action,2
U0920,M078,Schindler's List,Drama,2
U0920,M012,The Hangover,Comedy,5
U0920,M081,Dead Poets Society,Drama,5
U0920,M099,Barbarian,Horror,3
U0920,M049,Harry Potter,Fantasy,3
U0920,M043,Planet Earth,Documentary,2
U0920,M040,WALL-E,Animation,3
U0920,M025,It,Horror,2
U0921,M021,Bridesmaids,Comedy,3
U0921,M016,Hereditary,Horror,4
U0921,M076,Annihilation,Horror,4
U0921,M009,The Grand Budapest Hotel,Comedy,3
U0921,M046,The Act of Killing,Documentary,3
U0921,M004,Interstellar,Sci-Fi,5
U0922,M037,Toy Story,Animation,5
U0922,M062,Gravity,Sci-Fi,5
U0922,M001,The Dark Knight,Action,4
U0922,M092,Iron Man,Action,3
U0922,M007,Titanic,Romance,1
U0922,M018,Superbad,Comedy,4
U0922,M054,Top Gun: Maverick,Action,2
U0922,M072,Nightcrawler,Thriller,5
U0922,M060,Arrival,Sci-Fi,3
U0922,M051,Pan's Labyrinth,Fantasy,4
U0922,M040,WALL-E,Animation,3
U0922,M070,Prisoners,Thriller,4
U0922,M086,Airplane!,Comedy,3
U0922,M098,The Menu,Thriller,2
U0922,M056,Die Hard,Action,1
U0922,M064,When Harry Met Sally,Romance,4
U0922,M052,Princess Mononoke,Fantasy,3
U0922,M039,Up,Animation,4
U0922,M074,Rosemary's Baby,Horror,3
U0923,M061,Ex Machina,Sci-Fi,4
U0923,M026,Mad Max: Fury Road,Action,1
U0923,M005,The Conjuring,Horror,1
U0923,M076,Annihilation,Horror,5
U0923,M095,The Martian,Sci-Fi,3
U0923,M050,The Hobbit,Fantasy,3
U0923,M035,The Big Lebowski,Comedy,5
U0923,M073,The Exorcist,Horror,4
U0923,M055,Mission Impossible,Action,2
U0923,M079,12 Angry Men,Drama,4
U0923,M024,Knives Out,Thriller,3
U0923,M060,Arrival,Sci-Fi,1
U0924,M076,Annihilation,Horror,1
U0924,M060,Arrival,Sci-Fi,3
U0924,M093,Everything Everywhere All at Once,Sci-Fi,5
U0924,M002,Inception,Sci-Fi,3
U0924,M023,The Matrix,Sci-Fi,5
U0924,M048,The Lord of the Rings,Fantasy,5
U0924,M045,13th,Documentary,5
U0924,M015,Crazy Rich Asians,Romance,5
U0924,M021,Bridesmaids,Comedy,3
U0924,M068,The Silence of the Lambs,Thriller,5
U0924,M053,Gladiator,Action,4
U0924,M087,The Mask,Comedy,3
U0924,M027,Gone Girl,Thriller,4
U0924,M055,Mission Impossible,Action,4
U0924,M039,Up,Animation,5
U0924,M031,Whiplash,Drama,3
U0925,M043,Planet Earth,Documentary,5
U0925,M097,Moon,Sci-Fi,5
U0925,M034,Joker,Drama,3
U0925,M038,Finding Nemo,Animation,5
U0925,M096,Annihilation,Sci-Fi,2
U0925,M029,Blade Runner 2049,Sci-Fi,3
U0925,M040,WALL-E,Animation,4
U0925,M091,Thor: Ragnarok,Action,5
U0925,M033,Pitch Perfect,Comedy,4
U0925,M010,Pride and Prejudice,Romance,3
U0925,M079,12 Angry Men,Drama,3
U0925,M016,Hereditary,Horror,5
U0925,M051,Pan's Labyrinth,Fantasy,4
U0925,M073,The Exorcist,Horror,4
U0926,M003,The Notebook,Romance,5
U0926,M068,The Silence of the Lambs,Thriller,5
U0926,M098,The Menu,Thriller,3
U0926,M087,The Mask,Comedy,5
U0926,M085,Step Brothers,Comedy,4
U0926,M090,Doctor Strange,Action,2
U0926,M072,Nightcrawler,Thriller,5
U0926,M022,Midsommar,Horror,5
U0926,M019,Alien,Sci-Fi,5
U0926,M029,Blade Runner 2049,Sci-Fi,5
U0926,M007,Titanic,Romance,3
U0926,M076,Annihilation,Horror,1
U0926,M043,Planet Earth,Documentary,2
U0927,M014,The Shawshank Redemption,Drama,5
U0927,M002,Inception,Sci-Fi,1
U0927,M098,The Menu,Thriller,5
U0927,M074,Rosemary's Baby,Horror,3
U0927,M058,The Terminator,Sci-Fi,3
U0927,M017,Forrest Gump,Drama,5
U0927,M008,Get Out,Horror,3
U0927,M089,Spider-Man: No Way Home,Action,2
U0927,M023,The Matrix,Sci-Fi,3
U0927,M015,Crazy Rich Asians,Romance,4
U0928,M044,Free Solo,Documentary,5
U0928,M061,Ex Machina,Sci-Fi,2
U0928,M075,The Shining,Horror,5
U0928,M017,Forrest Gump,Drama,2
U0928,M100,Nope,Horror,1
U0928,M005,The Conjuring,Horror,2
U0928,M032,The Pursuit of Happyness,Drama,4
U0928,M002,Inception,Sci-Fi,1
U0928,M006,Avengers: Endgame,Action,2
U0928,M039,Up,Animation,3
U0928,M036,Se7en,Thriller,3
U0928,M073,The Exorcist,Horror,4
U0928,M056,Die Hard,Action,3
U0928,M049,Harry Potter,Fantasy,4
U0928,M009,The Grand Budapest Hotel,Comedy,3
U0928,M019,Alien,Sci-Fi,5
U0929,M025,It,Horror,3
U0929,M043,Planet Earth,Documentary,5
U0929,M075,The Shining,Horror,3
U0929,M044,Free Solo,Documentary,2
U0929,M081,Dead Poets Society,Drama,4
U0929,M087,The Mask,Comedy,3
U0929,M061,Ex Machina,Sci-Fi,4
U0929,M001,The Dark Knight,Action,4
U0929,M072,Nightcrawler,Thriller,3
U0929,M056,Die Hard,Action,1
U0929,M011,A Quiet Place,Horror,1
U0929,M074,Rosemary's Baby,Horror,2
U0929,M079,12 Angry Men,Drama,5
U0929,M028,La La Land,Romance,5
U0929,M009,The Grand Budapest Hotel,Comedy,3
U0929,M034,Joker,Drama,2
U0929,M091,Thor: Ragnarok,Action,2
U0930,M024,Knives Out,Thriller,2
U0930,M025,It,Horror,1
U0930,M053,Gladiator,Action,3
U0930,M021,Bridesmaids,Comedy,2
U0930,M086,Airplane!,Comedy,4
U0930,M095,The Martian,Sci-Fi,5
U0930,M018,Superbad,Comedy,4
U0930,M005,The Conjuring,Horror,5
U0930,M032,The Pursuit of Happyness,Drama,5
U0930,M040,WALL-E,Animation,5
U0930,M059,2001: A Space Odyssey,Sci-Fi,1
U0930,M038,Finding Nemo,Animation,3
U0930,M034,Joker,Drama,5
U0930,M027,Gone Girl,Thriller,4
U0931,M073,The Exorcist,Horror,4
U0931,M036,Se7en,Thriller,5
U0931,M049,Harry Potter,Fantasy,4
U0931,M097,Moon,Sci-Fi,1
U0931,M075,The Shining,Horror,4
U0931,M007,Titanic,Romance,3
U0931,M020,John Wick,Action,2
U0931,M084,Anchorman,Comedy,1
U0931,M012,The Hangover,Comedy,3
U0932,M041,Spirited Away,Animation,5
U0932,M008,Get Out,Horror,4
U0932,M020,John Wick,Action,3
U0932,M030,The Wolf of Wall Street,Drama,3
U0932,M069,No Country for Old Men,Thriller,5
U0932,M047,Jiro Dreams of Sushi,Documentary,3
U0932,M007,Titanic,Romance,2
U0932,M021,Bridesmaids,Comedy,2
U0932,M072,Nightcrawler,Thriller,3
U0932,M079,12 Angry Men,Drama,3
U0932,M036,Se7en,Thriller,5
U0933,M080,Good Will Hunting,Drama,3
U0933,M030,The Wolf of Wall Street,Drama,3
U0933,M002,Inception,Sci-Fi,1
U0933,M018,Superbad,Comedy,2
U0933,M003,The Notebook,Romance,1
U0933,M043,Planet Earth,Documentary,2
U0933,M052,Princess Mononoke,Fantasy,3
U0933,M074,Rosemary's Baby,Horror,3
U0933,M014,The Shawshank Redemption,Drama,5
U0934,M057,Speed,Action,1
U0934,M009,The Grand Budapest Hotel,Comedy,2
U0934,M094,Dune,Sci-Fi,3
U0934,M089,Spider-Man: No Way Home,Action,3
U0934,M016,Hereditary,Horror,2
U0934,M086,Airplane!,Comedy,1
U0934,M055,Mission Impossible,Action,1
U0934,M059,2001: A Space Odyssey,Sci-Fi,2
U0934,M047,Jiro Dreams of Sushi,Documentary,2
U0934,M002,Inception,Sci-Fi,5
U0934,M019,Alien,Sci-Fi,5
U0934,M100,Nope,Horror,3
U0934,M062,Gravity,Sci-Fi,4
U0934,M079,12 Angry Men,Drama,3
U0934,M045,13th,Documentary,2
U0934,M097,Moon,Sci-Fi,1
U0934,M041,Spirited Away,Animation,4
U0934,M032,The Pursuit of Happyness,Drama,4
U0934,M096,Annihilation,Sci-Fi,2
U0935,M017,Forrest Gump,Drama,2
U0935,M070,Prisoners,Thriller,2
U0935,M038,Finding Nemo,Animation,5
U0935,M059,2001: A Space Odyssey,Sci-Fi,2
U0935,M009,The Grand Budapest Hotel,Comedy,2
U0935,M075,The Shining,Horror,2
U0936,M007,Titanic,Romance,4
U0936,M048,The Lord of the Rings,Fantasy,4
U0936,M008,Get Out,Horror,3
U0936,M057,Speed,Action,4
U0936,M093,Everything Everywhere All at Once,Sci-Fi,1
U0936,M053,Gladiator,Action,5
U0936,M034,Joker,Drama,5
U0936,M085,Step Brothers,Comedy,2
U0936,M070,Prisoners,Thriller,4
U0936,M060,Arrival,Sci-Fi,1
U0936,M094,Dune,Sci-Fi,4
U0936,M100,Nope,Horror,3
U0936,M014,The Shawshank Redemption,Drama,5
U0936,M061,Ex Machina,Sci-Fi,2
U0937,M020,John Wick,Action,3
U0937,M087,The Mask,Comedy,5
U0937,M061,Ex Machina,Sci-Fi,2
U0937,M081,Dead Poets Society,Drama,3
U0937,M019,Alien,Sci-Fi,4
U0937,M044,Free Solo,Documentary,2
U0937,M065,Eternal Sunshine,Romance,2
U0937,M009,The Grand Budapest Hotel,Comedy,4
U0937,M024,Knives Out,Thriller,5
U0937,M041,Spirited Away,Animation,3
U0937,M077,Us,Horror,2
U0937,M006,Avengers: Endgame,Action,1
U0937,M075,The Shining,Horror,2
U0937,M089,Spider-Man: No Way Home,Action,1
U0937,M050,The Hobbit,Fantasy,2
U0937,M051,Pan's Labyrinth,Fantasy,2
U0937,M098,The Menu,Thriller,2
U0937,M069,No Country for Old Men,Thriller,5
U0937,M037,Toy Story,Animation,5
U0938,M031,Whiplash,Drama,5
U0938,M090,Doctor Strange,Action,1
U0938,M045,13th,Documentary,1
U0938,M089,Spider-Man: No Way Home,Action,4
U0938,M071,Zodiac,Thriller,2
U0938,M054,Top Gun: Maverick,Action,4
U0939,M089,Spider-Man: No Way Home,Action,1
U0939,M005,The Conjuring,Horror,4
U0939,M081,Dead Poets Society,Drama,2
U0939,M029,Blade Runner 2049,Sci-Fi,2
U0939,M077,Us,Horror,2
U0939,M020,John Wick,Action,2
U0939,M046,The Act of Killing,Documentary,4
U0939,M014,The Shawshank Redemption,Drama,5
U0939,M076,Annihilation,Horror,3
U0939,M080,Good Will Hunting,Drama,3
U0939,M033,Pitch Perfect,Comedy,2
U0939,M023,The Matrix,Sci-Fi,5
U0939,M041,Spirited Away,Animation,5
U0939,M095,The Martian,Sci-Fi,2
U0940,M003,The Notebook,Romance,3
U0940,M047,Jiro Dreams of Sushi,Documentary,5
U0940,M038,Finding Nemo,Animation,5
U0940,M020,John Wick,Action,2
U0940,M019,Alien,Sci-Fi,2
U0940,M015,Crazy Rich Asians,Romance,1
U0940,M049,Harry Potter,Fantasy,5
U0940,M023,The Matrix,Sci-Fi,2
U0940,M087,The Mask,Comedy,2
U0940,M042,Coco,Animation,4
U0941,M039,Up,Animation,3
U0941,M057,Speed,Action,2
U0941,M003,The Notebook,Romance,1
U0941,M040,WALL-E,Animation,4
U0941,M065,Eternal Sunshine,Romance,5
U0941,M067,The Fault in Our Stars,Romance,4
U0941,M064,When Harry Met Sally,Romance,5
U0941,M066,Before Sunrise,Romance,3
U0941,M077,Us,Horror,1
U0941,M075,The Shining,Horror,5
U0941,M043,Planet Earth,Documentary,3
U0941,M002,Inception,Sci-Fi,2
U0941,M035,The Big Lebowski,Comedy,4
U0941,M060,Arrival,Sci-Fi,4
U0942,M080,Good Will Hunting,Drama,3
U0942,M090,Doctor Strange,Action,3
U0942,M024,Knives Out,Thriller,3
U0942,M051,Pan's Labyrinth,Fantasy,4
U0942,M055,Mission Impossible,Action,4
U0942,M082,A Beautiful Mind,Drama,5
U0942,M085,Step Brothers,Comedy,3
U0942,M027,Gone Girl,Thriller,3
U0942,M021,Bridesmaids,Comedy,2
U0942,M077,Us,Horror,3
U0942,M095,The Martian,Sci-Fi,5
U0942,M041,Spirited Away,Animation,4
U0942,M054,Top Gun: Maverick,Action,1
U0943,M011,A Quiet Place,Horror,3
U0943,M052,Princess Mononoke,Fantasy,4
U0943,M045,13th,Documentary,2
U0943,M070,Prisoners,Thriller,2
U0943,M019,Alien,Sci-Fi,2
U0943,M078,Schindler's List,Drama,5
U0943,M018,Superbad,Comedy,3
U0943,M004,Interstellar,Sci-Fi,3
U0943,M084,Anchorman,Comedy,5
U0943,M048,The Lord of the Rings,Fantasy,4
U0943,M074,Rosemary's Baby,Horror,2
U0943,M093,Everything Everywhere All at Once,Sci-Fi,4
U0943,M021,Bridesmaids,Comedy,2
U0943,M020,John Wick,Action,4
U0943,M076,Annihilation,Horror,2
U0943,M037,Toy Story,Animation,5
U0943,M015,Crazy Rich Asians,Romance,2
U0943,M010,Pride and Prejudice,Romance,5
U0944,M086,Airplane!,Comedy,5
U0944,M098,The Menu,Thriller,4
U0944,M024,Knives Out,Thriller,2
U0944,M006,Avengers: Endgame,Action,2
U0944,M056,Die Hard,Action,2
U0944,M049,Harry Potter,Fantasy,2
U0944,M010,Pride and Prejudice,Romance,2
U0944,M043,Planet Earth,Documentary,5
U0944,M085,Step Brothers,Comedy,1
U0944,M034,Joker,Drama,2
U0944,M080,Good Will Hunting,Drama,4
U0944,M066,Before Sunrise,Romance,5
U0944,M004,Interstellar,Sci-Fi,5
U0944,M083,Monty Python,Comedy,2
U0945,M009,The Grand Budapest Hotel,Comedy,5
U0945,M083,Monty Python,Comedy,1
U0945,M011,A Quiet Place,Horror,3
U0945,M023,The Matrix,Sci-Fi,5
U0945,M020,John Wick,Action,2
U0945,M013,Parasite,Thriller,5
U0945,M010,Pride and Prejudice,Romance,5
U0945,M048,The Lord of the Rings,Fantasy,4
U0945,M096,Annihilation,Sci-Fi,5
U0945,M038,Finding Nemo,Animation,5
U0946,M039,Up,Animation,3
U0946,M002,Inception,Sci-Fi,1
U0946,M014,The Shawshank Redemption,Drama,5
U0946,M098,The Menu,Thriller,3
U0946,M075,The Shining,Horror,5
U0946,M015,Crazy Rich Asians,Romance,5
U0946,M068,The Silence of the Lambs,Thriller,5
U0946,M042,Coco,Animation,5
U0946,M034,Joker,Drama,5
U0946,M072,Nightcrawler,Thriller,5
U0946,M069,No Country for Old Men,Thriller,3
U0946,M008,Get Out,Horror,3
U0946,M050,The Hobbit,Fantasy,5
U0946,M040,WALL-E,Animation,4
U0946,M097,Moon,Sci-Fi,4
U0946,M018,Superbad,Comedy,4
U0946,M087,The Mask,Comedy,3
U0947,M096,Annihilation,Sci-Fi,1
U0947,M040,WALL-E,Animation,4
U0947,M100,Nope,Horror,2
U0947,M016,Hereditary,Horror,1
U0947,M077,Us,Horror,3
U0947,M056,Die Hard,Action,1
U0947,M093,Everything Everywhere All at Once,Sci-Fi,1
U0947,M017,Forrest Gump,Drama,4
U0947,M028,La La Land,Romance,2
U0947,M038,Finding Nemo,Animation,5
U0947,M085,Step Brothers,Comedy,3
U0947,M024,Knives Out,Thriller,5
U0947,M015,Crazy Rich Asians,Romance,2
U0947,M079,12 Angry Men,Drama,2
U0947,M019,Alien,Sci-Fi,3
U0947,M092,Iron Man,Action,4
U0947,M023,The Matrix,Sci-Fi,5
U0948,M012,The Hangover,Comedy,5
U0948,M061,Ex Machina,Sci-Fi,5
U0948,M079,12 Angry Men,Drama,5
U0948,M058,The Terminator,Sci-Fi,3
U0948,M020,John Wick,Action,5
U0948,M098,The Menu,Thriller,5
U0948,M053,Gladiator,Action,1
U0948,M076,Annihilation,Horror,2
U0949,M015,Crazy Rich Asians,Romance,2
U0949,M095,The Martian,Sci-Fi,1
U0949,M071,Zodiac,Thriller,2
U0949,M003,The Notebook,Romance,1
U0949,M008,Get Out,Horror,3
U0949,M029,Blade Runner 2049,Sci-Fi,2
U0949,M056,Die Hard,Action,2
U0949,M055,Mission Impossible,Action,5
U0949,M053,Gladiator,Action,3
U0949,M089,Spider-Man: No Way Home,Action,2
U0949,M096,Annihilation,Sci-Fi,5
U0950,M025,It,Horror,5
U0950,M013,Parasite,Thriller,3
U0950,M001,The Dark Knight,Action,5
U0950,M042,Coco,Animation,5
U0950,M081,Dead Poets Society,Drama,2
U0950,M006,Avengers: Endgame,Action,1
U0950,M023,The Matrix,Sci-Fi,4
U0950,M035,The Big Lebowski,Comedy,4
U0950,M032,The Pursuit of Happyness,Drama,5
U0950,M068,The Silence of the Lambs,Thriller,5
U0950,M031,Whiplash,Drama,3
U0950,M071,Zodiac,Thriller,5
U0950,M091,Thor: Ragnarok,Action,4
U0950,M046,The Act of Killing,Documentary,2
U0950,M089,Spider-Man: No Way Home,Action,2
U0950,M021,Bridesmaids,Comedy,2
U0950,M054,Top Gun: Maverick,Action,5
U0951,M065,Eternal Sunshine,Romance,1
U0951,M079,12 Angry Men,Drama,5
U0951,M050,The Hobbit,Fantasy,4
U0951,M087,The Mask,Comedy,2
U0951,M027,Gone Girl,Thriller,5
U0951,M028,La La Land,Romance,4
U0951,M062,Gravity,Sci-Fi,1
U0951,M053,Gladiator,Action,2
U0951,M096,Annihilation,Sci-Fi,4
U0951,M011,A Quiet Place,Horror,5
U0951,M044,Free Solo,Documentary,3
U0952,M001,The Dark Knight,Action,2
U0952,M010,Pride and Prejudice,Romance,5
U0952,M025,It,Horror,2
U0952,M020,John Wick,Action,1
U0952,M085,Step Brothers,Comedy,5
U0952,M065,Eternal Sunshine,Romance,5
U0952,M021,Bridesmaids,Comedy,2
U0952,M026,Mad Max: Fury Road,Action,3
U0953,M060,Arrival,Sci-Fi,1
U0953,M095,The Martian,Sci-Fi,4
U0953,M077,Us,Horror,4
U0953,M094,Dune,Sci-Fi,4
U0953,M009,The Grand Budapest Hotel,Comedy,4
U0953,M068,The Silence of the Lambs,Thriller,2
U0953,M062,Gravity,Sci-Fi,1
U0953,M042,Coco,Animation,5
U0953,M091,Thor: Ragnarok,Action,3
U0953,M098,The Menu,Thriller,5
U0954,M001,The Dark Knight,Action,5
U0954,M082,A Beautiful Mind,Drama,3
U0954,M069,No Country for Old Men,Thriller,5
U0954,M067,The Fault in Our Stars,Romance,5
U0954,M013,Parasite,Thriller,5
U0954,M084,Anchorman,Comedy,4
U0954,M035,The Big Lebowski,Comedy,1
U0954,M032,The Pursuit of Happyness,Drama,5
U0954,M099,Barbarian,Horror,5
U0954,M010,Pride and Prejudice,Romance,1
U0955,M076,Annihilation,Horror,2
U0955,M054,Top Gun: Maverick,Action,4
U0955,M075,The Shining,Horror,4
U0955,M069,No Country for Old Men,Thriller,4
U0955,M083,Monty Python,Comedy,4
U0955,M032,The Pursuit of Happyness,Drama,5
U0955,M070,Prisoners,Thriller,5
U0955,M089,Spider-Man: No Way Home,Action,2
U0955,M039,Up,Animation,5
U0955,M045,13th,Documentary,3
U0955,M085,Step Brothers,Comedy,5
U0955,M064,When Harry Met Sally,Romance,1
U0955,M023,The Matrix,Sci-Fi,2
U0955,M095,The Martian,Sci-Fi,3
U0955,M087,The Mask,Comedy,4
U0955,M003,The Notebook,Romance,2
U0956,M079,12 Angry Men,Drama,2
U0956,M065,Eternal Sunshine,Romance,4
U0956,M076,Annihilation,Horror,3
U0956,M073,The Exorcist,Horror,2
U0956,M021,Bridesmaids,Comedy,5
U0956,M044,Free Solo,Documentary,5
U0956,M042,Coco,Animation,3
U0956,M029,Blade Runner 2049,Sci-Fi,4
U0956,M078,Schindler's List,Drama,4
U0956,M035,The Big Lebowski,Comedy,4
U0956,M086,Airplane!,Comedy,2
U0956,M056,Die Hard,Action,5
U0956,M081,Dead Poets Society,Drama,5
U0956,M082,A Beautiful Mind,Drama,5
U0957,M009,The Grand Budapest Hotel,Comedy,4
U0957,M098,The Menu,Thriller,4
U0957,M057,Speed,Action,5
U0957,M074,Rosemary's Baby,Horror,3
U0957,M080,Good Will Hunting,Drama,5
U0957,M051,Pan's Labyrinth,Fantasy,5
U0957,M063,Casablanca,Romance,3
U0957,M003,The Notebook,Romance,4
U0957,M072,Nightcrawler,Thriller,4
U0957,M001,The Dark Knight,Action,1
U0957,M071,Zodiac,Thriller,5
U0957,M077,Us,Horror,2
U0957,M059,2001: A Space Odyssey,Sci-Fi,5
U0957,M040,WALL-E,Animation,5
U0958,M015,Crazy Rich Asians,Romance,5
U0958,M053,Gladiator,Action,1
U0958,M060,Arrival,Sci-Fi,4
U0958,M032,The Pursuit of Happyness,Drama,4
U0958,M037,Toy Story,Animation,5
U0958,M059,2001: A Space Odyssey,Sci-Fi,5
U0958,M067,The Fault in Our Stars,Romance,1
U0958,M081,Dead Poets Society,Drama,4
U0958,M044,Free Solo,Documentary,3
U0958,M027,Gone Girl,Thriller,4
U0958,M052,Princess Mononoke,Fantasy,2
U0958,M094,Dune,Sci-Fi,5
U0958,M075,The Shining,Horror,2
U0958,M069,No Country for Old Men,Thriller,5
U0959,M002,Inception,Sci-Fi,2
U0959,M042,Coco,Animation,4
U0959,M022,Midsommar,Horror,5
U0959,M016,Hereditary,Horror,3
U0959,M005,The Conjuring,Horror,3
U0959,M021,Bridesmaids,Comedy,5
U0959,M052,Princess Mononoke,Fantasy,2
U0959,M018,Superbad,Comedy,2
U0959,M059,2001: A Space Odyssey,Sci-Fi,1
U0959,M006,Avengers: Endgame,Action,5
U0959,M051,Pan's Labyrinth,Fantasy,5
U0959,M038,Finding Nemo,Animation,5
U0959,M071,Zodiac,Thriller,5
U0959,M078,Schindler's List,Drama,3
U0959,M008,Get Out,Horror,1
U0959,M003,The Notebook,Romance,3
U0959,M070,Prisoners,Thriller,5
U0960,M086,Airplane!,Comedy,2
U0960,M070,Prisoners,Thriller,5
U0960,M071,Zodiac,Thriller,4
U0960,M031,Whiplash,Drama,2
U0960,M080,Good Will Hunting,Drama,2
U0960,M077,Us,Horror,1
U0960,M095,The Martian,Sci-Fi,2
U0960,M061,Ex Machina,Sci-Fi,1
U0960,M034,Joker,Drama,4
U0960,M096,Annihilation,Sci-Fi,4
U0960,M014,The Shawshank Redemption,Drama,5
U0960,M045,13th,Documentary,1
U0960,M054,Top Gun: Maverick,Action,5
U0960,M002,Inception,Sci-Fi,5
U0961,M083,Monty Python,Comedy,4
U0961,M027,Gone Girl,Thriller,5
U0961,M003,The Notebook,Romance,1
U0961,M046,The Act of Killing,Documentary,5
U0961,M050,The Hobbit,Fantasy,4
U0961,M038,Finding Nemo,Animation,3
U0961,M013,Parasite,Thriller,2
U0961,M072,Nightcrawler,Thriller,5
U0961,M034,Joker,Drama,5
U0961,M099,Barbarian,Horror,2
U0961,M073,The Exorcist,Horror,4
U0961,M025,It,Horror,1
U0961,M057,Speed,Action,1
U0961,M070,Prisoners,Thriller,2
U0961,M086,Airplane!,Comedy,2
U0961,M056,Die Hard,Action,4
U0962,M089,Spider-Man: No Way Home,Action,4
U0962,M016,Hereditary,Horror,5
U0962,M007,Titanic,Romance,4
U0962,M030,The Wolf of Wall Street,Drama,4
U0962,M035,The Big Lebowski,Comedy,2
U0962,M038,Finding Nemo,Animation,4
U0962,M039,Up,Animation,3
U0962,M033,Pitch Perfect,Comedy,4
U0962,M017,Forrest Gump,Drama,3
U0962,M077,Us,Horror,2
U0962,M006,Avengers: Endgame,Action,1
U0962,M051,Pan's Labyrinth,Fantasy,4
U0962,M062,Gravity,Sci-Fi,3
U0962,M036,Se7en,Thriller,5
U0962,M086,Airplane!,Comedy,5
U0962,M044,Free Solo,Documentary,4
U0963,M018,Superbad,Comedy,3
U0963,M041,Spirited Away,Animation,5
U0963,M055,Mission Impossible,Action,4
U0963,M099,Barbarian,Horror,3
U0963,M023,The Matrix,Sci-Fi,5
U0963,M024,Knives Out,Thriller,4
U0963,M016,Hereditary,Horror,3
U0963,M078,Schindler's List,Drama,4
U0963,M002,Inception,Sci-Fi,5
U0963,M043,Planet Earth,Documentary,2
U0963,M031,Whiplash,Drama,5
U0963,M028,La La Land,Romance,4
U0963,M082,A Beautiful Mind,Drama,4
U0963,M083,Monty Python,Comedy,2
U0963,M085,Step Brothers,Comedy,1
U0963,M038,Finding Nemo,Animation,4
U0963,M057,Speed,Action,5
U0963,M004,Interstellar,Sci-Fi,2
U0963,M034,Joker,Drama,4
U0963,M064,When Harry Met Sally,Romance,1
U0964,M011,A Quiet Place,Horror,1
U0964,M018,Superbad,Comedy,4
U0964,M037,Toy Story,Animation,4
U0964,M043,Planet Earth,Documentary,2
U0964,M094,Dune,Sci-Fi,4
U0964,M045,13th,Documentary,4
U0964,M028,La La Land,Romance,2
U0964,M014,The Shawshank Redemption,Drama,5
U0964,M022,Midsommar,Horror,3
U0964,M090,Doctor Strange,Action,5
U0964,M077,Us,Horror,5
U0964,M008,Get Out,Horror,2
U0964,M001,The Dark Knight,Action,5
U0964,M095,The Martian,Sci-Fi,3
U0964,M032,The Pursuit of Happyness,Drama,5
U0964,M051,Pan's Labyrinth,Fantasy,4
U0964,M017,Forrest Gump,Drama,4
U0964,M085,Step Brothers,Comedy,5
U0964,M024,Knives Out,Thriller,4
U0964,M012,The Hangover,Comedy,2
U0965,M075,The Shining,Horror,4
U0965,M086,Airplane!,Comedy,1
U0965,M040,WALL-E,Animation,5
U0965,M022,Midsommar,Horror,3
U0965,M088,Black Panther,Action,4
U0965,M045,13th,Documentary,3
U0965,M018,Superbad,Comedy,5
U0965,M092,Iron Man,Action,1
U0965,M041,Spirited Away,Animation,5
U0965,M013,Parasite,Thriller,2
U0966,M044,Free Solo,Documentary,5
U0966,M007,Titanic,Romance,1
U0966,M068,The Silence of the Lambs,Thriller,4
U0966,M082,A Beautiful Mind,Drama,5
U0966,M047,Jiro Dreams of Sushi,Documentary,4
U0966,M040,WALL-E,Animation,4
U0967,M061,Ex Machina,Sci-Fi,3
U0967,M030,The Wolf of Wall Street,Drama,2
U0967,M098,The Menu,Thriller,5
U0967,M047,Jiro Dreams of Sushi,Documentary,1
U0967,M082,A Beautiful Mind,Drama,4
U0967,M028,La La Land,Romance,5
U0967,M046,The Act of Killing,Documentary,3
U0967,M099,Barbarian,Horror,5
U0967,M019,Alien,Sci-Fi,4
U0967,M039,Up,Animation,4
U0967,M057,Speed,Action,3
U0967,M068,The Silence of the Lambs,Thriller,4
U0967,M094,Dune,Sci-Fi,5
U0968,M005,The Conjuring,Horror,2
U0968,M043,Planet Earth,Documentary,4
U0968,M030,The Wolf of Wall Street,Drama,2
U0968,M063,Casablanca,Romance,1
U0968,M066,Before Sunrise,Romance,2
U0968,M069,No Country for Old Men,Thriller,3
U0968,M004,Interstellar,Sci-Fi,5
U0968,M029,Blade Runner 2049,Sci-Fi,5
U0968,M025,It,Horror,2
U0968,M016,Hereditary,Horror,4
U0968,M068,The Silence of the Lambs,Thriller,2
U0969,M065,Eternal Sunshine,Romance,4
U0969,M069,No Country for Old Men,Thriller,4
U0969,M023,The Matrix,Sci-Fi,2
U0969,M072,Nightcrawler,Thriller,4
U0969,M009,The Grand Budapest Hotel,Comedy,2
U0969,M046,The Act of Killing,Documentary,4
U0969,M062,Gravity,Sci-Fi,5
U0969,M070,Prisoners,Thriller,2
U0969,M061,Ex Machina,Sci-Fi,1
U0969,M026,Mad Max: Fury Road,Action,5
U0969,M002,Inception,Sci-Fi,5
U0969,M037,Toy Story,Animation,3
U0969,M056,Die Hard,Action,3
U0969,M024,Knives Out,Thriller,5
U0969,M041,Spirited Away,Animation,5
U0969,M088,Black Panther,Action,2
U0969,M016,Hereditary,Horror,3
U0969,M057,Speed,Action,3
U0969,M089,Spider-Man: No Way Home,Action,4
U0969,M040,WALL-E,Animation,5
U0970,M095,The Martian,Sci-Fi,4
U0970,M062,Gravity,Sci-Fi,5
U0970,M057,Speed,Action,1
U0970,M096,Annihilation,Sci-Fi,3
U0970,M049,Harry Potter,Fantasy,3
U0970,M021,Bridesmaids,Comedy,2
U0970,M076,Annihilation,Horror,4
U0971,M076,Annihilation,Horror,1
U0971,M078,Schindler's List,Drama,5
U0971,M074,Rosemary's Baby,Horror,5
U0971,M033,Pitch Perfect,Comedy,5
U0971,M049,Harry Potter,Fantasy,5
U0971,M081,Dead Poets Society,Drama,2
U0971,M056,Die Hard,Action,1
U0971,M034,Joker,Drama,2
U0971,M044,Free Solo,Documentary,1
U0972,M062,Gravity,Sci-Fi,5
U0972,M030,The Wolf of Wall Street,Drama,4
U0972,M074,Rosemary's Baby,Horror,3
U0972,M003,The Notebook,Romance,2
U0972,M069,No Country for Old Men,Thriller,4
U0972,M088,Black Panther,Action,4
U0972,M091,Thor: Ragnarok,Action,3
U0972,M044,Free Solo,Documentary,5
U0972,M021,Bridesmaids,Comedy,5
U0972,M013,Parasite,Thriller,4
U0972,M011,A Quiet Place,Horror,5
U0972,M070,Prisoners,Thriller,5
U0972,M077,Us,Horror,4
U0972,M053,Gladiator,Action,5
U0972,M085,Step Brothers,Comedy,3
U0973,M022,Midsommar,Horror,1
U0973,M072,Nightcrawler,Thriller,5
U0973,M048,The Lord of the Rings,Fantasy,5
U0973,M100,Nope,Horror,4
U0973,M063,Casablanca,Romance,5
U0973,M043,Planet Earth,Documentary,5
U0973,M082,A Beautiful Mind,Drama,2
U0973,M091,Thor: Ragnarok,Action,2
U0973,M074,Rosemary's Baby,Horror,3
U0973,M045,13th,Documentary,5
U0973,M097,Moon,Sci-Fi,5
U0973,M067,The Fault in Our Stars,Romance,2
U0973,M017,Forrest Gump,Drama,5
U0973,M095,The Martian,Sci-Fi,4
U0973,M015,Crazy Rich Asians,Romance,1
U0973,M076,Annihilation,Horror,4
U0973,M007,Titanic,Romance,1
U0973,M023,The Matrix,Sci-Fi,3
U0973,M019,Alien,Sci-Fi,5
U0974,M034,Joker,Drama,3
U0974,M043,Planet Earth,Documentary,1
U0974,M013,Parasite,Thriller,3
U0974,M035,The Big Lebowski,Comedy,5
U0974,M027,Gone Girl,Thriller,5
U0974,M055,Mission Impossible,Action,3
U0974,M064,When Harry Met Sally,Romance,4
U0974,M098,The Menu,Thriller,5
U0974,M021,Bridesmaids,Comedy,1
U0974,M067,The Fault in Our Stars,Romance,1
U0974,M051,Pan's Labyrinth,Fantasy,5
U0974,M014,The Shawshank Redemption,Drama,3
U0974,M011,A Quiet Place,Horror,5
U0974,M024,Knives Out,Thriller,5
U0975,M036,Se7en,Thriller,5
U0975,M044,Free Solo,Documentary,2
U0975,M074,Rosemary's Baby,Horror,1
U0975,M002,Inception,Sci-Fi,4
U0975,M003,The Notebook,Romance,4
U0975,M095,The Martian,Sci-Fi,5
U0975,M080,Good Will Hunting,Drama,2
U0976,M041,Spirited Away,Animation,5
U0976,M019,Alien,Sci-Fi,1
U0976,M072,Nightcrawler,Thriller,4
U0976,M055,Mission Impossible,Action,2
U0976,M075,The Shining,Horror,2
U0976,M027,Gone Girl,Thriller,5
U0976,M029,Blade Runner 2049,Sci-Fi,1
U0976,M048,The Lord of the Rings,Fantasy,2
U0976,M012,The Hangover,Comedy,1
U0976,M081,Dead Poets Society,Drama,5
U0976,M085,Step Brothers,Comedy,2
U0976,M096,Annihilation,Sci-Fi,5
U0976,M065,Eternal Sunshine,Romance,1
U0976,M069,No Country for Old Men,Thriller,2
U0976,M097,Moon,Sci-Fi,2
U0976,M003,The Notebook,Romance,5
U0977,M074,Rosemary's Baby,Horror,4
U0977,M061,Ex Machina,Sci-Fi,1
U0977,M040,WALL-E,Animation,5
U0977,M018,Superbad,Comedy,1
U0977,M083,Monty Python,Comedy,5
U0977,M041,Spirited Away,Animation,4
U0977,M045,13th,Documentary,5
U0977,M016,Hereditary,Horror,1
U0977,M032,The Pursuit of Happyness,Drama,5
U0978,M006,Avengers: Endgame,Action,4
U0978,M037,Toy Story,Animation,4
U0978,M042,Coco,Animation,5
U0978,M008,Get Out,Horror,1
U0978,M018,Superbad,Comedy,3
U0978,M039,Up,Animation,5
U0978,M028,La La Land,Romance,4
U0978,M092,Iron Man,Action,2
U0979,M097,Moon,Sci-Fi,1
U0979,M052,Princess Mononoke,Fantasy,2
U0979,M018,Superbad,Comedy,3
U0979,M057,Speed,Action,5
U0979,M011,A Quiet Place,Horror,3
U0979,M028,La La Land,Romance,4
U0979,M089,Spider-Man: No Way Home,Action,1
U0979,M045,13th,Documentary,3
U0979,M066,Before Sunrise,Romance,3
U0979,M093,Everything Everywhere All at Once,Sci-Fi,4
U0979,M077,Us,Horror,2
U0979,M073,The Exorcist,Horror,1
U0979,M032,The Pursuit of Happyness,Drama,4
U0979,M027,Gone Girl,Thriller,5
U0979,M046,The Act of Killing,Documentary,4
U0979,M031,Whiplash,Drama,3
U0979,M080,Good Will Hunting,Drama,5
U0980,M073,The Exorcist,Horror,1
U0980,M024,Knives Out,Thriller,3
U0980,M046,The Act of Killing,Documentary,5
U0980,M045,13th,Documentary,5
U0980,M015,Crazy Rich Asians,Romance,4
U0980,M013,Parasite,Thriller,5
U0980,M049,Harry Potter,Fantasy,4
U0980,M038,Finding Nemo,Animation,3
U0980,M032,The Pursuit of Happyness,Drama,4
U0980,M051,Pan's Labyrinth,Fantasy,3
U0980,M087,The Mask,Comedy,3
U0980,M079,12 Angry Men,Drama,3
U0980,M006,Avengers: Endgame,Action,5
U0980,M085,Step Brothers,Comedy,1
U0980,M018,Superbad,Comedy,4
U0980,M066,Before Sunrise,Romance,3
U0980,M031,Whiplash,Drama,4
U0980,M061,Ex Machina,Sci-Fi,1
U0980,M063,Casablanca,Romance,4
U0980,M059,2001: A Space Odyssey,Sci-Fi,1
U0981,M014,The Shawshank Redemption,Drama,3
U0981,M080,Good Will Hunting,Drama,4
U0981,M090,Doctor Strange,Action,5
U0981,M060,Arrival,Sci-Fi,3
U0981,M042,Coco,Animation,5
U0981,M082,A Beautiful Mind,Drama,4
U0982,M048,The Lord of the Rings,Fantasy,5
U0982,M016,Hereditary,Horror,1
U0982,M005,The Conjuring,Horror,2
U0982,M025,It,Horror,4
U0982,M086,Airplane!,Comedy,2
U0982,M072,Nightcrawler,Thriller,2
U0983,M019,Alien,Sci-Fi,1
U0983,M063,Casablanca,Romance,5
U0983,M054,Top Gun: Maverick,Action,5
U0983,M027,Gone Girl,Thriller,3
U0983,M055,Mission Impossible,Action,5
U0983,M018,Superbad,Comedy,3
U0983,M066,Before Sunrise,Romance,2
U0983,M014,The Shawshank Redemption,Drama,2
U0983,M034,Joker,Drama,5
U0983,M082,A Beautiful Mind,Drama,5
U0983,M087,The Mask,Comedy,5
U0983,M035,The Big Lebowski,Comedy,1
U0983,M059,2001: A Space Odyssey,Sci-Fi,4
U0984,M052,Princess Mononoke,Fantasy,2
U0984,M034,Joker,Drama,3
U0984,M089,Spider-Man: No Way Home,Action,3
U0984,M097,Moon,Sci-Fi,5
U0984,M085,Step Brothers,Comedy,4
U0984,M078,Schindler's List,Drama,3
U0984,M081,Dead Poets Society,Drama,5
U0984,M001,The Dark Knight,Action,1
U0984,M073,The Exorcist,Horror,4
U0984,M023,The Matrix,Sci-Fi,3
U0984,M065,Eternal Sunshine,Romance,2
U0984,M069,No Country for Old Men,Thriller,2
U0984,M098,The Menu,Thriller,5
U0984,M036,Se7en,Thriller,5
U0984,M079,12 Angry Men,Drama,5
U0984,M066,Before Sunrise,Romance,1
U0984,M059,2001: A Space Odyssey,Sci-Fi,1
U0984,M035,The Big Lebowski,Comedy,4
U0984,M041,Spirited Away,Animation,4
U0984,M045,13th,Documentary,1
U0985,M040,WALL-E,Animation,4
U0985,M027,Gone Girl,Thriller,5
U0985,M076,Annihilation,Horror,2
U0985,M065,Eternal Sunshine,Romance,2
U0985,M098,The Menu,Thriller,3
U0985,M067,The Fault in Our Stars,Romance,4
U0985,M009,The Grand Budapest Hotel,Comedy,3
U0985,M064,When Harry Met Sally,Romance,4
U0985,M071,Zodiac,Thriller,5
U0985,M061,Ex Machina,Sci-Fi,1
U0985,M057,Speed,Action,3
U0986,M030,The Wolf of Wall Street,Drama,5
U0986,M092,Iron Man,Action,4
U0986,M002,Inception,Sci-Fi,1
U0986,M078,Schindler's List,Drama,3
U0986,M080,Good Will Hunting,Drama,5
U0986,M015,Crazy Rich Asians,Romance,2
U0986,M045,13th,Documentary,4
U0986,M025,It,Horror,2
U0987,M034,Joker,Drama,4
U0987,M022,Midsommar,Horror,1
U0987,M006,Avengers: Endgame,Action,1
U0987,M009,The Grand Budapest Hotel,Comedy,1
U0987,M084,Anchorman,Comedy,4
U0987,M030,The Wolf of Wall Street,Drama,5
U0987,M011,A Quiet Place,Horror,3
U0987,M079,12 Angry Men,Drama,2
U0987,M005,The Conjuring,Horror,5
U0987,M093,Everything Everywhere All at Once,Sci-Fi,2
U0987,M046,The Act of Killing,Documentary,2
U0987,M058,The Terminator,Sci-Fi,3
U0987,M060,Arrival,Sci-Fi,3
U0987,M018,Superbad,Comedy,2
U0987,M001,The Dark Knight,Action,5
U0987,M035,The Big Lebowski,Comedy,1
U0988,M080,Good Will Hunting,Drama,3
U0988,M062,Gravity,Sci-Fi,2
U0988,M092,Iron Man,Action,3
U0988,M079,12 Angry Men,Drama,5
U0988,M040,WALL-E,Animation,5
U0988,M013,Parasite,Thriller,2
U0989,M020,John Wick,Action,2
U0989,M096,Annihilation,Sci-Fi,2
U0989,M050,The Hobbit,Fantasy,4
U0989,M033,Pitch Perfect,Comedy,1
U0989,M074,Rosemary's Baby,Horror,1
U0989,M053,Gladiator,Action,5
U0989,M027,Gone Girl,Thriller,5
U0989,M024,Knives Out,Thriller,2
U0989,M023,The Matrix,Sci-Fi,1
U0989,M048,The Lord of the Rings,Fantasy,3
U0989,M011,A Quiet Place,Horror,3
U0989,M064,When Harry Met Sally,Romance,4
U0989,M039,Up,Animation,5
U0989,M019,Alien,Sci-Fi,4
U0989,M038,Finding Nemo,Animation,3
U0989,M002,Inception,Sci-Fi,4
U0989,M034,Joker,Drama,3
U0989,M089,Spider-Man: No Way Home,Action,1
U0989,M083,Monty Python,Comedy,4
U0989,M087,The Mask,Comedy,1
U0990,M070,Prisoners,Thriller,2
U0990,M052,Princess Mononoke,Fantasy,2
U0990,M058,The Terminator,Sci-Fi,5
U0990,M089,Spider-Man: No Way Home,Action,3
U0990,M084,Anchorman,Comedy,2
U0990,M022,Midsommar,Horror,4
U0990,M008,Get Out,Horror,4
U0990,M020,John Wick,Action,2
U0990,M100,Nope,Horror,1
U0991,M026,Mad Max: Fury Road,Action,3
U0991,M053,Gladiator,Action,5
U0991,M070,Prisoners,Thriller,2
U0991,M075,The Shining,Horror,1
U0991,M004,Interstellar,Sci-Fi,4
U0991,M002,Inception,Sci-Fi,2
U0991,M044,Free Solo,Documentary,5
U0991,M060,Arrival,Sci-Fi,4
U0991,M061,Ex Machina,Sci-Fi,1
U0991,M078,Schindler's List,Drama,3
U0991,M041,Spirited Away,Animation,3
U0991,M008,Get Out,Horror,4
U0991,M013,Parasite,Thriller,3
U0991,M064,When Harry Met Sally,Romance,2
U0991,M032,The Pursuit of Happyness,Drama,2
U0991,M018,Superbad,Comedy,1
U0992,M070,Prisoners,Thriller,3
U0992,M049,Harry Potter,Fantasy,3
U0992,M073,The Exorcist,Horror,1
U0992,M006,Avengers: Endgame,Action,1
U0992,M096,Annihilation,Sci-Fi,3
U0992,M066,Before Sunrise,Romance,3
U0992,M061,Ex Machina,Sci-Fi,3
U0992,M010,Pride and Prejudice,Romance,4
U0992,M084,Anchorman,Comedy,1
U0992,M050,The Hobbit,Fantasy,4
U0992,M064,When Harry Met Sally,Romance,1
U0993,M071,Zodiac,Thriller,3
U0993,M009,The Grand Budapest Hotel,Comedy,2
U0993,M061,Ex Machina,Sci-Fi,3
U0993,M001,The Dark Knight,Action,3
U0993,M059,2001: A Space Odyssey,Sci-Fi,2
U0993,M033,Pitch Perfect,Comedy,2
U0993,M040,WALL-E,Animation,4
U0993,M032,The Pursuit of Happyness,Drama,3
U0993,M053,Gladiator,Action,1
U0993,M007,Titanic,Romance,4
U0994,M019,Alien,Sci-Fi,3
U0994,M044,Free Solo,Documentary,1
U0994,M024,Knives Out,Thriller,3
U0994,M028,La La Land,Romance,1
U0994,M076,Annihilation,Horror,5
U0995,M040,WALL-E,Animation,4
U0995,M095,The Martian,Sci-Fi,3
U0995,M058,The Terminator,Sci-Fi,1
U0995,M061,Ex Machina,Sci-Fi,2
U0995,M024,Knives Out,Thriller,3
U0995,M049,Harry Potter,Fantasy,4
U0995,M079,12 Angry Men,Drama,5
U0995,M003,The Notebook,Romance,1
U0995,M027,Gone Girl,Thriller,5
U0995,M087,The Mask,Comedy,5
U0995,M054,Top Gun: Maverick,Action,3
U0995,M083,Monty Python,Comedy,5
U0995,M081,Dead Poets Society,Drama,2
U0996,M035,The Big Lebowski,Comedy,2
U0996,M045,13th,Documentary,1
U0996,M089,Spider-Man: No Way Home,Action,1
U0996,M046,The Act of Killing,Documentary,5
U0996,M075,The Shining,Horror,1
U0996,M070,Prisoners,Thriller,4
U0996,M015,Crazy Rich Asians,Romance,5
U0996,M049,Harry Potter,Fantasy,5
U0996,M005,The Conjuring,Horror,1
U0997,M056,Die Hard,Action,3
U0997,M070,Prisoners,Thriller,5
U0997,M052,Princess Mononoke,Fantasy,5
U0997,M097,Moon,Sci-Fi,4
U0997,M090,Doctor Strange,Action,5
U0997,M037,Toy Story,Animation,5
U0997,M094,Dune,Sci-Fi,2
U0997,M078,Schindler's List,Drama,3
U0997,M069,No Country for Old Men,Thriller,5
U0997,M053,Gladiator,Action,4
U0998,M002,Inception,Sci-Fi,3
U0998,M065,Eternal Sunshine,Romance,1
U0998,M068,The Silence of the Lambs,Thriller,5
U0998,M035,The Big Lebowski,Comedy,2
U0998,M040,WALL-E,Animation,5
U0998,M059,2001: A Space Odyssey,Sci-Fi,5
U0999,M073,The Exorcist,Horror,5
U0999,M015,Crazy Rich Asians,Romance,2
U0999,M074,Rosemary's Baby,Horror,1
U0999,M005,The Conjuring,Horror,4
U0999,M063,Casablanca,Romance,3
U0999,M038,Finding Nemo,Animation,3
U0999,M080,Good Will Hunting,Drama,2
U1000,M074,Rosemary's Baby,Horror,5
U1000,M095,The Martian,Sci-Fi,4
U1000,M093,Everything Everywhere All at Once,Sci-Fi,3
U1000,M098,The Menu,Thriller,5
U1000,M068,The Silence of the Lambs,Thriller,2
U1000,M099,Barbarian,Horror,5
U1000,M026,Mad Max: Fury Road,Action,2
U1000,M051,Pan's Labyrinth,Fantasy,2
U1000,M078,Schindler's List,Drama,3
U1000,M094,Dune,Sci-Fi,5
U1000,M081,Dead Poets Society,Drama,5
U1000,M017,Forrest Gump,Drama,5
U1000,M042,Coco,Animation,4
U1000,M030,The Wolf of Wall Street,Drama,4
U1000,M036,Se7en,Thriller,5
U1000,M070,Prisoners,Thriller,3
U1000,M035,The Big Lebowski,Comedy,2
U1001,M022,Midsommar,Horror,4
U1001,M009,The Grand Budapest Hotel,Comedy,2
U1001,M026,Mad Max: Fury Road,Action,1
U1001,M096,Annihilation,Sci-Fi,3
U1001,M094,Dune,Sci-Fi,3
U1002,M027,Gone Girl,Thriller,2
U1002,M098,The Menu,Thriller,2
U1002,M028,La La Land,Romance,5
U1002,M001,The Dark Knight,Action,5
U1002,M008,Get Out,Horror,4
U1003,M038,Finding Nemo,Animation,5
U1003,M096,Annihilation,Sci-Fi,1
U1003,M092,Iron Man,Action,1
U1003,M052,Princess Mononoke,Fantasy,4
U1003,M059,2001: A Space Odyssey,Sci-Fi,1
U1003,M031,Whiplash,Drama,5
U1003,M076,Annihilation,Horror,1
U1003,M015,Crazy Rich Asians,Romance,1
U1003,M079,12 Angry Men,Drama,5
U1003,M001,The Dark Knight,Action,1
U1003,M067,The Fault in Our Stars,Romance,4
U1003,M074,Rosemary's Baby,Horror,5
U1004,M031,Whiplash,Drama,5
U1004,M018,Superbad,Comedy,5
U1004,M088,Black Panther,Action,4
U1004,M064,When Harry Met Sally,Romance,5
U1004,M026,Mad Max: Fury Road,Action,1
U1004,M059,2001: A Space Odyssey,Sci-Fi,4
U1004,M095,The Martian,Sci-Fi,1
U1004,M075,The Shining,Horror,5
U1004,M087,The Mask,Comedy,3
U1005,M070,Prisoners,Thriller,4
U1005,M011,A Quiet Place,Horror,2
U1005,M071,Zodiac,Thriller,3
U1005,M055,Mission Impossible,Action,4
U1005,M062,Gravity,Sci-Fi,1
U1005,M034,Joker,Drama,2
U1005,M050,The Hobbit,Fantasy,3
U1005,M032,The Pursuit of Happyness,Drama,5
U1005,M006,Avengers: Endgame,Action,1
U1005,M007,Titanic,Romance,1
U1005,M003,The Notebook,Romance,5
U1005,M077,Us,Horror,1
U1005,M076,Annihilation,Horror,3
U1005,M066,Before Sunrise,Romance,1
U1006,M089,Spider-Man: No Way Home,Action,2
U1006,M034,Joker,Drama,4
U1006,M043,Planet Earth,Documentary,2
U1006,M065,Eternal Sunshine,Romance,3
U1006,M019,Alien,Sci-Fi,4
U1006,M098,The Menu,Thriller,5
U1006,M074,Rosemary's Baby,Horror,1
U1006,M040,WALL-E,Animation,5
U1006,M020,John Wick,Action,3
U1006,M003,The Notebook,Romance,4
U1006,M025,It,Horror,5
U1006,M082,A Beautiful Mind,Drama,5
U1006,M086,Airplane!,Comedy,5
U1006,M002,Inception,Sci-Fi,3
U1006,M009,The Grand Budapest Hotel,Comedy,3
U1006,M047,Jiro Dreams of Sushi,Documentary,5
U1007,M052,Princess Mononoke,Fantasy,2
U1007,M056,Die Hard,Action,2
U1007,M057,Speed,Action,5
U1007,M019,Alien,Sci-Fi,1
U1007,M092,Iron Man,Action,5
U1007,M007,Titanic,Romance,2
U1007,M013,Parasite,Thriller,3
U1007,M008,Get Out,Horror,2
U1007,M071,Zodiac,Thriller,5
U1007,M018,Superbad,Comedy,4
U1007,M035,The Big Lebowski,Comedy,5
U1007,M083,Monty Python,Comedy,3
U1007,M093,Everything Everywhere All at Once,Sci-Fi,1
U1008,M051,Pan's Labyrinth,Fantasy,4
U1008,M019,Alien,Sci-Fi,2
U1008,M005,The Conjuring,Horror,4
U1008,M068,The Silence of the Lambs,Thriller,3
U1008,M045,13th,Documentary,3
U1008,M065,Eternal Sunshine,Romance,2
U1008,M009,The Grand Budapest Hotel,Comedy,4
U1008,M064,When Harry Met Sally,Romance,3
U1008,M034,Joker,Drama,3
U1009,M045,13th,Documentary,5
U1009,M059,2001: A Space Odyssey,Sci-Fi,3
U1009,M003,The Notebook,Romance,1
U1009,M002,Inception,Sci-Fi,5
U1009,M038,Finding Nemo,Animation,3
U1009,M012,The Hangover,Comedy,4
U1009,M021,Bridesmaids,Comedy,1
U1009,M080,Good Will Hunting,Drama,3
U1009,M013,Parasite,Thriller,4
U1009,M099,Barbarian,Horror,3
U1009,M072,Nightcrawler,Thriller,5
U1009,M018,Superbad,Comedy,1
U1010,M086,Airplane!,Comedy,1
U1010,M051,Pan's Labyrinth,Fantasy,3
U1010,M015,Crazy Rich Asians,Romance,5
U1010,M005,The Conjuring,Horror,2
U1010,M008,Get Out,Horror,5
U1010,M060,Arrival,Sci-Fi,2
U1010,M078,Schindler's List,Drama,5
U1010,M023,The Matrix,Sci-Fi,1
U1010,M029,Blade Runner 2049,Sci-Fi,1
U1010,M034,Joker,Drama,2
U1010,M055,Mission Impossible,Action,2
U1010,M053,Gladiator,Action,2
U1010,M004,Interstellar,Sci-Fi,2
U1010,M007,Titanic,Romance,5
U1011,M009,The Grand Budapest Hotel,Comedy,3
U1011,M045,13th,Documentary,3
U1011,M012,The Hangover,Comedy,4
U1011,M017,Forrest Gump,Drama,2
U1011,M004,Interstellar,Sci-Fi,3
U1011,M084,Anchorman,Comedy,2
U1011,M034,Joker,Drama,3
U1011,M069,No Country for Old Men,Thriller,5
U1011,M092,Iron Man,Action,4
U1011,M048,The Lord of the Rings,Fantasy,3
U1011,M002,Inception,Sci-Fi,3
U1011,M064,When Harry Met Sally,Romance,4
U1011,M095,The Martian,Sci-Fi,1
U1011,M055,Mission Impossible,Action,1
U1011,M056,Die Hard,Action,5
U1011,M097,Moon,Sci-Fi,1
U1011,M042,Coco,Animation,4
U1011,M029,Blade Runner 2049,Sci-Fi,2
U1012,M047,Jiro Dreams of Sushi,Documentary,2
U1012,M064,When Harry Met Sally,Romance,3
U1012,M093,Everything Everywhere All at Once,Sci-Fi,4
U1012,M096,Annihilation,Sci-Fi,2
U1012,M081,Dead Poets Society,Drama,4
U1013,M045,13th,Documentary,2
U1013,M072,Nightcrawler,Thriller,5
U1013,M054,Top Gun: Maverick,Action,2
U1013,M011,A Quiet Place,Horror,4
U1013,M063,Casablanca,Romance,4
U1013,M053,Gladiator,Action,1
U1013,M069,No Country for Old Men,Thriller,5
U1013,M022,Midsommar,Horror,4
U1013,M021,Bridesmaids,Comedy,4
U1013,M041,Spirited Away,Animation,5
U1013,M097,Moon,Sci-Fi,3
U1013,M013,Parasite,Thriller,5
U1014,M017,Forrest Gump,Drama,5
U1014,M036,Se7en,Thriller,4
U1014,M010,Pride and Prejudice,Romance,4
U1014,M080,Good Will Hunting,Drama,5
U1014,M057,Speed,Action,1
U1014,M053,Gladiator,Action,2
U1014,M070,Prisoners,Thriller,5
U1014,M066,Before Sunrise,Romance,1
U1014,M035,The Big Lebowski,Comedy,2
U1015,M002,Inception,Sci-Fi,1
U1015,M005,The Conjuring,Horror,3
U1015,M053,Gladiator,Action,4
U1015,M014,The Shawshank Redemption,Drama,5
U1015,M066,Before Sunrise,Romance,5
U1015,M039,Up,Animation,4
U1015,M065,Eternal Sunshine,Romance,1
U1015,M073,The Exorcist,Horror,2
U1015,M062,Gravity,Sci-Fi,1
U1015,M019,Alien,Sci-Fi,3
U1015,M017,Forrest Gump,Drama,5
U1015,M031,Whiplash,Drama,4
U1015,M041,Spirited Away,Animation,5
U1015,M035,The Big Lebowski,Comedy,3
U1015,M027,Gone Girl,Thriller,3
U1015,M040,WALL-E,Animation,4
U1016,M074,Rosemary's Baby,Horror,5
U1016,M023,The Matrix,Sci-Fi,4
U1016,M003,The Notebook,Romance,2
U1016,M052,Princess Mononoke,Fantasy,5
U1016,M085,Step Brothers,Comedy,5
U1016,M089,Spider-Man: No Way Home,Action,1
U1016,M036,Se7en,Thriller,5
U1016,M037,Toy Story,Animation,4
U1016,M083,Monty Python,Comedy,4
U1016,M012,The Hangover,Comedy,2
U1016,M099,Barbarian,Horror,1
U1016,M016,Hereditary,Horror,4
U1016,M013,Parasite,Thriller,3
U1017,M029,Blade Runner 2049,Sci-Fi,1
U1017,M044,Free Solo,Documentary,4
U1017,M087,The Mask,Comedy,4
U1017,M076,Annihilation,Horror,3
U1017,M037,Toy Story,Animation,3
U1017,M065,Eternal Sunshine,Romance,3
U1017,M023,The Matrix,Sci-Fi,1
U1017,M093,Everything Everywhere All at Once,Sci-Fi,1
U1017,M009,The Grand Budapest Hotel,Comedy,1
U1017,M068,The Silence of the Lambs,Thriller,3
U1017,M067,The Fault in Our Stars,Romance,1
U1017,M036,Se7en,Thriller,3
U1017,M054,Top Gun: Maverick,Action,3
U1017,M069,No Country for Old Men,Thriller,4
U1018,M085,Step Brothers,Comedy,1
U1018,M096,Annihilation,Sci-Fi,3
U1018,M036,Se7en,Thriller,5
U1018,M011,A Quiet Place,Horror,5
U1018,M093,Everything Everywhere All at Once,Sci-Fi,4
U1018,M024,Knives Out,Thriller,2
U1018,M032,The Pursuit of Happyness,Drama,3
U1018,M004,Interstellar,Sci-Fi,4
U1018,M016,Hereditary,Horror,2
U1018,M091,Thor: Ragnarok,Action,1
U1018,M052,Princess Mononoke,Fantasy,5
U1019,M007,Titanic,Romance,2
U1019,M008,Get Out,Horror,3
U1019,M026,Mad Max: Fury Road,Action,4
U1019,M021,Bridesmaids,Comedy,1
U1019,M090,Doctor Strange,Action,2
U1019,M014,The Shawshank Redemption,Drama,2
U1019,M077,Us,Horror,4
U1019,M058,The Terminator,Sci-Fi,1
U1019,M071,Zodiac,Thriller,5
U1019,M076,Annihilation,Horror,4
U1019,M080,Good Will Hunting,Drama,5
U1019,M078,Schindler's List,Drama,5
U1019,M011,A Quiet Place,Horror,1
U1019,M012,The Hangover,Comedy,1
U1019,M036,Se7en,Thriller,5
U1019,M005,The Conjuring,Horror,2
U1019,M002,Inception,Sci-Fi,3
U1020,M093,Everything Everywhere All at Once,Sci-Fi,3
U1020,M065,Eternal Sunshine,Romance,4
U1020,M034,Joker,Drama,5
U1020,M013,Parasite,Thriller,4
U1020,M075,The Shining,Horror,3
U1020,M083,Monty Python,Comedy,1
U1021,M010,Pride and Prejudice,Romance,1
U1021,M027,Gone Girl,Thriller,2
U1021,M057,Speed,Action,4
U1021,M044,Free Solo,Documentary,2
U1021,M029,Blade Runner 2049,Sci-Fi,5
U1021,M068,The Silence of the Lambs,Thriller,5
U1021,M022,Midsommar,Horror,4
U1021,M091,Thor: Ragnarok,Action,5
U1022,M061,Ex Machina,Sci-Fi,1
U1022,M018,Superbad,Comedy,2
U1022,M100,Nope,Horror,4
U1022,M060,Arrival,Sci-Fi,1
U1022,M077,Us,Horror,4
U1023,M055,Mission Impossible,Action,4
U1023,M004,Interstellar,Sci-Fi,2
U1023,M071,Zodiac,Thriller,3
U1023,M089,Spider-Man: No Way Home,Action,2
U1023,M066,Before Sunrise,Romance,5
U1023,M015,Crazy Rich Asians,Romance,5
U1023,M100,Nope,Horror,4
U1023,M079,12 Angry Men,Drama,4
U1024,M063,Casablanca,Romance,5
U1024,M100,Nope,Horror,3
U1024,M016,Hereditary,Horror,3
U1024,M069,No Country for Old Men,Thriller,5
U1024,M026,Mad Max: Fury Road,Action,5
U1024,M044,Free Solo,Documentary,1
U1024,M030,The Wolf of Wall Street,Drama,2
U1024,M006,Avengers: Endgame,Action,2
U1024,M058,The Terminator,Sci-Fi,3
U1024,M054,Top Gun: Maverick,Action,3
U1024,M072,Nightcrawler,Thriller,3
U1024,M014,The Shawshank Redemption,Drama,3
U1024,M001,The Dark Knight,Action,2
U1024,M024,Knives Out,Thriller,5
U1024,M037,Toy Story,Animation,4
U1024,M071,Zodiac,Thriller,3
U1024,M002,Inception,Sci-Fi,1
U1024,M087,The Mask,Comedy,4
U1024,M093,Everything Everywhere All at Once,Sci-Fi,5
U1024,M092,Iron Man,Action,1
U1025,M078,Schindler's List,Drama,2
U1025,M086,Airplane!,Comedy,2
U1025,M098,The Menu,Thriller,5
U1025,M049,Harry Potter,Fantasy,4
U1025,M071,Zodiac,Thriller,3
U1025,M046,The Act of Killing,Documentary,1
U1025,M059,2001: A Space Odyssey,Sci-Fi,3
U1025,M034,Joker,Drama,2
U1025,M051,Pan's Labyrinth,Fantasy,2
U1025,M061,Ex Machina,Sci-Fi,4
U1025,M003,The Notebook,Romance,3
U1025,M050,The Hobbit,Fantasy,3
U1025,M057,Speed,Action,4
U1025,M088,Black Panther,Action,1
U1025,M009,The Grand Budapest Hotel,Comedy,1
U1025,M056,Die Hard,Action,4
U1025,M080,Good Will Hunting,Drama,2
U1026,M026,Mad Max: Fury Road,Action,1
U1026,M047,Jiro Dreams of Sushi,Documentary,5
U1026,M006,Avengers: Endgame,Action,5
U1026,M084,Anchorman,Comedy,2
U1026,M067,The Fault in Our Stars,Romance,5
U1026,M099,Barbarian,Horror,2
U1026,M034,Joker,Drama,4
U1026,M021,Bridesmaids,Comedy,5
U1026,M037,Toy Story,Animation,4
U1026,M028,La La Land,Romance,5
U1026,M090,Doctor Strange,Action,1
U1027,M004,Interstellar,Sci-Fi,1
U1027,M002,Inception,Sci-Fi,3
U1027,M039,Up,Animation,3
U1027,M014,The Shawshank Redemption,Drama,5
U1027,M095,The Martian,Sci-Fi,4
U1027,M055,Mission Impossible,Action,3
U1027,M077,Us,Horror,5
U1027,M010,Pride and Prejudice,Romance,4
U1027,M041,Spirited Away,Animation,4
U1027,M030,The Wolf of Wall Street,Drama,5
U1027,M006,Avengers: Endgame,Action,2
U1027,M019,Alien,Sci-Fi,2
U1028,M030,The Wolf of Wall Street,Drama,5
U1028,M040,WALL-E,Animation,5
U1028,M071,Zodiac,Thriller,5
U1028,M012,The Hangover,Comedy,4
U1028,M001,The Dark Knight,Action,1
U1028,M042,Coco,Animation,4
U1028,M003,The Notebook,Romance,4
U1028,M016,Hereditary,Horror,2
U1028,M098,The Menu,Thriller,5
U1028,M036,Se7en,Thriller,4
U1028,M064,When Harry Met Sally,Romance,3
U1028,M054,Top Gun: Maverick,Action,1
U1028,M034,Joker,Drama,3
U1028,M099,Barbarian,Horror,5
U1028,M020,John Wick,Action,1
U1029,M064,When Harry Met Sally,Romance,4
U1029,M043,Planet Earth,Documentary,2
U1029,M013,Parasite,Thriller,3
U1029,M018,Superbad,Comedy,4
U1029,M030,The Wolf of Wall Street,Drama,2
U1029,M076,Annihilation,Horror,2
U1029,M048,The Lord of the Rings,Fantasy,4
U1029,M098,The Menu,Thriller,4
U1029,M073,The Exorcist,Horror,4
U1029,M065,Eternal Sunshine,Romance,3
U1029,M044,Free Solo,Documentary,3
U1029,M047,Jiro Dreams of Sushi,Documentary,4
U1029,M034,Joker,Drama,5
U1029,M020,John Wick,Action,4
U1029,M049,Harry Potter,Fantasy,3
U1029,M082,A Beautiful Mind,Drama,2
U1029,M006,Avengers: Endgame,Action,3
U1029,M086,Airplane!,Comedy,1
U1029,M077,Us,Horror,4
U1030,M004,Interstellar,Sci-Fi,4
U1030,M059,2001: A Space Odyssey,Sci-Fi,3
U1030,M027,Gone Girl,Thriller,5
U1030,M008,Get Out,Horror,5
U1030,M065,Eternal Sunshine,Romance,2
U1030,M060,Arrival,Sci-Fi,4
U1030,M016,Hereditary,Horror,1
U1030,M047,Jiro Dreams of Sushi,Documentary,2
U1031,M063,Casablanca,Romance,4
U1031,M041,Spirited Away,Animation,4
U1031,M040,WALL-E,Animation,3
U1031,M030,The Wolf of Wall Street,Drama,4
U1031,M068,The Silence of the Lambs,Thriller,5
U1031,M003,The Notebook,Romance,3
U1031,M100,Nope,Horror,4
U1031,M024,Knives Out,Thriller,3
U1032,M007,Titanic,Romance,3
U1032,M021,Bridesmaids,Comedy,1
U1032,M073,The Exorcist,Horror,4
U1032,M023,The Matrix,Sci-Fi,4
U1032,M043,Planet Earth,Documentary,4
U1032,M034,Joker,Drama,4
U1032,M099,Barbarian,Horror,2
U1032,M097,Moon,Sci-Fi,1
U1032,M051,Pan's Labyrinth,Fantasy,4
U1032,M088,Black Panther,Action,4
U1032,M068,The Silence of the Lambs,Thriller,3
U1032,M052,Princess Mononoke,Fantasy,3
U1032,M019,Alien,Sci-Fi,4
U1032,M058,The Terminator,Sci-Fi,1
U1032,M024,Knives Out,Thriller,3
U1032,M072,Nightcrawler,Thriller,4
U1032,M067,The Fault in Our Stars,Romance,2
U1033,M061,Ex Machina,Sci-Fi,5
U1033,M054,Top Gun: Maverick,Action,5
U1033,M089,Spider-Man: No Way Home,Action,4
U1033,M018,Superbad,Comedy,5
U1033,M046,The Act of Killing,Documentary,2
U1033,M078,Schindler's List,Drama,3
U1033,M017,Forrest Gump,Drama,2
U1033,M028,La La Land,Romance,3
U1033,M068,The Silence of the Lambs,Thriller,4
U1033,M056,Die Hard,Action,2
U1033,M093,Everything Everywhere All at Once,Sci-Fi,3
U1033,M065,Eternal Sunshine,Romance,1
U1033,M007,Titanic,Romance,3
U1033,M053,Gladiator,Action,1
U1033,M086,Airplane!,Comedy,5
U1033,M004,Interstellar,Sci-Fi,5
U1033,M034,Joker,Drama,3
U1034,M026,Mad Max: Fury Road,Action,5
U1034,M074,Rosemary's Baby,Horror,5
U1034,M054,Top Gun: Maverick,Action,4
U1034,M096,Annihilation,Sci-Fi,4
U1034,M011,A Quiet Place,Horror,3
U1034,M042,Coco,Animation,4
U1034,M077,Us,Horror,3
U1034,M058,The Terminator,Sci-Fi,2
U1034,M055,Mission Impossible,Action,4
U1034,M033,Pitch Perfect,Comedy,1
U1034,M100,Nope,Horror,5
U1034,M002,Inception,Sci-Fi,1
U1034,M041,Spirited Away,Animation,4
U1034,M025,It,Horror,5
U1034,M088,Black Panther,Action,3
U1034,M084,Anchorman,Comedy,2
U1034,M095,The Martian,Sci-Fi,2
U1034,M053,Gladiator,Action,4
U1034,M008,Get Out,Horror,2
U1034,M061,Ex Machina,Sci-Fi,4
U1035,M059,2001: A Space Odyssey,Sci-Fi,4
U1035,M094,Dune,Sci-Fi,1
U1035,M027,Gone Girl,Thriller,2
U1035,M024,Knives Out,Thriller,2
U1035,M008,Get Out,Horror,4
U1035,M091,Thor: Ragnarok,Action,3
U1035,M023,The Matrix,Sci-Fi,4
U1035,M083,Monty Python,Comedy,4
U1035,M019,Alien,Sci-Fi,5
U1036,M063,Casablanca,Romance,5
U1036,M014,The Shawshank Redemption,Drama,5
U1036,M055,Mission Impossible,Action,3
U1036,M022,Midsommar,Horror,1
U1036,M008,Get Out,Horror,3
U1036,M100,Nope,Horror,3
U1036,M038,Finding Nemo,Animation,5
U1036,M021,Bridesmaids,Comedy,4
U1037,M005,The Conjuring,Horror,5
U1037,M048,The Lord of the Rings,Fantasy,5
U1037,M023,The Matrix,Sci-Fi,1
U1037,M014,The Shawshank Redemption,Drama,2
U1037,M055,Mission Impossible,Action,3
U1037,M075,The Shining,Horror,2
U1037,M002,Inception,Sci-Fi,4
U1037,M027,Gone Girl,Thriller,4
U1037,M024,Knives Out,Thriller,5
U1037,M004,Interstellar,Sci-Fi,1
U1037,M096,Annihilation,Sci-Fi,1
U1037,M053,Gladiator,Action,4
U1038,M010,Pride and Prejudice,Romance,2
U1038,M058,The Terminator,Sci-Fi,1
U1038,M060,Arrival,Sci-Fi,4
U1038,M098,The Menu,Thriller,3
U1038,M003,The Notebook,Romance,4
U1039,M044,Free Solo,Documentary,2
U1039,M088,Black Panther,Action,2
U1039,M002,Inception,Sci-Fi,2
U1039,M005,The Conjuring,Horror,4
U1039,M038,Finding Nemo,Animation,5
U1039,M075,The Shining,Horror,2
U1040,M036,Se7en,Thriller,3
U1040,M049,Harry Potter,Fantasy,5
U1040,M074,Rosemary's Baby,Horror,1
U1040,M029,Blade Runner 2049,Sci-Fi,4
U1040,M015,Crazy Rich Asians,Romance,3
U1040,M057,Speed,Action,3
U1040,M021,Bridesmaids,Comedy,1
U1040,M073,The Exorcist,Horror,2
U1040,M056,Die Hard,Action,3
U1040,M031,Whiplash,Drama,5
U1040,M072,Nightcrawler,Thriller,5
U1040,M001,The Dark Knight,Action,5
U1040,M070,Prisoners,Thriller,4
U1041,M090,Doctor Strange,Action,4
U1041,M078,Schindler's List,Drama,3
U1041,M029,Blade Runner 2049,Sci-Fi,5
U1041,M095,The Martian,Sci-Fi,1
U1041,M017,Forrest Gump,Drama,3
U1041,M060,Arrival,Sci-Fi,5
U1041,M021,Bridesmaids,Comedy,1
U1041,M098,The Menu,Thriller,5
U1042,M045,13th,Documentary,4
U1042,M084,Anchorman,Comedy,4
U1042,M007,Titanic,Romance,3
U1042,M039,Up,Animation,4
U1042,M099,Barbarian,Horror,4
U1042,M073,The Exorcist,Horror,2
U1042,M055,Mission Impossible,Action,5
U1042,M008,Get Out,Horror,3
U1042,M017,Forrest Gump,Drama,4
U1042,M056,Die Hard,Action,2
U1042,M092,Iron Man,Action,5
U1042,M054,Top Gun: Maverick,Action,4
U1043,M080,Good Will Hunting,Drama,2
U1043,M096,Annihilation,Sci-Fi,4
U1043,M081,Dead Poets Society,Drama,5
U1043,M076,Annihilation,Horror,3
U1043,M048,The Lord of the Rings,Fantasy,4
U1043,M003,The Notebook,Romance,1
U1043,M058,The Terminator,Sci-Fi,2
U1043,M093,Everything Everywhere All at Once,Sci-Fi,1
U1043,M001,The Dark Knight,Action,5
U1043,M065,Eternal Sunshine,Romance,1
U1043,M070,Prisoners,Thriller,2
U1043,M056,Die Hard,Action,5
U1043,M039,Up,Animation,4
U1044,M022,Midsommar,Horror,3
U1044,M024,Knives Out,Thriller,3
U1044,M099,Barbarian,Horror,5
U1044,M010,Pride and Prejudice,Romance,1
U1044,M048,The Lord of the Rings,Fantasy,4
U1044,M100,Nope,Horror,3
U1045,M075,The Shining,Horror,2
U1045,M029,Blade Runner 2049,Sci-Fi,2
U1045,M023,The Matrix,Sci-Fi,2
U1045,M021,Bridesmaids,Comedy,1
U1045,M045,13th,Documentary,2
U1045,M025,It,Horror,2
U1046,M009,The Grand Budapest Hotel,Comedy,1
U1046,M006,Avengers: Endgame,Action,2
U1046,M020,John Wick,Action,4
U1046,M048,The Lord of the Rings,Fantasy,5
U1046,M084,Anchorman,Comedy,5
U1046,M043,Planet Earth,Documentary,5
U1046,M045,13th,Documentary,5
U1046,M008,Get Out,Horror,3
U1046,M015,Crazy Rich Asians,Romance,2
U1046,M080,Good Will Hunting,Drama,5
U1046,M094,Dune,Sci-Fi,2
U1046,M029,Blade Runner 2049,Sci-Fi,2
U1046,M044,Free Solo,Documentary,2
U1046,M037,Toy Story,Animation,4
U1046,M092,Iron Man,Action,3
U1046,M088,Black Panther,Action,2
U1047,M021,Bridesmaids,Comedy,2
U1047,M076,Annihilation,Horror,5
U1047,M055,Mission Impossible,Action,1
U1047,M017,Forrest Gump,Drama,5
U1047,M001,The Dark Knight,Action,3
U1047,M069,No Country for Old Men,Thriller,5
U1047,M004,Interstellar,Sci-Fi,4
U1047,M045,13th,Documentary,3
U1047,M073,The Exorcist,Horror,5
U1047,M096,Annihilation,Sci-Fi,5
U1047,M095,The Martian,Sci-Fi,5
U1047,M083,Monty Python,Comedy,2
U1047,M030,The Wolf of Wall Street,Drama,2
U1047,M016,Hereditary,Horror,1
U1047,M035,The Big Lebowski,Comedy,2
U1047,M097,Moon,Sci-Fi,2
U1047,M012,The Hangover,Comedy,4
U1048,M026,Mad Max: Fury Road,Action,1
U1048,M010,Pride and Prejudice,Romance,5
U1048,M062,Gravity,Sci-Fi,2
U1048,M059,2001: A Space Odyssey,Sci-Fi,4
U1048,M040,WALL-E,Animation,4
U1048,M076,Annihilation,Horror,5
U1048,M048,The Lord of the Rings,Fantasy,2
U1048,M036,Se7en,Thriller,5
U1048,M021,Bridesmaids,Comedy,2
U1048,M009,The Grand Budapest Hotel,Comedy,2
U1048,M002,Inception,Sci-Fi,4
U1048,M050,The Hobbit,Fantasy,4
U1048,M024,Knives Out,Thriller,2
U1048,M077,Us,Horror,2
U1048,M100,Nope,Horror,1
U1048,M035,The Big Lebowski,Comedy,4
U1048,M083,Monty Python,Comedy,3
U1049,M093,Everything Everywhere All at Once,Sci-Fi,4
U1049,M052,Princess Mononoke,Fantasy,2
U1049,M017,Forrest Gump,Drama,3
U1049,M055,Mission Impossible,Action,1
U1049,M036,Se7en,Thriller,5
U1049,M061,Ex Machina,Sci-Fi,4
U1049,M041,Spirited Away,Animation,3
U1049,M020,John Wick,Action,4
U1049,M086,Airplane!,Comedy,2
U1049,M066,Before Sunrise,Romance,1
U1049,M081,Dead Poets Society,Drama,2
U1049,M033,Pitch Perfect,Comedy,5
U1050,M085,Step Brothers,Comedy,1
U1050,M095,The Martian,Sci-Fi,1
U1050,M069,No Country for Old Men,Thriller,4
U1050,M035,The Big Lebowski,Comedy,2
U1050,M041,Spirited Away,Animation,4
U1050,M018,Superbad,Comedy,3
U1050,M008,Get Out,Horror,1
U1050,M025,It,Horror,3
U1050,M022,Midsommar,Horror,1
U1050,M091,Thor: Ragnarok,Action,3
U1051,M093,Everything Everywhere All at Once,Sci-Fi,5
U1051,M099,Barbarian,Horror,4
U1051,M018,Superbad,Comedy,4
U1051,M013,Parasite,Thriller,5
U1051,M075,The Shining,Horror,4
U1051,M082,A Beautiful Mind,Drama,3
U1051,M014,The Shawshank Redemption,Drama,4
U1051,M039,Up,Animation,5
U1051,M031,Whiplash,Drama,5
U1051,M086,Airplane!,Comedy,2
U1051,M007,Titanic,Romance,3
U1052,M017,Forrest Gump,Drama,5
U1052,M020,John Wick,Action,2
U1052,M012,The Hangover,Comedy,1
U1052,M065,Eternal Sunshine,Romance,3
U1052,M070,Prisoners,Thriller,5
U1052,M031,Whiplash,Drama,5
U1052,M091,Thor: Ragnarok,Action,4
U1052,M033,Pitch Perfect,Comedy,1
U1052,M081,Dead Poets Society,Drama,5
U1052,M087,The Mask,Comedy,4
U1052,M042,Coco,Animation,5
U1052,M090,Doctor Strange,Action,5
U1052,M015,Crazy Rich Asians,Romance,2
U1053,M031,Whiplash,Drama,5
U1053,M097,Moon,Sci-Fi,5
U1053,M022,Midsommar,Horror,3
U1053,M076,Annihilation,Horror,4
U1053,M072,Nightcrawler,Thriller,4
U1053,M056,Die Hard,Action,1
U1053,M046,The Act of Killing,Documentary,5
U1053,M013,Parasite,Thriller,4
U1053,M080,Good Will Hunting,Drama,5
U1053,M008,Get Out,Horror,3
U1053,M044,Free Solo,Documentary,5
U1054,M095,The Martian,Sci-Fi,2
U1054,M070,Prisoners,Thriller,2
U1054,M022,Midsommar,Horror,5
U1054,M100,Nope,Horror,3
U1054,M042,Coco,Animation,5
U1054,M090,Doctor Strange,Action,4
U1054,M056,Die Hard,Action,2
U1054,M091,Thor: Ragnarok,Action,5
U1054,M062,Gravity,Sci-Fi,2
U1054,M018,Superbad,Comedy,3
U1054,M052,Princess Mononoke,Fantasy,4
U1055,M100,Nope,Horror,2
U1055,M082,A Beautiful Mind,Drama,3
U1055,M041,Spirited Away,Animation,4
U1055,M095,The Martian,Sci-Fi,1
U1055,M048,The Lord of the Rings,Fantasy,2
U1055,M011,A Quiet Place,Horror,5
U1055,M075,The Shining,Horror,2
U1055,M051,Pan's Labyrinth,Fantasy,4
U1055,M022,Midsommar,Horror,4
U1055,M072,Nightcrawler,Thriller,3
U1055,M021,Bridesmaids,Comedy,3
U1056,M023,The Matrix,Sci-Fi,1
U1056,M071,Zodiac,Thriller,2
U1056,M053,Gladiator,Action,5
U1056,M025,It,Horror,4
U1056,M076,Annihilation,Horror,4
U1056,M098,The Menu,Thriller,3
U1056,M033,Pitch Perfect,Comedy,4
U1056,M024,Knives Out,Thriller,2
U1056,M083,Monty Python,Comedy,2
U1056,M002,Inception,Sci-Fi,4
U1056,M012,The Hangover,Comedy,4
U1056,M022,Midsommar,Horror,1
U1056,M021,Bridesmaids,Comedy,3
U1056,M032,The Pursuit of Happyness,Drama,4
U1056,M036,Se7en,Thriller,2
U1056,M037,Toy Story,Animation,5
U1056,M073,The Exorcist,Horror,3
U1056,M074,Rosemary's Baby,Horror,4
U1056,M077,Us,Horror,2
U1057,M009,The Grand Budapest Hotel,Comedy,1
U1057,M062,Gravity,Sci-Fi,1
U1057,M037,Toy Story,Animation,5
U1057,M083,Monty Python,Comedy,2
U1057,M006,Avengers: Endgame,Action,2
U1057,M003,The Notebook,Romance,3
U1057,M092,Iron Man,Action,2
U1057,M030,The Wolf of Wall Street,Drama,5
U1057,M079,12 Angry Men,Drama,5
U1057,M010,Pride and Prejudice,Romance,2
U1058,M021,Bridesmaids,Comedy,1
U1058,M039,Up,Animation,5
U1058,M060,Arrival,Sci-Fi,1
U1058,M012,The Hangover,Comedy,5
U1058,M076,Annihilation,Horror,2
U1058,M029,Blade Runner 2049,Sci-Fi,4
U1058,M049,Harry Potter,Fantasy,4
U1058,M001,The Dark Knight,Action,1
U1058,M089,Spider-Man: No Way Home,Action,3
U1059,M036,Se7en,Thriller,2
U1059,M052,Princess Mononoke,Fantasy,2
U1059,M015,Crazy Rich Asians,Romance,5
U1059,M088,Black Panther,Action,3
U1059,M096,Annihilation,Sci-Fi,2
U1059,M054,Top Gun: Maverick,Action,4
U1059,M008,Get Out,Horror,2
U1059,M061,Ex Machina,Sci-Fi,2
U1059,M056,Die Hard,Action,3
U1059,M017,Forrest Gump,Drama,5
U1059,M051,Pan's Labyrinth,Fantasy,2
U1059,M037,Toy Story,Animation,5
U1059,M028,La La Land,Romance,4
U1059,M091,Thor: Ragnarok,Action,2
U1059,M068,The Silence of the Lambs,Thriller,3
U1059,M092,Iron Man,Action,1
U1059,M046,The Act of Killing,Documentary,2
U1060,M053,Gladiator,Action,2
U1060,M015,Crazy Rich Asians,Romance,2
U1060,M002,Inception,Sci-Fi,1
U1060,M083,Monty Python,Comedy,4
U1060,M080,Good Will Hunting,Drama,4
U1060,M034,Joker,Drama,4
U1060,M037,Toy Story,Animation,4
U1060,M092,Iron Man,Action,1
U1060,M012,The Hangover,Comedy,2
U1060,M056,Die Hard,Action,4
U1060,M039,Up,Animation,4
U1061,M061,Ex Machina,Sci-Fi,4
U1061,M085,Step Brothers,Comedy,1
U1061,M050,The Hobbit,Fantasy,4
U1061,M067,The Fault in Our Stars,Romance,3
U1061,M047,Jiro Dreams of Sushi,Documentary,3
U1061,M062,Gravity,Sci-Fi,1
U1061,M054,Top Gun: Maverick,Action,5
U1061,M097,Moon,Sci-Fi,5
U1061,M005,The Conjuring,Horror,4
U1061,M055,Mission Impossible,Action,1
U1061,M089,Spider-Man: No Way Home,Action,1
U1061,M027,Gone Girl,Thriller,5
U1061,M033,Pitch Perfect,Comedy,5
U1061,M078,Schindler's List,Drama,5
U1061,M038,Finding Nemo,Animation,5
U1061,M024,Knives Out,Thriller,3
U1061,M080,Good Will Hunting,Drama,3
U1061,M006,Avengers: Endgame,Action,3
U1061,M036,Se7en,Thriller,3
U1062,M022,Midsommar,Horror,3
U1062,M037,Toy Story,Animation,4
U1062,M072,Nightcrawler,Thriller,2
U1062,M029,Blade Runner 2049,Sci-Fi,4
U1062,M057,Speed,Action,2
U1062,M040,WALL-E,Animation,4
U1063,M045,13th,Documentary,2
U1063,M055,Mission Impossible,Action,3
U1063,M100,Nope,Horror,3
U1063,M043,Planet Earth,Documentary,5
U1063,M026,Mad Max: Fury Road,Action,3
U1063,M065,Eternal Sunshine,Romance,2
U1063,M050,The Hobbit,Fantasy,4
U1063,M074,Rosemary's Baby,Horror,2
U1063,M033,Pitch Perfect,Comedy,4
U1063,M058,The Terminator,Sci-Fi,5
U1063,M073,The Exorcist,Horror,5
U1063,M098,The Menu,Thriller,2
U1063,M002,Inception,Sci-Fi,3
U1064,M023,The Matrix,Sci-Fi,3
U1064,M026,Mad Max: Fury Road,Action,2
U1064,M067,The Fault in Our Stars,Romance,1
U1064,M056,Die Hard,Action,4
U1064,M094,Dune,Sci-Fi,3
U1064,M091,Thor: Ragnarok,Action,2
U1064,M035,The Big Lebowski,Comedy,3
U1064,M009,The Grand Budapest Hotel,Comedy,5
U1064,M084,Anchorman,Comedy,5
U1064,M002,Inception,Sci-Fi,1
U1064,M001,The Dark Knight,Action,1
U1064,M077,Us,Horror,5
U1064,M044,Free Solo,Documentary,2
U1064,M030,The Wolf of Wall Street,Drama,5
U1064,M065,Eternal Sunshine,Romance,5
U1064,M081,Dead Poets Society,Drama,2
U1064,M041,Spirited Away,Animation,4
U1064,M062,Gravity,Sci-Fi,4
U1064,M095,The Martian,Sci-Fi,1
U1065,M063,Casablanca,Romance,4
U1065,M083,Monty Python,Comedy,1
U1065,M082,A Beautiful Mind,Drama,5
U1065,M053,Gladiator,Action,4
U1065,M095,The Martian,Sci-Fi,1
U1065,M013,Parasite,Thriller,5
U1065,M038,Finding Nemo,Animation,5
U1065,M029,Blade Runner 2049,Sci-Fi,3
U1065,M059,2001: A Space Odyssey,Sci-Fi,4
U1065,M065,Eternal Sunshine,Romance,3
U1065,M067,The Fault in Our Stars,Romance,4
U1065,M034,Joker,Drama,5
U1065,M036,Se7en,Thriller,3
U1065,M028,La La Land,Romance,4
U1066,M052,Princess Mononoke,Fantasy,2
U1066,M071,Zodiac,Thriller,2
U1066,M009,The Grand Budapest Hotel,Comedy,2
U1066,M048,The Lord of the Rings,Fantasy,4
U1066,M085,Step Brothers,Comedy,4
U1066,M039,Up,Animation,4
U1066,M089,Spider-Man: No Way Home,Action,5
U1066,M012,The Hangover,Comedy,1
U1066,M067,The Fault in Our Stars,Romance,1
U1066,M096,Annihilation,Sci-Fi,5
U1066,M078,Schindler's List,Drama,4
U1066,M074,Rosemary's Baby,Horror,3
U1067,M090,Doctor Strange,Action,3
U1067,M059,2001: A Space Odyssey,Sci-Fi,2
U1067,M084,Anchorman,Comedy,3
U1067,M072,Nightcrawler,Thriller,5
U1067,M050,The Hobbit,Fantasy,4
U1067,M003,The Notebook,Romance,1
U1068,M005,The Conjuring,Horror,2
U1068,M030,The Wolf of Wall Street,Drama,2
U1068,M091,Thor: Ragnarok,Action,4
U1068,M032,The Pursuit of Happyness,Drama,5
U1068,M057,Speed,Action,1
U1068,M035,The Big Lebowski,Comedy,5
U1068,M055,Mission Impossible,Action,2
U1068,M076,Annihilation,Horror,2
U1068,M066,Before Sunrise,Romance,2
U1068,M028,La La Land,Romance,4
U1068,M004,Interstellar,Sci-Fi,4
U1068,M051,Pan's Labyrinth,Fantasy,4
U1068,M062,Gravity,Sci-Fi,5
U1068,M083,Monty Python,Comedy,3
U1068,M086,Airplane!,Comedy,1
U1069,M099,Barbarian,Horror,4
U1069,M066,Before Sunrise,Romance,3
U1069,M058,The Terminator,Sci-Fi,2
U1069,M083,Monty Python,Comedy,5
U1069,M065,Eternal Sunshine,Romance,3
U1070,M050,The Hobbit,Fantasy,3
U1070,M061,Ex Machina,Sci-Fi,3
U1070,M097,Moon,Sci-Fi,2
U1070,M027,Gone Girl,Thriller,5
U1070,M074,Rosemary's Baby,Horror,5
U1070,M054,Top Gun: Maverick,Action,5
U1071,M052,Princess Mononoke,Fantasy,2
U1071,M004,Interstellar,Sci-Fi,5
U1071,M095,The Martian,Sci-Fi,4
U1071,M041,Spirited Away,Animation,5
U1071,M082,A Beautiful Mind,Drama,2
U1071,M042,Coco,Animation,5
U1071,M003,The Notebook,Romance,4
U1071,M086,Airplane!,Comedy,2
U1071,M039,Up,Animation,4
U1071,M074,Rosemary's Baby,Horror,1
U1071,M018,Superbad,Comedy,1
U1071,M016,Hereditary,Horror,4
U1071,M089,Spider-Man: No Way Home,Action,2
U1071,M059,2001: A Space Odyssey,Sci-Fi,5
U1071,M008,Get Out,Horror,1
U1071,M034,Joker,Drama,5
U1071,M083,Monty Python,Comedy,2
U1071,M072,Nightcrawler,Thriller,5
U1071,M055,Mission Impossible,Action,5
U1071,M098,The Menu,Thriller,3
U1072,M087,The Mask,Comedy,2
U1072,M073,The Exorcist,Horror,4
U1072,M069,No Country for Old Men,Thriller,4
U1072,M021,Bridesmaids,Comedy,2
U1072,M063,Casablanca,Romance,2
U1072,M016,Hereditary,Horror,4
U1072,M072,Nightcrawler,Thriller,2
U1073,M095,The Martian,Sci-Fi,1
U1073,M001,The Dark Knight,Action,2
U1073,M069,No Country for Old Men,Thriller,4
U1073,M055,Mission Impossible,Action,3
U1073,M040,WALL-E,Animation,5
U1073,M079,12 Angry Men,Drama,2
U1073,M034,Joker,Drama,2
U1073,M022,Midsommar,Horror,3
U1073,M052,Princess Mononoke,Fantasy,4
U1073,M076,Annihilation,Horror,5
U1073,M038,Finding Nemo,Animation,5
U1073,M021,Bridesmaids,Comedy,4
U1073,M004,Interstellar,Sci-Fi,4
U1073,M027,Gone Girl,Thriller,2
U1073,M092,Iron Man,Action,4
U1073,M090,Doctor Strange,Action,5
U1073,M088,Black Panther,Action,2
U1073,M086,Airplane!,Comedy,1
U1073,M031,Whiplash,Drama,5
U1074,M069,No Country for Old Men,Thriller,4
U1074,M057,Speed,Action,2
U1074,M025,It,Horror,1
U1074,M001,The Dark Knight,Action,2
U1074,M048,The Lord of the Rings,Fantasy,2
U1074,M034,Joker,Drama,5
U1074,M078,Schindler's List,Drama,5
U1074,M068,The Silence of the Lambs,Thriller,2
U1074,M021,Bridesmaids,Comedy,4
U1074,M035,The Big Lebowski,Comedy,4
U1074,M030,The Wolf of Wall Street,Drama,5
U1074,M072,Nightcrawler,Thriller,2
U1074,M066,Before Sunrise,Romance,4
U1074,M096,Annihilation,Sci-Fi,4
U1074,M100,Nope,Horror,3
U1075,M087,The Mask,Comedy,3
U1075,M015,Crazy Rich Asians,Romance,5
U1075,M044,Free Solo,Documentary,2
U1075,M083,Monty Python,Comedy,5
U1075,M068,The Silence of the Lambs,Thriller,2
U1075,M075,The Shining,Horror,3
U1075,M097,Moon,Sci-Fi,1
U1075,M098,The Menu,Thriller,3
U1075,M007,Titanic,Romance,4
U1075,M014,The Shawshank Redemption,Drama,2
U1075,M049,Harry Potter,Fantasy,2
U1075,M084,Anchorman,Comedy,4
U1076,M077,Us,Horror,4
U1076,M020,John Wick,Action,1
U1076,M053,Gladiator,Action,2
U1076,M081,Dead Poets Society,Drama,2
U1076,M039,Up,Animation,5
U1076,M006,Avengers: Endgame,Action,5
U1077,M067,The Fault in Our Stars,Romance,2
U1077,M082,A Beautiful Mind,Drama,5
U1077,M009,The Grand Budapest Hotel,Comedy,2
U1077,M059,2001: A Space Odyssey,Sci-Fi,5
U1077,M021,Bridesmaids,Comedy,4
U1077,M052,Princess Mononoke,Fantasy,5
U1078,M084,Anchorman,Comedy,4
U1078,M099,Barbarian,Horror,2
U1078,M038,Finding Nemo,Animation,5
U1078,M039,Up,Animation,5
U1078,M068,The Silence of the Lambs,Thriller,5
U1078,M042,Coco,Animation,4
U1078,M097,Moon,Sci-Fi,5
U1078,M004,Interstellar,Sci-Fi,2
U1078,M085,Step Brothers,Comedy,4
U1078,M003,The Notebook,Romance,3
U1079,M010,Pride and Prejudice,Romance,1
U1079,M054,Top Gun: Maverick,Action,5
U1079,M070,Prisoners,Thriller,5
U1079,M001,The Dark Knight,Action,1
U1079,M055,Mission Impossible,Action,2
U1079,M076,Annihilation,Horror,4
U1079,M088,Black Panther,Action,4
U1080,M017,Forrest Gump,Drama,4
U1080,M002,Inception,Sci-Fi,3
U1080,M072,Nightcrawler,Thriller,4
U1080,M005,The Conjuring,Horror,2
U1080,M068,The Silence of the Lambs,Thriller,4
U1080,M018,Superbad,Comedy,5
U1080,M003,The Notebook,Romance,4
U1080,M031,Whiplash,Drama,3
U1080,M080,Good Will Hunting,Drama,4
U1080,M016,Hereditary,Horror,3
U1080,M059,2001: A Space Odyssey,Sci-Fi,5
U1080,M008,Get Out,Horror,4
U1080,M082,A Beautiful Mind,Drama,2
U1080,M097,Moon,Sci-Fi,1
U1080,M023,The Matrix,Sci-Fi,2
U1080,M054,Top Gun: Maverick,Action,1
U1080,M025,It,Horror,3
U1081,M039,Up,Animation,3
U1081,M021,Bridesmaids,Comedy,2
U1081,M085,Step Brothers,Comedy,2
U1081,M048,The Lord of the Rings,Fantasy,4
U1081,M028,La La Land,Romance,3
U1081,M053,Gladiator,Action,2
U1081,M077,Us,Horror,1
U1081,M003,The Notebook,Romance,2
U1081,M075,The Shining,Horror,5
U1082,M073,The Exorcist,Horror,3
U1082,M058,The Terminator,Sci-Fi,2
U1082,M052,Princess Mononoke,Fantasy,4
U1082,M091,Thor: Ragnarok,Action,3
U1082,M008,Get Out,Horror,2
U1082,M032,The Pursuit of Happyness,Drama,4
U1082,M079,12 Angry Men,Drama,2
U1082,M049,Harry Potter,Fantasy,4
U1082,M084,Anchorman,Comedy,3
U1082,M098,The Menu,Thriller,3
U1082,M001,The Dark Knight,Action,4
U1082,M017,Forrest Gump,Drama,4
U1082,M097,Moon,Sci-Fi,5
U1083,M090,Doctor Strange,Action,1
U1083,M069,No Country for Old Men,Thriller,3
U1083,M057,Speed,Action,4
U1083,M048,The Lord of the Rings,Fantasy,4
U1083,M100,Nope,Horror,5
U1083,M036,Se7en,Thriller,5
U1083,M087,The Mask,Comedy,2
U1084,M046,The Act of Killing,Documentary,3
U1084,M092,Iron Man,Action,4
U1084,M073,The Exorcist,Horror,4
U1084,M058,The Terminator,Sci-Fi,2
U1084,M064,When Harry Met Sally,Romance,2
U1084,M032,The Pursuit of Happyness,Drama,3
U1084,M067,The Fault in Our Stars,Romance,2
U1084,M048,The Lord of the Rings,Fantasy,4
U1085,M049,Harry Potter,Fantasy,5
U1085,M052,Princess Mononoke,Fantasy,4
U1085,M060,Arrival,Sci-Fi,3
U1085,M078,Schindler's List,Drama,5
U1085,M100,Nope,Horror,1
U1085,M080,Good Will Hunting,Drama,3
U1086,M075,The Shining,Horror,5
U1086,M040,WALL-E,Animation,5
U1086,M073,The Exorcist,Horror,2
U1086,M063,Casablanca,Romance,1
U1086,M086,Airplane!,Comedy,4
U1086,M023,The Matrix,Sci-Fi,4
U1086,M018,Superbad,Comedy,4
U1086,M096,Annihilation,Sci-Fi,1
U1086,M007,Titanic,Romance,4
U1086,M033,Pitch Perfect,Comedy,5
U1086,M024,Knives Out,Thriller,5
U1086,M078,Schindler's List,Drama,5
U1086,M068,The Silence of the Lambs,Thriller,3
U1086,M050,The Hobbit,Fantasy,3
U1086,M022,Midsommar,Horror,3
U1086,M053,Gladiator,Action,4
U1087,M076,Annihilation,Horror,5
U1087,M095,The Martian,Sci-Fi,4
U1087,M078,Schindler's List,Drama,5
U1087,M094,Dune,Sci-Fi,5
U1087,M071,Zodiac,Thriller,5
U1087,M032,The Pursuit of Happyness,Drama,5
U1087,M028,La La Land,Romance,4
U1087,M042,Coco,Animation,5
U1087,M097,Moon,Sci-Fi,5
U1088,M048,The Lord of the Rings,Fantasy,2
U1088,M100,Nope,Horror,5
U1088,M056,Die Hard,Action,3
U1088,M002,Inception,Sci-Fi,5
U1088,M039,Up,Animation,4
U1088,M016,Hereditary,Horror,1
U1088,M032,The Pursuit of Happyness,Drama,4
U1088,M033,Pitch Perfect,Comedy,2
U1088,M068,The Silence of the Lambs,Thriller,5
U1088,M023,The Matrix,Sci-Fi,5
U1089,M098,The Menu,Thriller,4
U1089,M077,Us,Horror,1
U1089,M011,A Quiet Place,Horror,4
U1089,M020,John Wick,Action,4
U1089,M017,Forrest Gump,Drama,3
U1089,M052,Princess Mononoke,Fantasy,5
U1089,M002,Inception,Sci-Fi,1
U1089,M004,Interstellar,Sci-Fi,3
U1089,M001,The Dark Knight,Action,2
U1089,M009,The Grand Budapest Hotel,Comedy,1
U1089,M038,Finding Nemo,Animation,4
U1090,M028,La La Land,Romance,4
U1090,M039,Up,Animation,4
U1090,M016,Hereditary,Horror,2
U1090,M003,The Notebook,Romance,5
U1090,M027,Gone Girl,Thriller,5
U1090,M067,The Fault in Our Stars,Romance,2
U1090,M074,Rosemary's Baby,Horror,1
U1091,M083,Monty Python,Comedy,2
U1091,M042,Coco,Animation,4
U1091,M086,Airplane!,Comedy,3
U1091,M050,The Hobbit,Fantasy,3
U1091,M039,Up,Animation,3
U1091,M021,Bridesmaids,Comedy,5
U1091,M096,Annihilation,Sci-Fi,4
U1091,M090,Doctor Strange,Action,4
U1091,M018,Superbad,Comedy,4
U1091,M038,Finding Nemo,Animation,5
U1091,M002,Inception,Sci-Fi,1
U1091,M043,Planet Earth,Documentary,5
U1091,M080,Good Will Hunting,Drama,4
U1091,M091,Thor: Ragnarok,Action,5
U1091,M084,Anchorman,Comedy,5
U1091,M020,John Wick,Action,4
U1091,M008,Get Out,Horror,2
U1091,M067,The Fault in Our Stars,Romance,5
U1092,M084,Anchorman,Comedy,1
U1092,M048,The Lord of the Rings,Fantasy,4
U1092,M052,Princess Mononoke,Fantasy,4
U1092,M069,No Country for Old Men,Thriller,3
U1092,M017,Forrest Gump,Drama,2
U1092,M001,The Dark Knight,Action,4
U1093,M053,Gladiator,Action,3
U1093,M013,Parasite,Thriller,5
U1093,M068,The Silence of the Lambs,Thriller,4
U1093,M056,Die Hard,Action,1
U1093,M074,Rosemary's Baby,Horror,2
U1093,M043,Planet Earth,Documentary,3
U1093,M062,Gravity,Sci-Fi,2
U1093,M020,John Wick,Action,1
U1093,M097,Moon,Sci-Fi,2
U1093,M098,The Menu,Thriller,5
U1093,M084,Anchorman,Comedy,5
U1093,M094,Dune,Sci-Fi,3
U1093,M083,Monty Python,Comedy,4
U1093,M099,Barbarian,Horror,1
U1093,M038,Finding Nemo,Animation,3
U1093,M001,The Dark Knight,Action,1
U1093,M040,WALL-E,Animation,5
U1093,M032,The Pursuit of Happyness,Drama,5
U1094,M026,Mad Max: Fury Road,Action,5
U1094,M083,Monty Python,Comedy,5
U1094,M022,Midsommar,Horror,1
U1094,M010,Pride and Prejudice,Romance,5
U1094,M064,When Harry Met Sally,Romance,2
U1094,M045,13th,Documentary,5
U1094,M008,Get Out,Horror,4
U1094,M029,Blade Runner 2049,Sci-Fi,2
U1094,M054,Top Gun: Maverick,Action,2
U1094,M012,The Hangover,Comedy,4
U1094,M097,Moon,Sci-Fi,1
U1094,M074,Rosemary's Baby,Horror,2
U1094,M098,The Menu,Thriller,4
U1094,M085,Step Brothers,Comedy,2
U1094,M023,The Matrix,Sci-Fi,3
U1094,M006,Avengers: Endgame,Action,3
U1094,M019,Alien,Sci-Fi,3
U1094,M089,Spider-Man: No Way Home,Action,4
U1094,M043,Planet Earth,Documentary,3
U1094,M080,Good Will Hunting,Drama,5
U1095,M100,Nope,Horror,4
U1095,M035,The Big Lebowski,Comedy,5
U1095,M064,When Harry Met Sally,Romance,4
U1095,M056,Die Hard,Action,2
U1095,M004,Interstellar,Sci-Fi,2
U1096,M009,The Grand Budapest Hotel,Comedy,4
U1096,M001,The Dark Knight,Action,2
U1096,M089,Spider-Man: No Way Home,Action,2
U1096,M061,Ex Machina,Sci-Fi,5
U1096,M053,Gladiator,Action,5
U1096,M042,Coco,Animation,4
U1096,M010,Pride and Prejudice,Romance,1
U1096,M100,Nope,Horror,3
U1096,M097,Moon,Sci-Fi,3
U1096,M078,Schindler's List,Drama,5
U1096,M081,Dead Poets Society,Drama,3
U1096,M005,The Conjuring,Horror,3
U1096,M072,Nightcrawler,Thriller,2
U1096,M046,The Act of Killing,Documentary,5
U1096,M012,The Hangover,Comedy,1
U1097,M066,Before Sunrise,Romance,3
U1097,M001,The Dark Knight,Action,2
U1097,M045,13th,Documentary,5
U1097,M070,Prisoners,Thriller,2
U1097,M095,The Martian,Sci-Fi,4
U1097,M011,A Quiet Place,Horror,1
U1097,M094,Dune,Sci-Fi,4
U1097,M013,Parasite,Thriller,5
U1097,M042,Coco,Animation,3
U1097,M058,The Terminator,Sci-Fi,1
U1097,M034,Joker,Drama,4
U1097,M035,The Big Lebowski,Comedy,1
U1097,M092,Iron Man,Action,5
U1097,M080,Good Will Hunting,Drama,3
U1097,M051,Pan's Labyrinth,Fantasy,2
U1097,M086,Airplane!,Comedy,3
U1098,M040,WALL-E,Animation,5
U1098,M016,Hereditary,Horror,4
U1098,M070,Prisoners,Thriller,5
U1098,M036,Se7en,Thriller,3
U1098,M003,The Notebook,Romance,1
U1098,M098,The Menu,Thriller,3
U1098,M032,The Pursuit of Happyness,Drama,5
U1098,M078,Schindler's List,Drama,4
U1098,M092,Iron Man,Action,5
U1098,M020,John Wick,Action,5
U1098,M023,The Matrix,Sci-Fi,4
U1098,M011,A Quiet Place,Horror,3
U1098,M004,Interstellar,Sci-Fi,1
U1098,M088,Black Panther,Action,4
U1098,M027,Gone Girl,Thriller,5
U1099,M020,John Wick,Action,3
U1099,M051,Pan's Labyrinth,Fantasy,2
U1099,M042,Coco,Animation,5
U1099,M021,Bridesmaids,Comedy,3
U1099,M078,Schindler's List,Drama,5
U1100,M027,Gone Girl,Thriller,4
U1100,M093,Everything Everywhere All at Once,Sci-Fi,3
U1100,M031,Whiplash,Drama,2
U1100,M044,Free Solo,Documentary,5
U1100,M054,Top Gun: Maverick,Action,5
U1100,M017,Forrest Gump,Drama,2
U1100,M026,Mad Max: Fury Road,Action,4
U1100,M008,Get Out,Horror,4
U1100,M025,It,Horror,1
U1100,M078,Schindler's List,Drama,5
U1100,M060,Arrival,Sci-Fi,5
U1101,M006,Avengers: Endgame,Action,4
U1101,M077,Us,Horror,1
U1101,M022,Midsommar,Horror,1
U1101,M087,The Mask,Comedy,3
U1101,M092,Iron Man,Action,5
U1101,M016,Hereditary,Horror,3
U1101,M090,Doctor Strange,Action,5
U1101,M079,12 Angry Men,Drama,4
U1101,M012,The Hangover,Comedy,5
U1101,M070,Prisoners,Thriller,2
U1101,M093,Everything Everywhere All at Once,Sci-Fi,3
U1101,M089,Spider-Man: No Way Home,Action,2
U1101,M081,Dead Poets Society,Drama,5
U1101,M037,Toy Story,Animation,4
U1101,M029,Blade Runner 2049,Sci-Fi,2
U1101,M011,A Quiet Place,Horror,1
U1101,M026,Mad Max: Fury Road,Action,1
U1101,M088,Black Panther,Action,5
U1101,M019,Alien,Sci-Fi,4
U1101,M050,The Hobbit,Fantasy,2
U1102,M059,2001: A Space Odyssey,Sci-Fi,3
U1102,M088,Black Panther,Action,3
U1102,M087,The Mask,Comedy,4
U1102,M021,Bridesmaids,Comedy,1
U1102,M019,Alien,Sci-Fi,5
U1102,M003,The Notebook,Romance,2
U1102,M041,Spirited Away,Animation,4
U1102,M029,Blade Runner 2049,Sci-Fi,1
U1102,M077,Us,Horror,4
U1102,M061,Ex Machina,Sci-Fi,1
U1102,M001,The Dark Knight,Action,3
U1102,M062,Gravity,Sci-Fi,4
U1102,M035,The Big Lebowski,Comedy,1
U1102,M047,Jiro Dreams of Sushi,Documentary,5
U1103,M094,Dune,Sci-Fi,3
U1103,M032,The Pursuit of Happyness,Drama,3
U1103,M074,Rosemary's Baby,Horror,1
U1103,M035,The Big Lebowski,Comedy,2
U1103,M054,Top Gun: Maverick,Action,4
U1103,M063,Casablanca,Romance,1
U1103,M050,The Hobbit,Fantasy,5
U1103,M053,Gladiator,Action,3
U1103,M017,Forrest Gump,Drama,2
U1103,M024,Knives Out,Thriller,3
U1103,M042,Coco,Animation,4
U1103,M090,Doctor Strange,Action,4
U1103,M098,The Menu,Thriller,5
U1103,M049,Harry Potter,Fantasy,4
U1103,M001,The Dark Knight,Action,1
U1104,M050,The Hobbit,Fantasy,2
U1104,M067,The Fault in Our Stars,Romance,2
U1104,M052,Princess Mononoke,Fantasy,5
U1104,M007,Titanic,Romance,1
U1104,M043,Planet Earth,Documentary,4
U1104,M051,Pan's Labyrinth,Fantasy,4
U1104,M031,Whiplash,Drama,2
U1104,M006,Avengers: Endgame,Action,5
U1104,M056,Die Hard,Action,5
U1104,M002,Inception,Sci-Fi,5
U1104,M048,The Lord of the Rings,Fantasy,2
U1105,M028,La La Land,Romance,1
U1105,M076,Annihilation,Horror,2
U1105,M006,Avengers: Endgame,Action,1
U1105,M016,Hereditary,Horror,2
U1105,M022,Midsommar,Horror,3
U1106,M003,The Notebook,Romance,3
U1106,M078,Schindler's List,Drama,5
U1106,M034,Joker,Drama,5
U1106,M044,Free Solo,Documentary,5
U1106,M021,Bridesmaids,Comedy,3
U1106,M089,Spider-Man: No Way Home,Action,2
U1106,M026,Mad Max: Fury Road,Action,1
U1106,M099,Barbarian,Horror,5
U1106,M059,2001: A Space Odyssey,Sci-Fi,2
U1107,M006,Avengers: Endgame,Action,2
U1107,M007,Titanic,Romance,1
U1107,M080,Good Will Hunting,Drama,4
U1107,M092,Iron Man,Action,3
U1107,M069,No Country for Old Men,Thriller,5
U1107,M056,Die Hard,Action,5
U1107,M018,Superbad,Comedy,3
U1107,M060,Arrival,Sci-Fi,3
U1107,M045,13th,Documentary,3
U1107,M064,When Harry Met Sally,Romance,2
U1107,M038,Finding Nemo,Animation,5
U1107,M085,Step Brothers,Comedy,1
U1107,M042,Coco,Animation,3
U1107,M033,Pitch Perfect,Comedy,5
U1107,M035,The Big Lebowski,Comedy,1
U1107,M081,Dead Poets Society,Drama,5
U1107,M076,Annihilation,Horror,1
U1108,M045,13th,Documentary,5
U1108,M081,Dead Poets Society,Drama,5
U1108,M068,The Silence of the Lambs,Thriller,2
U1108,M028,La La Land,Romance,3
U1108,M037,Toy Story,Animation,5
U1108,M098,The Menu,Thriller,5
U1108,M043,Planet Earth,Documentary,1
U1108,M051,Pan's Labyrinth,Fantasy,3
U1108,M052,Princess Mononoke,Fantasy,4
U1108,M021,Bridesmaids,Comedy,1
U1108,M022,Midsommar,Horror,4
U1108,M077,Us,Horror,2
U1108,M088,Black Panther,Action,3
U1108,M048,The Lord of the Rings,Fantasy,5
U1108,M020,John Wick,Action,4
U1108,M016,Hereditary,Horror,1
U1108,M064,When Harry Met Sally,Romance,4
U1109,M038,Finding Nemo,Animation,5
U1109,M058,The Terminator,Sci-Fi,4
U1109,M082,A Beautiful Mind,Drama,2
U1109,M020,John Wick,Action,2
U1109,M097,Moon,Sci-Fi,2
U1110,M009,The Grand Budapest Hotel,Comedy,4
U1110,M047,Jiro Dreams of Sushi,Documentary,1
U1110,M065,Eternal Sunshine,Romance,3
U1110,M004,Interstellar,Sci-Fi,4
U1110,M010,Pride and Prejudice,Romance,1
U1110,M048,The Lord of the Rings,Fantasy,4
U1110,M026,Mad Max: Fury Road,Action,5
U1110,M088,Black Panther,Action,4
U1110,M001,The Dark Knight,Action,5
U1110,M057,Speed,Action,1
U1110,M030,The Wolf of Wall Street,Drama,4
U1110,M087,The Mask,Comedy,2
U1110,M093,Everything Everywhere All at Once,Sci-Fi,2
U1110,M082,A Beautiful Mind,Drama,4
U1110,M012,The Hangover,Comedy,3
U1110,M055,Mission Impossible,Action,1
U1111,M032,The Pursuit of Happyness,Drama,4
U1111,M076,Annihilation,Horror,2
U1111,M042,Coco,Animation,3
U1111,M040,WALL-E,Animation,4
U1111,M057,Speed,Action,4
U1111,M073,The Exorcist,Horror,5
U1111,M034,Joker,Drama,2
U1111,M008,Get Out,Horror,3
U1111,M091,Thor: Ragnarok,Action,4
U1111,M049,Harry Potter,Fantasy,2
U1111,M094,Dune,Sci-Fi,5
U1112,M098,The Menu,Thriller,5
U1112,M083,Monty Python,Comedy,3
U1112,M068,The Silence of the Lambs,Thriller,5
U1112,M082,A Beautiful Mind,Drama,5
U1112,M074,Rosemary's Baby,Horror,2
U1112,M069,No Country for Old Men,Thriller,5
U1112,M051,Pan's Labyrinth,Fantasy,4
U1113,M016,Hereditary,Horror,4
U1113,M071,Zodiac,Thriller,2
U1113,M031,Whiplash,Drama,3
U1113,M025,It,Horror,2
U1113,M042,Coco,Animation,5
U1113,M092,Iron Man,Action,4
U1113,M078,Schindler's List,Drama,2
U1113,M064,When Harry Met Sally,Romance,5
U1113,M034,Joker,Drama,4
U1113,M081,Dead Poets Society,Drama,3
U1113,M086,Airplane!,Comedy,1
U1113,M072,Nightcrawler,Thriller,2
U1113,M059,2001: A Space Odyssey,Sci-Fi,5
U1113,M051,Pan's Labyrinth,Fantasy,3
U1113,M001,The Dark Knight,Action,2
U1113,M048,The Lord of the Rings,Fantasy,2
U1113,M088,Black Panther,Action,5
U1114,M056,Die Hard,Action,3
U1114,M063,Casablanca,Romance,3
U1114,M031,Whiplash,Drama,2
U1114,M028,La La Land,Romance,2
U1114,M025,It,Horror,5
U1114,M019,Alien,Sci-Fi,2
U1114,M089,Spider-Man: No Way Home,Action,3
U1114,M091,Thor: Ragnarok,Action,2
U1114,M078,Schindler's List,Drama,3
U1114,M090,Doctor Strange,Action,4
U1114,M062,Gravity,Sci-Fi,4
U1114,M088,Black Panther,Action,4
U1114,M018,Superbad,Comedy,5
U1114,M027,Gone Girl,Thriller,5
U1114,M073,The Exorcist,Horror,2
U1114,M052,Princess Mononoke,Fantasy,4
U1115,M057,Speed,Action,2
U1115,M061,Ex Machina,Sci-Fi,1
U1115,M031,Whiplash,Drama,3
U1115,M080,Good Will Hunting,Drama,3
U1115,M091,Thor: Ragnarok,Action,2
U1115,M021,Bridesmaids,Comedy,1
U1115,M029,Blade Runner 2049,Sci-Fi,5
U1115,M093,Everything Everywhere All at Once,Sci-Fi,1
U1115,M069,No Country for Old Men,Thriller,4
U1115,M044,Free Solo,Documentary,1
U1116,M055,Mission Impossible,Action,3
U1116,M079,12 Angry Men,Drama,4
U1116,M025,It,Horror,2
U1116,M030,The Wolf of Wall Street,Drama,3
U1116,M098,The Menu,Thriller,4
U1116,M023,The Matrix,Sci-Fi,4
U1116,M067,The Fault in Our Stars,Romance,1
U1117,M078,Schindler's List,Drama,4
U1117,M002,Inception,Sci-Fi,2
U1117,M087,The Mask,Comedy,4
U1117,M062,Gravity,Sci-Fi,1
U1117,M043,Planet Earth,Documentary,4
U1117,M042,Coco,Animation,4
U1117,M011,A Quiet Place,Horror,4
U1117,M035,The Big Lebowski,Comedy,5
U1117,M089,Spider-Man: No Way Home,Action,5
U1118,M026,Mad Max: Fury Road,Action,4
U1118,M071,Zodiac,Thriller,4
U1118,M029,Blade Runner 2049,Sci-Fi,2
U1118,M016,Hereditary,Horror,2
U1118,M004,Interstellar,Sci-Fi,2
U1118,M001,The Dark Knight,Action,2
U1118,M092,Iron Man,Action,4
U1119,M017,Forrest Gump,Drama,5
U1119,M064,When Harry Met Sally,Romance,1
U1119,M058,The Terminator,Sci-Fi,4
U1119,M060,Arrival,Sci-Fi,4
U1119,M028,La La Land,Romance,3
U1119,M027,Gone Girl,Thriller,5
U1119,M010,Pride and Prejudice,Romance,1
U1119,M054,Top Gun: Maverick,Action,4
U1119,M093,Everything Everywhere All at Once,Sci-Fi,1
U1120,M072,Nightcrawler,Thriller,5
U1120,M047,Jiro Dreams of Sushi,Documentary,3
U1120,M007,Titanic,Romance,2
U1120,M031,Whiplash,Drama,4
U1120,M049,Harry Potter,Fantasy,2
U1120,M005,The Conjuring,Horror,1
U1120,M043,Planet Earth,Documentary,4
U1120,M079,12 Angry Men,Drama,4
U1120,M041,Spirited Away,Animation,3
U1120,M022,Midsommar,Horror,2
U1120,M080,Good Will Hunting,Drama,5
U1121,M003,The Notebook,Romance,3
U1121,M087,The Mask,Comedy,5
U1121,M083,Monty Python,Comedy,1
U1121,M056,Die Hard,Action,4
U1121,M061,Ex Machina,Sci-Fi,2
U1121,M098,The Menu,Thriller,2
U1121,M047,Jiro Dreams of Sushi,Documentary,1
U1121,M065,Eternal Sunshine,Romance,2
U1121,M022,Midsommar,Horror,4
U1121,M055,Mission Impossible,Action,2
U1121,M059,2001: A Space Odyssey,Sci-Fi,5
U1121,M054,Top Gun: Maverick,Action,3
U1121,M018,Superbad,Comedy,4
U1122,M053,Gladiator,Action,1
U1122,M094,Dune,Sci-Fi,5
U1122,M010,Pride and Prejudice,Romance,2
U1122,M037,Toy Story,Animation,5
U1122,M074,Rosemary's Baby,Horror,5
U1122,M058,The Terminator,Sci-Fi,4
U1122,M035,The Big Lebowski,Comedy,5
U1122,M041,Spirited Away,Animation,5
U1122,M077,Us,Horror,3
U1122,M063,Casablanca,Romance,5
U1122,M083,Monty Python,Comedy,1
U1122,M076,Annihilation,Horror,3
U1122,M027,Gone Girl,Thriller,5
U1123,M005,The Conjuring,Horror,2
U1123,M076,Annihilation,Horror,2
U1123,M095,The Martian,Sci-Fi,5
U1123,M080,Good Will Hunting,Drama,4
U1123,M041,Spirited Away,Animation,5
U1123,M002,Inception,Sci-Fi,1
U1123,M037,Toy Story,Animation,4
U1123,M077,Us,Horror,1
U1123,M090,Doctor Strange,Action,2
U1123,M085,Step Brothers,Comedy,5
U1123,M027,Gone Girl,Thriller,5
U1123,M019,Alien,Sci-Fi,5
U1123,M054,Top Gun: Maverick,Action,1
U1123,M100,Nope,Horror,1
U1123,M056,Die Hard,Action,3
U1123,M038,Finding Nemo,Animation,5
U1123,M028,La La Land,Romance,3
U1123,M017,Forrest Gump,Drama,5
U1124,M030,The Wolf of Wall Street,Drama,5
U1124,M033,Pitch Perfect,Comedy,3
U1124,M003,The Notebook,Romance,4
U1124,M001,The Dark Knight,Action,3
U1124,M090,Doctor Strange,Action,2
U1124,M010,Pride and Prejudice,Romance,2
U1124,M024,Knives Out,Thriller,4
U1124,M088,Black Panther,Action,4
U1124,M058,The Terminator,Sci-Fi,4
U1124,M056,Die Hard,Action,5
U1124,M095,The Martian,Sci-Fi,4
U1124,M021,Bridesmaids,Comedy,1
U1124,M018,Superbad,Comedy,5
U1124,M025,It,Horror,5
U1124,M076,Annihilation,Horror,5
U1125,M017,Forrest Gump,Drama,4
U1125,M027,Gone Girl,Thriller,5
U1125,M058,The Terminator,Sci-Fi,3
U1125,M068,The Silence of the Lambs,Thriller,2
U1125,M083,Monty Python,Comedy,4
U1125,M070,Prisoners,Thriller,5
U1125,M084,Anchorman,Comedy,1
U1125,M062,Gravity,Sci-Fi,4
U1125,M008,Get Out,Horror,1
U1126,M090,Doctor Strange,Action,5
U1126,M093,Everything Everywhere All at Once,Sci-Fi,3
U1126,M033,Pitch Perfect,Comedy,4
U1126,M074,Rosemary's Baby,Horror,1
U1126,M083,Monty Python,Comedy,3
U1126,M048,The Lord of the Rings,Fantasy,5
U1126,M052,Princess Mononoke,Fantasy,4
U1126,M040,WALL-E,Animation,5
U1126,M060,Arrival,Sci-Fi,5
U1126,M096,Annihilation,Sci-Fi,3
U1126,M077,Us,Horror,5
U1127,M025,It,Horror,4
U1127,M087,The Mask,Comedy,4
U1127,M070,Prisoners,Thriller,3
U1127,M031,Whiplash,Drama,2
U1127,M001,The Dark Knight,Action,1
U1127,M080,Good Will Hunting,Drama,5
U1127,M057,Speed,Action,3
U1127,M020,John Wick,Action,3
U1127,M026,Mad Max: Fury Road,Action,3
U1127,M051,Pan's Labyrinth,Fantasy,4
U1127,M016,Hereditary,Horror,5
U1127,M007,Titanic,Romance,4
U1127,M008,Get Out,Horror,3
U1127,M074,Rosemary's Baby,Horror,3
U1127,M019,Alien,Sci-Fi,4
U1127,M054,Top Gun: Maverick,Action,5
U1127,M011,A Quiet Place,Horror,4
U1128,M042,Coco,Animation,5
U1128,M097,Moon,Sci-Fi,3
U1128,M098,The Menu,Thriller,5
U1128,M046,The Act of Killing,Documentary,4
U1128,M064,When Harry Met Sally,Romance,5
U1128,M013,Parasite,Thriller,3
U1128,M023,The Matrix,Sci-Fi,3
U1128,M033,Pitch Perfect,Comedy,1
U1128,M061,Ex Machina,Sci-Fi,3
U1128,M056,Die Hard,Action,1
U1128,M036,Se7en,Thriller,5
U1128,M001,The Dark Knight,Action,4
U1128,M007,Titanic,Romance,3
U1128,M050,The Hobbit,Fantasy,4
U1128,M068,The Silence of the Lambs,Thriller,4
U1129,M020,John Wick,Action,5
U1129,M023,The Matrix,Sci-Fi,5
U1129,M033,Pitch Perfect,Comedy,4
U1129,M039,Up,Animation,4
U1129,M034,Joker,Drama,2
U1129,M009,The Grand Budapest Hotel,Comedy,2
U1129,M099,Barbarian,Horror,2
U1129,M066,Before Sunrise,Romance,2
U1130,M069,No Country for Old Men,Thriller,3
U1130,M055,Mission Impossible,Action,2
U1130,M003,The Notebook,Romance,5
U1130,M066,Before Sunrise,Romance,4
U1130,M100,Nope,Horror,1
U1130,M030,The Wolf of Wall Street,Drama,3
U1130,M041,Spirited Away,Animation,3
U1130,M061,Ex Machina,Sci-Fi,3
U1130,M006,Avengers: Endgame,Action,1
U1130,M094,Dune,Sci-Fi,5
U1130,M009,The Grand Budapest Hotel,Comedy,5
U1130,M058,The Terminator,Sci-Fi,5
U1130,M032,The Pursuit of Happyness,Drama,3
U1130,M053,Gladiator,Action,1
U1130,M025,It,Horror,5
U1130,M080,Good Will Hunting,Drama,4
U1130,M039,Up,Animation,3
U1130,M035,The Big Lebowski,Comedy,2
U1131,M086,Airplane!,Comedy,3
U1131,M075,The Shining,Horror,3
U1131,M002,Inception,Sci-Fi,2
U1131,M099,Barbarian,Horror,5
U1131,M056,Die Hard,Action,3
U1131,M082,A Beautiful Mind,Drama,2
U1131,M009,The Grand Budapest Hotel,Comedy,2
U1131,M078,Schindler's List,Drama,4
U1131,M061,Ex Machina,Sci-Fi,4
U1131,M077,Us,Horror,5
U1131,M063,Casablanca,Romance,3
U1131,M074,Rosemary's Baby,Horror,5
U1131,M018,Superbad,Comedy,1
U1132,M041,Spirited Away,Animation,4
U1132,M006,Avengers: Endgame,Action,4
U1132,M060,Arrival,Sci-Fi,2
U1132,M027,Gone Girl,Thriller,5
U1132,M046,The Act of Killing,Documentary,3
U1132,M097,Moon,Sci-Fi,1
U1132,M099,Barbarian,Horror,3
U1132,M049,Harry Potter,Fantasy,5
U1132,M089,Spider-Man: No Way Home,Action,5
U1132,M063,Casablanca,Romance,1
U1132,M039,Up,Animation,4
U1132,M066,Before Sunrise,Romance,4
U1132,M002,Inception,Sci-Fi,1
U1132,M074,Rosemary's Baby,Horror,2
U1133,M035,The Big Lebowski,Comedy,3
U1133,M019,Alien,Sci-Fi,5
U1133,M084,Anchorman,Comedy,1
U1133,M006,Avengers: Endgame,Action,4
U1133,M030,The Wolf of Wall Street,Drama,3
U1133,M012,The Hangover,Comedy,3
U1133,M046,The Act of Killing,Documentary,2
U1133,M068,The Silence of the Lambs,Thriller,2
U1133,M077,Us,Horror,2
U1133,M098,The Menu,Thriller,2
U1133,M018,Superbad,Comedy,5
U1133,M043,Planet Earth,Documentary,4
U1133,M067,The Fault in Our Stars,Romance,4
U1134,M037,Toy Story,Animation,5
U1134,M069,No Country for Old Men,Thriller,5
U1134,M056,Die Hard,Action,2
U1134,M059,2001: A Space Odyssey,Sci-Fi,5
U1134,M047,Jiro Dreams of Sushi,Documentary,3
U1134,M079,12 Angry Men,Drama,5
U1134,M015,Crazy Rich Asians,Romance,4
U1134,M085,Step Brothers,Comedy,5
U1134,M040,WALL-E,Animation,4
U1134,M009,The Grand Budapest Hotel,Comedy,1
U1134,M066,Before Sunrise,Romance,5
U1134,M055,Mission Impossible,Action,4
U1134,M095,The Martian,Sci-Fi,2
U1134,M035,The Big Lebowski,Comedy,2
U1134,M088,Black Panther,Action,2
U1134,M067,The Fault in Our Stars,Romance,2
U1134,M093,Everything Everywhere All at Once,Sci-Fi,4
U1134,M021,Bridesmaids,Comedy,1
U1134,M026,Mad Max: Fury Road,Action,3
U1134,M001,The Dark Knight,Action,5
U1135,M092,Iron Man,Action,4
U1135,M080,Good Will Hunting,Drama,3
U1135,M097,Moon,Sci-Fi,5
U1135,M036,Se7en,Thriller,3
U1135,M022,Midsommar,Horror,1
U1135,M059,2001: A Space Odyssey,Sci-Fi,3
U1135,M054,Top Gun: Maverick,Action,1
U1135,M062,Gravity,Sci-Fi,5
U1135,M038,Finding Nemo,Animation,3
U1135,M067,The Fault in Our Stars,Romance,4
U1135,M027,Gone Girl,Thriller,5
U1135,M013,Parasite,Thriller,5
U1135,M057,Speed,Action,2
U1135,M025,It,Horror,3
U1135,M090,Doctor Strange,Action,2
U1135,M001,The Dark Knight,Action,4
U1135,M050,The Hobbit,Fantasy,4
U1136,M073,The Exorcist,Horror,4
U1136,M040,WALL-E,Animation,3
U1136,M054,Top Gun: Maverick,Action,4
U1136,M080,Good Will Hunting,Drama,5
U1136,M071,Zodiac,Thriller,5
U1136,M076,Annihilation,Horror,5
U1136,M003,The Notebook,Romance,1
U1136,M020,John Wick,Action,2
U1136,M031,Whiplash,Drama,3
U1136,M018,Superbad,Comedy,2
U1136,M059,2001: A Space Odyssey,Sci-Fi,4
U1136,M093,Everything Everywhere All at Once,Sci-Fi,5
U1136,M019,Alien,Sci-Fi,1
U1136,M029,Blade Runner 2049,Sci-Fi,1
U1136,M084,Anchorman,Comedy,4
U1137,M035,The Big Lebowski,Comedy,1
U1137,M092,Iron Man,Action,4
U1137,M070,Prisoners,Thriller,5
U1137,M081,Dead Poets Society,Drama,5
U1137,M082,A Beautiful Mind,Drama,4
U1137,M058,The Terminator,Sci-Fi,3
U1137,M008,Get Out,Horror,2
U1137,M086,Airplane!,Comedy,5
U1137,M071,Zodiac,Thriller,5
U1137,M036,Se7en,Thriller,2
U1137,M060,Arrival,Sci-Fi,5
U1137,M075,The Shining,Horror,5
U1137,M042,Coco,Animation,5
U1137,M091,Thor: Ragnarok,Action,1
U1137,M034,Joker,Drama,5
U1138,M060,Arrival,Sci-Fi,3
U1138,M066,Before Sunrise,Romance,5
U1138,M009,The Grand Budapest Hotel,Comedy,5
U1138,M046,The Act of Killing,Documentary,4
U1138,M075,The Shining,Horror,2
U1138,M042,Coco,Animation,5
U1138,M064,When Harry Met Sally,Romance,5
U1138,M078,Schindler's List,Drama,3
U1138,M008,Get Out,Horror,5
U1138,M072,Nightcrawler,Thriller,4
U1138,M039,Up,Animation,5
U1139,M053,Gladiator,Action,1
U1139,M027,Gone Girl,Thriller,5
U1139,M068,The Silence of the Lambs,Thriller,5
U1139,M003,The Notebook,Romance,1
U1139,M020,John Wick,Action,2
U1139,M088,Black Panther,Action,5
U1139,M062,Gravity,Sci-Fi,5
U1139,M052,Princess Mononoke,Fantasy,5
U1139,M011,A Quiet Place,Horror,4
U1139,M031,Whiplash,Drama,2
U1139,M076,Annihilation,Horror,5
U1139,M014,The Shawshank Redemption,Drama,3
U1139,M024,Knives Out,Thriller,2
U1139,M015,Crazy Rich Asians,Romance,4
U1139,M081,Dead Poets Society,Drama,2
U1139,M086,Airplane!,Comedy,4
U1139,M078,Schindler's List,Drama,5
U1139,M004,Interstellar,Sci-Fi,5
U1139,M043,Planet Earth,Documentary,1
U1140,M007,Titanic,Romance,5
U1140,M059,2001: A Space Odyssey,Sci-Fi,5
U1140,M076,Annihilation,Horror,2
U1140,M017,Forrest Gump,Drama,5
U1140,M029,Blade Runner 2049,Sci-Fi,5
U1140,M062,Gravity,Sci-Fi,5
U1140,M100,Nope,Horror,2
U1140,M019,Alien,Sci-Fi,2
U1141,M091,Thor: Ragnarok,Action,3
U1141,M066,Before Sunrise,Romance,4
U1141,M085,Step Brothers,Comedy,5
U1141,M056,Die Hard,Action,5
U1141,M039,Up,Animation,5
U1141,M078,Schindler's List,Drama,5
U1141,M059,2001: A Space Odyssey,Sci-Fi,2
U1141,M006,Avengers: Endgame,Action,2
U1141,M032,The Pursuit of Happyness,Drama,4
U1141,M092,Iron Man,Action,3
U1141,M041,Spirited Away,Animation,5
U1141,M054,Top Gun: Maverick,Action,1
U1141,M063,Casablanca,Romance,4
U1142,M031,Whiplash,Drama,2
U1142,M095,The Martian,Sci-Fi,5
U1142,M013,Parasite,Thriller,5
U1142,M099,Barbarian,Horror,5
U1142,M022,Midsommar,Horror,5
U1142,M085,Step Brothers,Comedy,2
U1142,M028,La La Land,Romance,5
U1142,M042,Coco,Animation,4
U1142,M043,Planet Earth,Documentary,3
U1142,M044,Free Solo,Documentary,3
U1142,M081,Dead Poets Society,Drama,2
U1142,M006,Avengers: Endgame,Action,3
U1142,M088,Black Panther,Action,3
U1142,M041,Spirited Away,Animation,5
U1142,M057,Speed,Action,5
U1142,M087,The Mask,Comedy,2
U1142,M005,The Conjuring,Horror,1
U1142,M046,The Act of Killing,Documentary,1
U1142,M017,Forrest Gump,Drama,4
U1143,M040,WALL-E,Animation,4
U1143,M062,Gravity,Sci-Fi,2
U1143,M007,Titanic,Romance,3
U1143,M084,Anchorman,Comedy,1
U1143,M090,Doctor Strange,Action,2
U1143,M014,The Shawshank Redemption,Drama,5
U1143,M097,Moon,Sci-Fi,5
U1144,M015,Crazy Rich Asians,Romance,3
U1144,M042,Coco,Animation,4
U1144,M081,Dead Poets Society,Drama,4
U1144,M097,Moon,Sci-Fi,4
U1144,M051,Pan's Labyrinth,Fantasy,5
U1144,M100,Nope,Horror,3
U1144,M069,No Country for Old Men,Thriller,4
U1144,M078,Schindler's List,Drama,5
U1144,M010,Pride and Prejudice,Romance,4
U1144,M096,Annihilation,Sci-Fi,5
U1144,M005,The Conjuring,Horror,3
U1144,M075,The Shining,Horror,1
U1144,M082,A Beautiful Mind,Drama,3
U1144,M057,Speed,Action,4
U1144,M058,The Terminator,Sci-Fi,4
U1144,M080,Good Will Hunting,Drama,4
U1144,M007,Titanic,Romance,1
U1144,M019,Alien,Sci-Fi,1
U1144,M030,The Wolf of Wall Street,Drama,5
U1145,M018,Superbad,Comedy,3
U1145,M079,12 Angry Men,Drama,5
U1145,M041,Spirited Away,Animation,5
U1145,M062,Gravity,Sci-Fi,3
U1145,M028,La La Land,Romance,4
U1145,M098,The Menu,Thriller,3
U1145,M064,When Harry Met Sally,Romance,5
U1145,M065,Eternal Sunshine,Romance,2
U1145,M085,Step Brothers,Comedy,4
U1145,M027,Gone Girl,Thriller,3
U1145,M016,Hereditary,Horror,1
U1146,M072,Nightcrawler,Thriller,4
U1146,M100,Nope,Horror,1
U1146,M096,Annihilation,Sci-Fi,4
U1146,M027,Gone Girl,Thriller,4
U1146,M091,Thor: Ragnarok,Action,1
U1146,M005,The Conjuring,Horror,5
U1146,M018,Superbad,Comedy,3
U1146,M073,The Exorcist,Horror,3
U1146,M012,The Hangover,Comedy,5
U1146,M043,Planet Earth,Documentary,2
U1146,M048,The Lord of the Rings,Fantasy,5
U1146,M085,Step Brothers,Comedy,4
U1146,M039,Up,Animation,5
U1146,M083,Monty Python,Comedy,1
U1146,M021,Bridesmaids,Comedy,4
U1146,M030,The Wolf of Wall Street,Drama,3
U1146,M023,The Matrix,Sci-Fi,3
U1147,M050,The Hobbit,Fantasy,2
U1147,M061,Ex Machina,Sci-Fi,4
U1147,M091,Thor: Ragnarok,Action,3
U1147,M033,Pitch Perfect,Comedy,5
U1147,M023,The Matrix,Sci-Fi,1
U1147,M094,Dune,Sci-Fi,4
U1147,M016,Hereditary,Horror,1
U1147,M045,13th,Documentary,4
U1147,M096,Annihilation,Sci-Fi,1
U1147,M081,Dead Poets Society,Drama,4
U1147,M074,Rosemary's Baby,Horror,1
U1147,M046,The Act of Killing,Documentary,2
U1147,M070,Prisoners,Thriller,3
U1147,M037,Toy Story,Animation,3
U1148,M052,Princess Mononoke,Fantasy,4
U1148,M073,The Exorcist,Horror,3
U1148,M071,Zodiac,Thriller,5
U1148,M010,Pride and Prejudice,Romance,4
U1148,M083,Monty Python,Comedy,1
U1148,M037,Toy Story,Animation,5
U1148,M013,Parasite,Thriller,4
U1148,M030,The Wolf of Wall Street,Drama,5
U1149,M089,Spider-Man: No Way Home,Action,3
U1149,M063,Casablanca,Romance,2
U1149,M058,The Terminator,Sci-Fi,2
U1149,M037,Toy Story,Animation,3
U1149,M004,Interstellar,Sci-Fi,2
U1149,M095,The Martian,Sci-Fi,4
U1149,M017,Forrest Gump,Drama,4
U1149,M076,Annihilation,Horror,1
U1149,M093,Everything Everywhere All at Once,Sci-Fi,5
U1149,M069,No Country for Old Men,Thriller,5
U1149,M052,Princess Mononoke,Fantasy,4
U1150,M015,Crazy Rich Asians,Romance,4
U1150,M072,Nightcrawler,Thriller,5
U1150,M025,It,Horror,4
U1150,M054,Top Gun: Maverick,Action,4
U1150,M049,Harry Potter,Fantasy,2
U1150,M058,The Terminator,Sci-Fi,1
U1150,M059,2001: A Space Odyssey,Sci-Fi,2
U1150,M016,Hereditary,Horror,3
U1150,M077,Us,Horror,4
U1150,M096,Annihilation,Sci-Fi,2
U1151,M023,The Matrix,Sci-Fi,2
U1151,M005,The Conjuring,Horror,4
U1151,M018,Superbad,Comedy,4
U1151,M017,Forrest Gump,Drama,5
U1151,M088,Black Panther,Action,2
U1151,M090,Doctor Strange,Action,4
U1151,M029,Blade Runner 2049,Sci-Fi,4
U1151,M035,The Big Lebowski,Comedy,3
U1151,M079,12 Angry Men,Drama,5
U1151,M076,Annihilation,Horror,1
U1151,M070,Prisoners,Thriller,2
U1151,M006,Avengers: Endgame,Action,4
U1151,M010,Pride and Prejudice,Romance,4
U1152,M042,Coco,Animation,4
U1152,M020,John Wick,Action,3
U1152,M082,A Beautiful Mind,Drama,2
U1152,M039,Up,Animation,5
U1152,M036,Se7en,Thriller,3
U1152,M052,Princess Mononoke,Fantasy,3
U1152,M016,Hereditary,Horror,2
U1153,M009,The Grand Budapest Hotel,Comedy,2
U1153,M059,2001: A Space Odyssey,Sci-Fi,4
U1153,M039,Up,Animation,4
U1153,M051,Pan's Labyrinth,Fantasy,2
U1153,M047,Jiro Dreams of Sushi,Documentary,5
U1153,M056,Die Hard,Action,5
U1153,M040,WALL-E,Animation,4
U1153,M018,Superbad,Comedy,4
U1153,M049,Harry Potter,Fantasy,5
U1153,M007,Titanic,Romance,3
U1153,M015,Crazy Rich Asians,Romance,3
U1153,M071,Zodiac,Thriller,5
U1153,M050,The Hobbit,Fantasy,3
U1153,M032,The Pursuit of Happyness,Drama,3
U1153,M063,Casablanca,Romance,4
U1153,M097,Moon,Sci-Fi,4
U1154,M034,Joker,Drama,3
U1154,M012,The Hangover,Comedy,3
U1154,M039,Up,Animation,4
U1154,M078,Schindler's List,Drama,4
U1154,M006,Avengers: Endgame,Action,5
U1154,M004,Interstellar,Sci-Fi,4
U1154,M028,La La Land,Romance,4
U1154,M071,Zodiac,Thriller,3
U1154,M042,Coco,Animation,4
U1154,M001,The Dark Knight,Action,5
U1154,M023,The Matrix,Sci-Fi,5
U1154,M096,Annihilation,Sci-Fi,2
U1154,M043,Planet Earth,Documentary,5
U1154,M044,Free Solo,Documentary,1
U1154,M009,The Grand Budapest Hotel,Comedy,3
U1154,M094,Dune,Sci-Fi,4
U1154,M093,Everything Everywhere All at Once,Sci-Fi,2
U1155,M009,The Grand Budapest Hotel,Comedy,3
U1155,M033,Pitch Perfect,Comedy,5
U1155,M047,Jiro Dreams of Sushi,Documentary,2
U1155,M036,Se7en,Thriller,3
U1155,M049,Harry Potter,Fantasy,4
U1155,M094,Dune,Sci-Fi,1
U1155,M095,The Martian,Sci-Fi,1
U1155,M090,Doctor Strange,Action,3
U1155,M011,A Quiet Place,Horror,5
U1155,M048,The Lord of the Rings,Fantasy,4
U1155,M088,Black Panther,Action,5
U1155,M062,Gravity,Sci-Fi,5
U1156,M076,Annihilation,Horror,2
U1156,M041,Spirited Away,Animation,3
U1156,M028,La La Land,Romance,5
U1156,M009,The Grand Budapest Hotel,Comedy,3
U1156,M018,Superbad,Comedy,5
U1156,M089,Spider-Man: No Way Home,Action,1
U1156,M002,Inception,Sci-Fi,1
U1156,M038,Finding Nemo,Animation,3
U1156,M075,The Shining,Horror,5
U1156,M042,Coco,Animation,5
U1156,M037,Toy Story,Animation,4
U1156,M032,The Pursuit of Happyness,Drama,2
U1156,M057,Speed,Action,3
U1156,M064,When Harry Met Sally,Romance,2
U1156,M084,Anchorman,Comedy,5
U1156,M056,Die Hard,Action,1
U1156,M055,Mission Impossible,Action,3
U1156,M013,Parasite,Thriller,2
U1156,M066,Before Sunrise,Romance,1
U1157,M030,The Wolf of Wall Street,Drama,2
U1157,M056,Die Hard,Action,1
U1157,M062,Gravity,Sci-Fi,5
U1157,M069,No Country for Old Men,Thriller,5
U1157,M053,Gladiator,Action,5
U1157,M022,Midsommar,Horror,3
U1157,M081,Dead Poets Society,Drama,5
U1157,M014,The Shawshank Redemption,Drama,4
U1157,M002,Inception,Sci-Fi,2
U1157,M063,Casablanca,Romance,3
U1157,M071,Zodiac,Thriller,5
U1157,M010,Pride and Prejudice,Romance,1
U1157,M059,2001: A Space Odyssey,Sci-Fi,4
U1158,M019,Alien,Sci-Fi,2
U1158,M055,Mission Impossible,Action,1
U1158,M075,The Shining,Horror,3
U1158,M085,Step Brothers,Comedy,3
U1158,M026,Mad Max: Fury Road,Action,2
U1159,M002,Inception,Sci-Fi,3
U1159,M052,Princess Mononoke,Fantasy,2
U1159,M005,The Conjuring,Horror,3
U1159,M007,Titanic,Romance,2
U1159,M024,Knives Out,Thriller,3
U1159,M025,It,Horror,3
U1159,M065,Eternal Sunshine,Romance,1
U1159,M056,Die Hard,Action,1
U1159,M043,Planet Earth,Documentary,3
U1159,M083,Monty Python,Comedy,2
U1159,M089,Spider-Man: No Way Home,Action,1
U1160,M053,Gladiator,Action,5
U1160,M062,Gravity,Sci-Fi,2
U1160,M005,The Conjuring,Horror,2
U1160,M014,The Shawshank Redemption,Drama,3
U1160,M041,Spirited Away,Animation,4
U1160,M010,Pride and Prejudice,Romance,3
U1160,M033,Pitch Perfect,Comedy,1
U1160,M095,The Martian,Sci-Fi,1
U1160,M076,Annihilation,Horror,3
U1160,M073,The Exorcist,Horror,2
U1160,M019,Alien,Sci-Fi,5
U1160,M003,The Notebook,Romance,2
U1160,M013,Parasite,Thriller,3
U1160,M052,Princess Mononoke,Fantasy,3
U1160,M055,Mission Impossible,Action,1
U1160,M032,The Pursuit of Happyness,Drama,4
U1160,M027,Gone Girl,Thriller,5
U1161,M084,Anchorman,Comedy,1
U1161,M004,Interstellar,Sci-Fi,2
U1161,M013,Parasite,Thriller,4
U1161,M085,Step Brothers,Comedy,5
U1161,M095,The Martian,Sci-Fi,3
U1161,M079,12 Angry Men,Drama,3
U1161,M097,Moon,Sci-Fi,2
U1161,M006,Avengers: Endgame,Action,5
U1161,M010,Pride and Prejudice,Romance,1
U1162,M030,The Wolf of Wall Street,Drama,5
U1162,M083,Monty Python,Comedy,3
U1162,M023,The Matrix,Sci-Fi,3
U1162,M047,Jiro Dreams of Sushi,Documentary,4
U1162,M024,Knives Out,Thriller,4
U1162,M067,The Fault in Our Stars,Romance,3
U1162,M049,Harry Potter,Fantasy,3
U1162,M015,Crazy Rich Asians,Romance,2
U1162,M028,La La Land,Romance,3
U1162,M021,Bridesmaids,Comedy,2
U1162,M032,The Pursuit of Happyness,Drama,5
U1163,M039,Up,Animation,4
U1163,M099,Barbarian,Horror,4
U1163,M079,12 Angry Men,Drama,5
U1163,M057,Speed,Action,4
U1163,M055,Mission Impossible,Action,2
U1163,M001,The Dark Knight,Action,3
U1163,M023,The Matrix,Sci-Fi,5
U1163,M034,Joker,Drama,5
U1163,M075,The Shining,Horror,3
U1163,M066,Before Sunrise,Romance,2
U1163,M056,Die Hard,Action,5
U1163,M025,It,Horror,4
U1163,M035,The Big Lebowski,Comedy,2
U1163,M096,Annihilation,Sci-Fi,3
U1163,M007,Titanic,Romance,4
U1163,M094,Dune,Sci-Fi,1
U1163,M046,The Act of Killing,Documentary,3
U1164,M050,The Hobbit,Fantasy,4
U1164,M052,Princess Mononoke,Fantasy,3
U1164,M048,The Lord of the Rings,Fantasy,5
U1164,M043,Planet Earth,Documentary,1
U1164,M073,The Exorcist,Horror,5
U1164,M009,The Grand Budapest Hotel,Comedy,4
U1164,M035,The Big Lebowski,Comedy,4
U1164,M063,Casablanca,Romance,3
U1164,M098,The Menu,Thriller,2
U1164,M021,Bridesmaids,Comedy,3
U1165,M048,The Lord of the Rings,Fantasy,5
U1165,M029,Blade Runner 2049,Sci-Fi,5
U1165,M032,The Pursuit of Happyness,Drama,5
U1165,M052,Princess Mononoke,Fantasy,3
U1165,M075,The Shining,Horror,5
U1165,M090,Doctor Strange,Action,5
U1165,M021,Bridesmaids,Comedy,3
U1165,M037,Toy Story,Animation,4
U1165,M057,Speed,Action,2
U1165,M100,Nope,Horror,3
U1165,M035,The Big Lebowski,Comedy,2
U1165,M098,The Menu,Thriller,5
U1165,M051,Pan's Labyrinth,Fantasy,4
U1165,M056,Die Hard,Action,5
U1165,M093,Everything Everywhere All at Once,Sci-Fi,2
U1165,M041,Spirited Away,Animation,4
U1165,M086,Airplane!,Comedy,1
U1165,M030,The Wolf of Wall Street,Drama,4
U1165,M044,Free Solo,Documentary,4
U1165,M027,Gone Girl,Thriller,2
U1166,M083,Monty Python,Comedy,3
U1166,M059,2001: A Space Odyssey,Sci-Fi,2
U1166,M090,Doctor Strange,Action,3
U1166,M054,Top Gun: Maverick,Action,4
U1166,M026,Mad Max: Fury Road,Action,5
U1166,M096,Annihilation,Sci-Fi,3
U1166,M081,Dead Poets Society,Drama,5
U1166,M071,Zodiac,Thriller,5
U1166,M029,Blade Runner 2049,Sci-Fi,2
U1166,M042,Coco,Animation,5
U1167,M053,Gladiator,Action,2
U1167,M013,Parasite,Thriller,4
U1167,M051,Pan's Labyrinth,Fantasy,5
U1167,M094,Dune,Sci-Fi,4
U1167,M069,No Country for Old Men,Thriller,5
U1168,M079,12 Angry Men,Drama,5
U1168,M078,Schindler's List,Drama,2
U1168,M097,Moon,Sci-Fi,1
U1168,M098,The Menu,Thriller,5
U1168,M070,Prisoners,Thriller,5
U1168,M085,Step Brothers,Comedy,2
U1168,M010,Pride and Prejudice,Romance,4
U1168,M054,Top Gun: Maverick,Action,1
U1168,M013,Parasite,Thriller,2
U1168,M046,The Act of Killing,Documentary,2
U1168,M029,Blade Runner 2049,Sci-Fi,1
U1168,M087,The Mask,Comedy,4
U1169,M061,Ex Machina,Sci-Fi,5
U1169,M017,Forrest Gump,Drama,5
U1169,M049,Harry Potter,Fantasy,4
U1169,M008,Get Out,Horror,4
U1169,M089,Spider-Man: No Way Home,Action,5
U1169,M022,Midsommar,Horror,1
U1169,M100,Nope,Horror,5
U1169,M099,Barbarian,Horror,2
U1169,M001,The Dark Knight,Action,4
U1169,M013,Parasite,Thriller,4
U1169,M036,Se7en,Thriller,5
U1170,M016,Hereditary,Horror,3
U1170,M017,Forrest Gump,Drama,3
U1170,M037,Toy Story,Animation,5
U1170,M051,Pan's Labyrinth,Fantasy,3
U1170,M026,Mad Max: Fury Road,Action,4
U1170,M076,Annihilation,Horror,3
U1170,M099,Barbarian,Horror,3
U1170,M039,Up,Animation,5
U1170,M057,Speed,Action,2
U1170,M024,Knives Out,Thriller,3
U1170,M042,Coco,Animation,5
U1171,M059,2001: A Space Odyssey,Sci-Fi,2
U1171,M018,Superbad,Comedy,4
U1171,M096,Annihilation,Sci-Fi,5
U1171,M075,The Shining,Horror,3
U1171,M076,Annihilation,Horror,5
U1171,M081,Dead Poets Society,Drama,2
U1171,M039,Up,Animation,3
U1171,M002,Inception,Sci-Fi,2
U1172,M090,Doctor Strange,Action,1
U1172,M050,The Hobbit,Fantasy,2
U1172,M092,Iron Man,Action,1
U1172,M038,Finding Nemo,Animation,5
U1172,M073,The Exorcist,Horror,1
U1172,M059,2001: A Space Odyssey,Sci-Fi,2
U1172,M012,The Hangover,Comedy,3
U1172,M080,Good Will Hunting,Drama,5
U1172,M053,Gladiator,Action,1
U1172,M058,The Terminator,Sci-Fi,1
U1172,M087,The Mask,Comedy,4
U1172,M004,Interstellar,Sci-Fi,2
U1172,M088,Black Panther,Action,5
U1172,M071,Zodiac,Thriller,5
U1172,M029,Blade Runner 2049,Sci-Fi,3
U1172,M028,La La Land,Romance,5
U1172,M043,Planet Earth,Documentary,1
U1172,M077,Us,Horror,1
U1173,M029,Blade Runner 2049,Sci-Fi,3
U1173,M030,The Wolf of Wall Street,Drama,5
U1173,M035,The Big Lebowski,Comedy,1
U1173,M028,La La Land,Romance,3
U1173,M061,Ex Machina,Sci-Fi,1
U1173,M086,Airplane!,Comedy,5
U1173,M054,Top Gun: Maverick,Action,5
U1173,M062,Gravity,Sci-Fi,3
U1173,M085,Step Brothers,Comedy,1
U1173,M027,Gone Girl,Thriller,2
U1173,M088,Black Panther,Action,1
U1174,M064,When Harry Met Sally,Romance,1
U1174,M077,Us,Horror,1
U1174,M028,La La Land,Romance,3
U1174,M005,The Conjuring,Horror,2
U1174,M010,Pride and Prejudice,Romance,1
U1174,M033,Pitch Perfect,Comedy,2
U1174,M070,Prisoners,Thriller,5
U1174,M012,The Hangover,Comedy,5
U1174,M014,The Shawshank Redemption,Drama,5
U1174,M052,Princess Mononoke,Fantasy,4
U1174,M002,Inception,Sci-Fi,1
U1174,M037,Toy Story,Animation,5
U1174,M075,The Shining,Horror,5
U1174,M084,Anchorman,Comedy,1
U1174,M091,Thor: Ragnarok,Action,1
U1174,M076,Annihilation,Horror,5
U1174,M085,Step Brothers,Comedy,5
U1174,M011,A Quiet Place,Horror,1
U1175,M038,Finding Nemo,Animation,3
U1175,M019,Alien,Sci-Fi,2
U1175,M016,Hereditary,Horror,3
U1175,M099,Barbarian,Horror,2
U1175,M026,Mad Max: Fury Road,Action,1
U1175,M034,Joker,Drama,5
U1175,M065,Eternal Sunshine,Romance,1
U1175,M096,Annihilation,Sci-Fi,4
U1175,M043,Planet Earth,Documentary,5
U1175,M039,Up,Animation,3
U1175,M071,Zodiac,Thriller,5
U1175,M020,John Wick,Action,5
U1176,M027,Gone Girl,Thriller,2
U1176,M070,Prisoners,Thriller,5
U1176,M049,Harry Potter,Fantasy,2
U1176,M008,Get Out,Horror,2
U1176,M011,A Quiet Place,Horror,2
U1176,M042,Coco,Animation,3
U1176,M062,Gravity,Sci-Fi,5
U1176,M013,Parasite,Thriller,4
U1177,M018,Superbad,Comedy,2
U1177,M039,Up,Animation,5
U1177,M060,Arrival,Sci-Fi,5
U1177,M086,Airplane!,Comedy,1
U1177,M001,The Dark Knight,Action,3
U1178,M016,Hereditary,Horror,2
U1178,M017,Forrest Gump,Drama,5
U1178,M069,No Country for Old Men,Thriller,2
U1178,M059,2001: A Space Odyssey,Sci-Fi,5
U1178,M081,Dead Poets Society,Drama,3
U1178,M039,Up,Animation,5
U1178,M041,Spirited Away,Animation,5
U1179,M063,Casablanca,Romance,4
U1179,M049,Harry Potter,Fantasy,2
U1179,M038,Finding Nemo,Animation,5
U1179,M055,Mission Impossible,Action,3
U1179,M025,It,Horror,2
U1179,M078,Schindler's List,Drama,3
U1179,M010,Pride and Prejudice,Romance,2
U1179,M031,Whiplash,Drama,2
U1179,M071,Zodiac,Thriller,4
U1179,M011,A Quiet Place,Horror,3
U1179,M005,The Conjuring,Horror,1
U1179,M082,A Beautiful Mind,Drama,2
U1179,M064,When Harry Met Sally,Romance,2
U1179,M039,Up,Animation,3
U1179,M079,12 Angry Men,Drama,4
U1179,M015,Crazy Rich Asians,Romance,2
U1180,M007,Titanic,Romance,4
U1180,M053,Gladiator,Action,3
U1180,M077,Us,Horror,1
U1180,M085,Step Brothers,Comedy,1
U1180,M056,Die Hard,Action,2
U1180,M024,Knives Out,Thriller,4
U1180,M050,The Hobbit,Fantasy,4
U1180,M009,The Grand Budapest Hotel,Comedy,4
U1180,M071,Zodiac,Thriller,2
U1180,M033,Pitch Perfect,Comedy,4
U1180,M045,13th,Documentary,5
U1180,M044,Free Solo,Documentary,5
U1180,M022,Midsommar,Horror,5
U1180,M042,Coco,Animation,5
U1180,M023,The Matrix,Sci-Fi,3
U1181,M055,Mission Impossible,Action,3
U1181,M050,The Hobbit,Fantasy,4
U1181,M078,Schindler's List,Drama,5
U1181,M037,Toy Story,Animation,4
U1181,M065,Eternal Sunshine,Romance,4
U1181,M073,The Exorcist,Horror,2
U1181,M077,Us,Horror,3
U1181,M029,Blade Runner 2049,Sci-Fi,3
U1181,M008,Get Out,Horror,5
U1181,M004,Interstellar,Sci-Fi,3
U1181,M048,The Lord of the Rings,Fantasy,3
U1181,M014,The Shawshank Redemption,Drama,3
U1181,M076,Annihilation,Horror,4
U1181,M081,Dead Poets Society,Drama,2
U1181,M090,Doctor Strange,Action,4
U1181,M094,Dune,Sci-Fi,2
U1182,M052,Princess Mononoke,Fantasy,3
U1182,M018,Superbad,Comedy,1
U1182,M098,The Menu,Thriller,5
U1182,M084,Anchorman,Comedy,5
U1182,M047,Jiro Dreams of Sushi,Documentary,4
U1182,M004,Interstellar,Sci-Fi,2
U1182,M034,Joker,Drama,4
U1182,M049,Harry Potter,Fantasy,2
U1182,M002,Inception,Sci-Fi,5
U1182,M061,Ex Machina,Sci-Fi,4
U1182,M003,The Notebook,Romance,1
U1182,M085,Step Brothers,Comedy,1
U1182,M006,Avengers: Endgame,Action,1
U1182,M011,A Quiet Place,Horror,4
U1182,M038,Finding Nemo,Animation,5
U1182,M036,Se7en,Thriller,5
U1182,M015,Crazy Rich Asians,Romance,5
U1183,M087,The Mask,Comedy,5
U1183,M035,The Big Lebowski,Comedy,2
U1183,M098,The Menu,Thriller,2
U1183,M013,Parasite,Thriller,5
U1183,M063,Casablanca,Romance,4
U1183,M018,Superbad,Comedy,2
U1184,M065,Eternal Sunshine,Romance,2
U1184,M093,Everything Everywhere All at Once,Sci-Fi,2
U1184,M015,Crazy Rich Asians,Romance,2
U1184,M016,Hereditary,Horror,5
U1184,M045,13th,Documentary,2
U1184,M085,Step Brothers,Comedy,3
U1184,M021,Bridesmaids,Comedy,1
U1184,M018,Superbad,Comedy,5
U1184,M030,The Wolf of Wall Street,Drama,4
U1184,M019,Alien,Sci-Fi,4
U1184,M071,Zodiac,Thriller,4
U1185,M068,The Silence of the Lambs,Thriller,4
U1185,M025,It,Horror,1
U1185,M046,The Act of Killing,Documentary,1
U1185,M078,Schindler's List,Drama,5
U1185,M076,Annihilation,Horror,3
U1185,M077,Us,Horror,4
U1185,M039,Up,Animation,5
U1185,M005,The Conjuring,Horror,1
U1185,M001,The Dark Knight,Action,2
U1186,M014,The Shawshank Redemption,Drama,5
U1186,M091,Thor: Ragnarok,Action,2
U1186,M015,Crazy Rich Asians,Romance,1
U1186,M032,The Pursuit of Happyness,Drama,5
U1186,M045,13th,Documentary,3
U1186,M086,Airplane!,Comedy,1
U1186,M004,Interstellar,Sci-Fi,3
U1186,M100,Nope,Horror,4
U1186,M041,Spirited Away,Animation,5
U1186,M025,It,Horror,1
U1186,M057,Speed,Action,5
U1186,M019,Alien,Sci-Fi,4
U1186,M022,Midsommar,Horror,5
U1186,M099,Barbarian,Horror,2
U1186,M083,Monty Python,Comedy,1
U1186,M068,The Silence of the Lambs,Thriller,3
U1187,M010,Pride and Prejudice,Romance,3
U1187,M004,Interstellar,Sci-Fi,3
U1187,M039,Up,Animation,4
U1187,M014,The Shawshank Redemption,Drama,4
U1187,M080,Good Will Hunting,Drama,2
U1188,M098,The Menu,Thriller,3
U1188,M017,Forrest Gump,Drama,2
U1188,M066,Before Sunrise,Romance,5
U1188,M013,Parasite,Thriller,5
U1188,M084,Anchorman,Comedy,5
U1188,M034,Joker,Drama,3
U1188,M037,Toy Story,Animation,3
U1188,M061,Ex Machina,Sci-Fi,4
U1188,M072,Nightcrawler,Thriller,3
U1188,M053,Gladiator,Action,3
U1188,M059,2001: A Space Odyssey,Sci-Fi,4
U1188,M094,Dune,Sci-Fi,5
U1188,M081,Dead Poets Society,Drama,2
U1188,M071,Zodiac,Thriller,3
U1188,M005,The Conjuring,Horror,4
U1189,M086,Airplane!,Comedy,4
U1189,M019,Alien,Sci-Fi,3
U1189,M013,Parasite,Thriller,3
U1189,M029,Blade Runner 2049,Sci-Fi,4
U1189,M085,Step Brothers,Comedy,5
U1189,M080,Good Will Hunting,Drama,5
U1189,M093,Everything Everywhere All at Once,Sci-Fi,1
U1189,M092,Iron Man,Action,3
U1190,M071,Zodiac,Thriller,5
U1190,M042,Coco,Animation,3
U1190,M045,13th,Documentary,4
U1190,M064,When Harry Met Sally,Romance,5
U1190,M048,The Lord of the Rings,Fantasy,4
U1190,M076,Annihilation,Horror,5
U1190,M074,Rosemary's Baby,Horror,1
U1190,M040,WALL-E,Animation,4
U1190,M090,Doctor Strange,Action,3
U1190,M099,Barbarian,Horror,2
U1190,M003,The Notebook,Romance,5
U1190,M070,Prisoners,Thriller,5
U1190,M098,The Menu,Thriller,5
U1190,M036,Se7en,Thriller,5
U1190,M024,Knives Out,Thriller,2
U1191,M009,The Grand Budapest Hotel,Comedy,3
U1191,M094,Dune,Sci-Fi,2
U1191,M007,Titanic,Romance,4
U1191,M050,The Hobbit,Fantasy,4
U1191,M043,Planet Earth,Documentary,1
U1191,M054,Top Gun: Maverick,Action,2
U1191,M059,2001: A Space Odyssey,Sci-Fi,4
U1191,M031,Whiplash,Drama,5
U1191,M030,The Wolf of Wall Street,Drama,2
U1191,M058,The Terminator,Sci-Fi,3
U1191,M097,Moon,Sci-Fi,5
U1191,M035,The Big Lebowski,Comedy,5
U1191,M048,The Lord of the Rings,Fantasy,2
U1191,M057,Speed,Action,2
U1191,M006,Avengers: Endgame,Action,3
U1191,M011,A Quiet Place,Horror,2
U1191,M052,Princess Mononoke,Fantasy,2
U1192,M025,It,Horror,4
U1192,M062,Gravity,Sci-Fi,2
U1192,M093,Everything Everywhere All at Once,Sci-Fi,3
U1192,M052,Princess Mononoke,Fantasy,2
U1192,M079,12 Angry Men,Drama,5
U1192,M021,Bridesmaids,Comedy,3
U1192,M082,A Beautiful Mind,Drama,3
U1192,M051,Pan's Labyrinth,Fantasy,3
U1192,M038,Finding Nemo,Animation,4
U1192,M035,The Big Lebowski,Comedy,3
U1192,M039,Up,Animation,4
U1192,M059,2001: A Space Odyssey,Sci-Fi,2
U1192,M100,Nope,Horror,3
U1193,M099,Barbarian,Horror,2
U1193,M005,The Conjuring,Horror,3
U1193,M036,Se7en,Thriller,2
U1193,M011,A Quiet Place,Horror,3
U1193,M059,2001: A Space Odyssey,Sci-Fi,3
U1194,M051,Pan's Labyrinth,Fantasy,3
U1194,M077,Us,Horror,4
U1194,M014,The Shawshank Redemption,Drama,5
U1194,M042,Coco,Animation,5
U1194,M069,No Country for Old Men,Thriller,2
U1194,M044,Free Solo,Documentary,2
U1194,M041,Spirited Away,Animation,4
U1194,M059,2001: A Space Odyssey,Sci-Fi,2
U1194,M037,Toy Story,Animation,4
U1194,M075,The Shining,Horror,4
U1194,M004,Interstellar,Sci-Fi,1
U1194,M050,The Hobbit,Fantasy,3
U1195,M029,Blade Runner 2049,Sci-Fi,3
U1195,M085,Step Brothers,Comedy,5
U1195,M019,Alien,Sci-Fi,2
U1195,M080,Good Will Hunting,Drama,5
U1195,M044,Free Solo,Documentary,4
U1195,M087,The Mask,Comedy,2
U1195,M077,Us,Horror,1
U1195,M038,Finding Nemo,Animation,4
U1195,M046,The Act of Killing,Documentary,1
U1195,M024,Knives Out,Thriller,3
U1195,M011,A Quiet Place,Horror,5
U1196,M051,Pan's Labyrinth,Fantasy,3
U1196,M024,Knives Out,Thriller,2
U1196,M089,Spider-Man: No Way Home,Action,3
U1196,M080,Good Will Hunting,Drama,3
U1196,M077,Us,Horror,5
U1196,M012,The Hangover,Comedy,2
U1196,M057,Speed,Action,4
U1196,M021,Bridesmaids,Comedy,4
U1196,M013,Parasite,Thriller,5
U1196,M063,Casablanca,Romance,2
U1196,M038,Finding Nemo,Animation,5
U1196,M018,Superbad,Comedy,1
U1196,M017,Forrest Gump,Drama,5
U1196,M004,Interstellar,Sci-Fi,2
U1196,M039,Up,Animation,4
U1196,M053,Gladiator,Action,3
U1196,M060,Arrival,Sci-Fi,1
U1196,M070,Prisoners,Thriller,3
U1197,M030,The Wolf of Wall Street,Drama,4
U1197,M076,Annihilation,Horror,1
U1197,M021,Bridesmaids,Comedy,2
U1197,M065,Eternal Sunshine,Romance,2
U1197,M006,Avengers: Endgame,Action,1
U1197,M039,Up,Animation,5
U1197,M069,No Country for Old Men,Thriller,2
U1197,M100,Nope,Horror,5
U1198,M014,The Shawshank Redemption,Drama,4
U1198,M074,Rosemary's Baby,Horror,5
U1198,M031,Whiplash,Drama,3
U1198,M083,Monty Python,Comedy,4
U1198,M032,The Pursuit of Happyness,Drama,5
U1198,M028,La La Land,Romance,4
U1199,M078,Schindler's List,Drama,5
U1199,M008,Get Out,Horror,3
U1199,M001,The Dark Knight,Action,4
U1199,M083,Monty Python,Comedy,1
U1199,M003,The Notebook,Romance,4
U1199,M024,Knives Out,Thriller,3
U1199,M091,Thor: Ragnarok,Action,2
U1200,M049,Harry Potter,Fantasy,4
U1200,M092,Iron Man,Action,5
U1200,M087,The Mask,Comedy,5
U1200,M036,Se7en,Thriller,3
U1200,M090,Doctor Strange,Action,2
U1200,M064,When Harry Met Sally,Romance,1
U1200,M009,The Grand Budapest Hotel,Comedy,3
U1200,M066,Before Sunrise,Romance,3
U1200,M095,The Martian,Sci-Fi,2
U1200,M048,The Lord of the Rings,Fantasy,3
U1200,M046,The Act of Killing,Documentary,2
U1200,M077,Us,Horror,1
U1200,M040,WALL-E,Animation,5
U1200,M001,The Dark Knight,Action,4
U1200,M094,Dune,Sci-Fi,4
U1201,M037,Toy Story,Animation,5
U1201,M043,Planet Earth,Documentary,1
U1201,M049,Harry Potter,Fantasy,2
U1201,M038,Finding Nemo,Animation,5
U1201,M057,Speed,Action,3
U1201,M094,Dune,Sci-Fi,3
U1201,M032,The Pursuit of Happyness,Drama,3
U1202,M011,A Quiet Place,Horror,1
U1202,M086,Airplane!,Comedy,3
U1202,M058,The Terminator,Sci-Fi,2
U1202,M064,When Harry Met Sally,Romance,4
U1202,M055,Mission Impossible,Action,4
U1202,M054,Top Gun: Maverick,Action,1
U1202,M092,Iron Man,Action,2
U1202,M044,Free Solo,Documentary,1
U1203,M071,Zodiac,Thriller,5
U1203,M012,The Hangover,Comedy,1
U1203,M090,Doctor Strange,Action,2
U1203,M083,Monty Python,Comedy,2
U1203,M042,Coco,Animation,4
U1203,M062,Gravity,Sci-Fi,1
U1203,M008,Get Out,Horror,1
U1203,M053,Gladiator,Action,4
U1203,M085,Step Brothers,Comedy,4
U1203,M010,Pride and Prejudice,Romance,5
U1204,M004,Interstellar,Sci-Fi,5
U1204,M050,The Hobbit,Fantasy,4
U1204,M081,Dead Poets Society,Drama,5
U1204,M062,Gravity,Sci-Fi,3
U1204,M055,Mission Impossible,Action,4
U1204,M027,Gone Girl,Thriller,3
U1204,M043,Planet Earth,Documentary,4
U1204,M032,The Pursuit of Happyness,Drama,2
U1204,M018,Superbad,Comedy,1
U1204,M020,John Wick,Action,3
U1204,M026,Mad Max: Fury Road,Action,2
U1204,M088,Black Panther,Action,5
U1204,M063,Casablanca,Romance,3
U1204,M016,Hereditary,Horror,2
U1204,M070,Prisoners,Thriller,2
U1204,M046,The Act of Killing,Documentary,1
U1204,M075,The Shining,Horror,1
U1204,M010,Pride and Prejudice,Romance,2
U1204,M049,Harry Potter,Fantasy,4
U1205,M099,Barbarian,Horror,5
U1205,M032,The Pursuit of Happyness,Drama,5
U1205,M073,The Exorcist,Horror,4
U1205,M097,Moon,Sci-Fi,5
U1205,M069,No Country for Old Men,Thriller,3
U1205,M090,Doctor Strange,Action,2
U1205,M020,John Wick,Action,4
U1205,M010,Pride and Prejudice,Romance,5
U1205,M027,Gone Girl,Thriller,4
U1205,M019,Alien,Sci-Fi,1
U1205,M034,Joker,Drama,5
U1205,M056,Die Hard,Action,5
U1205,M045,13th,Documentary,2
U1205,M077,Us,Horror,4
U1205,M085,Step Brothers,Comedy,4
U1206,M073,The Exorcist,Horror,4
U1206,M010,Pride and Prejudice,Romance,4
U1206,M044,Free Solo,Documentary,3
U1206,M027,Gone Girl,Thriller,3
U1206,M068,The Silence of the Lambs,Thriller,5
U1206,M018,Superbad,Comedy,4
U1206,M006,Avengers: Endgame,Action,2
U1206,M013,Parasite,Thriller,4
U1206,M100,Nope,Horror,1
U1206,M036,Se7en,Thriller,3
U1206,M086,Airplane!,Comedy,4
U1206,M004,Interstellar,Sci-Fi,2
U1206,M050,The Hobbit,Fantasy,4
U1206,M046,The Act of Killing,Documentary,3
U1206,M021,Bridesmaids,Comedy,3
U1207,M032,The Pursuit of Happyness,Drama,5
U1207,M063,Casablanca,Romance,4
U1207,M047,Jiro Dreams of Sushi,Documentary,5
U1207,M087,The Mask,Comedy,3
U1207,M051,Pan's Labyrinth,Fantasy,5
U1207,M041,Spirited Away,Animation,5
U1207,M097,Moon,Sci-Fi,2
U1207,M050,The Hobbit,Fantasy,3
U1207,M079,12 Angry Men,Drama,4
U1207,M061,Ex Machina,Sci-Fi,5
U1207,M053,Gladiator,Action,3
U1207,M034,Joker,Drama,4
U1208,M003,The Notebook,Romance,2
U1208,M040,WALL-E,Animation,5
U1208,M053,Gladiator,Action,4
U1208,M081,Dead Poets Society,Drama,4
U1208,M018,Superbad,Comedy,4
U1208,M041,Spirited Away,Animation,5
U1208,M001,The Dark Knight,Action,3
U1208,M075,The Shining,Horror,1
U1209,M087,The Mask,Comedy,2
U1209,M007,Titanic,Romance,5
U1209,M054,Top Gun: Maverick,Action,2
U1209,M099,Barbarian,Horror,3
U1209,M017,Forrest Gump,Drama,2
U1209,M097,Moon,Sci-Fi,5
U1209,M058,The Terminator,Sci-Fi,4
U1209,M092,Iron Man,Action,5
U1209,M064,When Harry Met Sally,Romance,2
U1210,M088,Black Panther,Action,2
U1210,M035,The Big Lebowski,Comedy,2
U1210,M018,Superbad,Comedy,3
U1210,M010,Pride and Prejudice,Romance,4
U1210,M017,Forrest Gump,Drama,5
U1210,M074,Rosemary's Baby,Horror,5
U1210,M015,Crazy Rich Asians,Romance,1
U1210,M039,Up,Animation,4
U1210,M056,Die Hard,Action,3
U1210,M085,Step Brothers,Comedy,4
U1210,M048,The Lord of the Rings,Fantasy,5
U1210,M001,The Dark Knight,Action,4
U1210,M024,Knives Out,Thriller,3
U1211,M015,Crazy Rich Asians,Romance,2
U1211,M067,The Fault in Our Stars,Romance,2
U1211,M038,Finding Nemo,Animation,4
U1211,M090,Doctor Strange,Action,4
U1211,M084,Anchorman,Comedy,2
U1211,M007,Titanic,Romance,1
U1211,M059,2001: A Space Odyssey,Sci-Fi,5
U1211,M004,Interstellar,Sci-Fi,3
U1211,M027,Gone Girl,Thriller,4
U1211,M030,The Wolf of Wall Street,Drama,2
U1211,M079,12 Angry Men,Drama,5
U1211,M068,The Silence of the Lambs,Thriller,5
U1211,M018,Superbad,Comedy,4
U1211,M012,The Hangover,Comedy,4
U1211,M058,The Terminator,Sci-Fi,1
U1211,M072,Nightcrawler,Thriller,5
U1212,M053,Gladiator,Action,2
U1212,M081,Dead Poets Society,Drama,3
U1212,M029,Blade Runner 2049,Sci-Fi,1
U1212,M086,Airplane!,Comedy,1
U1212,M018,Superbad,Comedy,5
U1212,M067,The Fault in Our Stars,Romance,3
U1212,M055,Mission Impossible,Action,5
U1212,M026,Mad Max: Fury Road,Action,3
U1212,M001,The Dark Knight,Action,2
U1212,M015,Crazy Rich Asians,Romance,4
U1212,M009,The Grand Budapest Hotel,Comedy,3
U1213,M027,Gone Girl,Thriller,5
U1213,M097,Moon,Sci-Fi,5
U1213,M028,La La Land,Romance,4
U1213,M055,Mission Impossible,Action,4
U1213,M058,The Terminator,Sci-Fi,1
U1213,M087,The Mask,Comedy,2
U1213,M074,Rosemary's Baby,Horror,4
U1213,M049,Harry Potter,Fantasy,2
U1213,M003,The Notebook,Romance,3
U1213,M066,Before Sunrise,Romance,3
U1213,M022,Midsommar,Horror,5
U1214,M056,Die Hard,Action,3
U1214,M077,Us,Horror,5
U1214,M018,Superbad,Comedy,3
U1214,M004,Interstellar,Sci-Fi,1
U1214,M072,Nightcrawler,Thriller,5
U1214,M048,The Lord of the Rings,Fantasy,3
U1214,M054,Top Gun: Maverick,Action,3
U1214,M036,Se7en,Thriller,2
U1214,M073,The Exorcist,Horror,1
U1214,M092,Iron Man,Action,1
U1214,M007,Titanic,Romance,1
U1214,M015,Crazy Rich Asians,Romance,3
U1214,M025,It,Horror,3
U1214,M019,Alien,Sci-Fi,4
U1215,M061,Ex Machina,Sci-Fi,5
U1215,M045,13th,Documentary,1
U1215,M068,The Silence of the Lambs,Thriller,3
U1215,M092,Iron Man,Action,5
U1215,M089,Spider-Man: No Way Home,Action,5
U1215,M091,Thor: Ragnarok,Action,5
U1215,M083,Monty Python,Comedy,1
U1215,M008,Get Out,Horror,3
U1216,M082,A Beautiful Mind,Drama,3
U1216,M009,The Grand Budapest Hotel,Comedy,3
U1216,M008,Get Out,Horror,2
U1216,M037,Toy Story,Animation,5
U1216,M035,The Big Lebowski,Comedy,1
U1216,M031,Whiplash,Drama,4
U1216,M045,13th,Documentary,5
U1216,M052,Princess Mononoke,Fantasy,3
U1216,M050,The Hobbit,Fantasy,4
U1216,M066,Before Sunrise,Romance,3
U1216,M044,Free Solo,Documentary,4
U1216,M010,Pride and Prejudice,Romance,3
U1216,M088,Black Panther,Action,3
U1217,M026,Mad Max: Fury Road,Action,4
U1217,M006,Avengers: Endgame,Action,5
U1217,M080,Good Will Hunting,Drama,4
U1217,M082,A Beautiful Mind,Drama,5
U1217,M002,Inception,Sci-Fi,3
U1217,M014,The Shawshank Redemption,Drama,5
U1218,M063,Casablanca,Romance,4
U1218,M058,The Terminator,Sci-Fi,1
U1218,M071,Zodiac,Thriller,5
U1218,M034,Joker,Drama,5
U1218,M005,The Conjuring,Horror,5
U1218,M012,The Hangover,Comedy,5
U1218,M078,Schindler's List,Drama,3
U1218,M020,John Wick,Action,4
U1219,M056,Die Hard,Action,1
U1219,M012,The Hangover,Comedy,5
U1219,M014,The Shawshank Redemption,Drama,5
U1219,M047,Jiro Dreams of Sushi,Documentary,4
U1219,M067,The Fault in Our Stars,Romance,4
U1219,M050,The Hobbit,Fantasy,4
U1219,M055,Mission Impossible,Action,3
U1219,M015,Crazy Rich Asians,Romance,5
U1220,M085,Step Brothers,Comedy,5
U1220,M026,Mad Max: Fury Road,Action,2
U1220,M021,Bridesmaids,Comedy,3
U1220,M053,Gladiator,Action,2
U1220,M009,The Grand Budapest Hotel,Comedy,3
U1220,M061,Ex Machina,Sci-Fi,3
U1220,M006,Avengers: Endgame,Action,5
U1220,M093,Everything Everywhere All at Once,Sci-Fi,1
U1220,M042,Coco,Animation,5
U1220,M004,Interstellar,Sci-Fi,3
U1220,M043,Planet Earth,Documentary,4
U1221,M057,Speed,Action,3
U1221,M091,Thor: Ragnarok,Action,2
U1221,M020,John Wick,Action,4
U1221,M070,Prisoners,Thriller,5
U1221,M048,The Lord of the Rings,Fantasy,3
U1221,M032,The Pursuit of Happyness,Drama,2
U1221,M047,Jiro Dreams of Sushi,Documentary,4
U1221,M031,Whiplash,Drama,5
U1221,M075,The Shining,Horror,3
U1221,M084,Anchorman,Comedy,5
U1221,M076,Annihilation,Horror,1
U1221,M099,Barbarian,Horror,1
U1221,M098,The Menu,Thriller,4
U1221,M066,Before Sunrise,Romance,5
U1221,M021,Bridesmaids,Comedy,3
U1222,M055,Mission Impossible,Action,5
U1222,M071,Zodiac,Thriller,5
U1222,M063,Casablanca,Romance,2
U1222,M078,Schindler's List,Drama,4
U1222,M027,Gone Girl,Thriller,4
U1222,M001,The Dark Knight,Action,1
U1222,M100,Nope,Horror,3
U1222,M026,Mad Max: Fury Road,Action,1
U1222,M020,John Wick,Action,2
U1222,M066,Before Sunrise,Romance,3
U1222,M044,Free Solo,Documentary,2
U1222,M021,Bridesmaids,Comedy,5
U1222,M060,Arrival,Sci-Fi,3
U1222,M023,The Matrix,Sci-Fi,3
U1222,M062,Gravity,Sci-Fi,4
U1222,M097,Moon,Sci-Fi,1
U1222,M050,The Hobbit,Fantasy,3
U1222,M056,Die Hard,Action,1
U1223,M025,It,Horror,1
U1223,M001,The Dark Knight,Action,5
U1223,M069,No Country for Old Men,Thriller,4
U1223,M073,The Exorcist,Horror,2
U1223,M061,Ex Machina,Sci-Fi,3
U1223,M017,Forrest Gump,Drama,3
U1223,M093,Everything Everywhere All at Once,Sci-Fi,4
U1223,M002,Inception,Sci-Fi,5
U1223,M082,A Beautiful Mind,Drama,5
U1223,M059,2001: A Space Odyssey,Sci-Fi,2
U1223,M098,The Menu,Thriller,2
U1223,M029,Blade Runner 2049,Sci-Fi,5
U1223,M072,Nightcrawler,Thriller,2
U1223,M092,Iron Man,Action,1
U1223,M022,Midsommar,Horror,4
U1223,M062,Gravity,Sci-Fi,1
U1223,M096,Annihilation,Sci-Fi,2
U1223,M097,Moon,Sci-Fi,1
U1223,M015,Crazy Rich Asians,Romance,1
U1224,M092,Iron Man,Action,3
U1224,M036,Se7en,Thriller,5
U1224,M019,Alien,Sci-Fi,4
U1224,M025,It,Horror,4
U1224,M038,Finding Nemo,Animation,3
U1224,M087,The Mask,Comedy,5
U1224,M063,Casablanca,Romance,4
U1224,M028,La La Land,Romance,1
U1224,M007,Titanic,Romance,5
U1225,M014,The Shawshank Redemption,Drama,4
U1225,M049,Harry Potter,Fantasy,2
U1225,M047,Jiro Dreams of Sushi,Documentary,1
U1225,M091,Thor: Ragnarok,Action,5
U1225,M079,12 Angry Men,Drama,4
U1225,M056,Die Hard,Action,2
U1225,M045,13th,Documentary,2
U1225,M099,Barbarian,Horror,3
U1225,M052,Princess Mononoke,Fantasy,3
U1225,M059,2001: A Space Odyssey,Sci-Fi,4
U1225,M053,Gladiator,Action,3
U1225,M038,Finding Nemo,Animation,4
U1225,M006,Avengers: Endgame,Action,4
U1225,M078,Schindler's List,Drama,5
U1225,M093,Everything Everywhere All at Once,Sci-Fi,2
U1225,M088,Black Panther,Action,2
U1225,M068,The Silence of the Lambs,Thriller,3
U1225,M031,Whiplash,Drama,2
U1225,M025,It,Horror,5
U1225,M037,Toy Story,Animation,3
U1226,M032,The Pursuit of Happyness,Drama,2
U1226,M080,Good Will Hunting,Drama,4
U1226,M091,Thor: Ragnarok,Action,4
U1226,M002,Inception,Sci-Fi,5
U1226,M059,2001: A Space Odyssey,Sci-Fi,1
U1226,M003,The Notebook,Romance,1
U1226,M047,Jiro Dreams of Sushi,Documentary,3
U1226,M089,Spider-Man: No Way Home,Action,1
U1226,M037,Toy Story,Animation,3
U1226,M062,Gravity,Sci-Fi,1
U1226,M086,Airplane!,Comedy,1
U1226,M054,Top Gun: Maverick,Action,4
U1226,M007,Titanic,Romance,2
U1227,M002,Inception,Sci-Fi,3
U1227,M004,Interstellar,Sci-Fi,3
U1227,M065,Eternal Sunshine,Romance,5
U1227,M005,The Conjuring,Horror,5
U1227,M018,Superbad,Comedy,2
U1227,M052,Princess Mononoke,Fantasy,4
U1227,M045,13th,Documentary,4
U1227,M072,Nightcrawler,Thriller,2
U1227,M074,Rosemary's Baby,Horror,5
U1227,M092,Iron Man,Action,2
U1227,M027,Gone Girl,Thriller,2
U1227,M086,Airplane!,Comedy,3
U1227,M034,Joker,Drama,5
U1227,M060,Arrival,Sci-Fi,4
U1227,M044,Free Solo,Documentary,4
U1227,M077,Us,Horror,5
U1227,M059,2001: A Space Odyssey,Sci-Fi,1
U1227,M029,Blade Runner 2049,Sci-Fi,3
U1228,M032,The Pursuit of Happyness,Drama,5
U1228,M091,Thor: Ragnarok,Action,4
U1228,M065,Eternal Sunshine,Romance,3
U1228,M053,Gladiator,Action,2
U1228,M082,A Beautiful Mind,Drama,5
U1228,M050,The Hobbit,Fantasy,3
U1228,M037,Toy Story,Animation,4
U1228,M087,The Mask,Comedy,4
U1228,M031,Whiplash,Drama,5
U1228,M020,John Wick,Action,3
U1228,M003,The Notebook,Romance,3
U1228,M027,Gone Girl,Thriller,5
U1228,M012,The Hangover,Comedy,2
U1228,M064,When Harry Met Sally,Romance,4
U1228,M089,Spider-Man: No Way Home,Action,2
U1228,M018,Superbad,Comedy,3
U1228,M085,Step Brothers,Comedy,1
U1229,M005,The Conjuring,Horror,1
U1229,M089,Spider-Man: No Way Home,Action,5
U1229,M095,The Martian,Sci-Fi,4
U1229,M087,The Mask,Comedy,1
U1229,M085,Step Brothers,Comedy,1
U1229,M019,Alien,Sci-Fi,3
U1230,M003,The Notebook,Romance,1
U1230,M041,Spirited Away,Animation,4
U1230,M012,The Hangover,Comedy,2
U1230,M076,Annihilation,Horror,3
U1230,M004,Interstellar,Sci-Fi,4
U1230,M072,Nightcrawler,Thriller,3
U1230,M099,Barbarian,Horror,4
U1230,M044,Free Solo,Documentary,5
U1230,M036,Se7en,Thriller,3
U1230,M027,Gone Girl,Thriller,2
U1230,M019,Alien,Sci-Fi,1
U1230,M064,When Harry Met Sally,Romance,1
U1230,M015,Crazy Rich Asians,Romance,1
U1230,M052,Princess Mononoke,Fantasy,2
U1230,M084,Anchorman,Comedy,5
U1230,M026,Mad Max: Fury Road,Action,1
U1230,M094,Dune,Sci-Fi,5
U1231,M009,The Grand Budapest Hotel,Comedy,2
U1231,M071,Zodiac,Thriller,4
U1231,M057,Speed,Action,3
U1231,M067,The Fault in Our Stars,Romance,1
U1231,M015,Crazy Rich Asians,Romance,3
U1231,M094,Dune,Sci-Fi,5
U1231,M001,The Dark Knight,Action,5
U1231,M040,WALL-E,Animation,4
U1231,M069,No Country for Old Men,Thriller,5
U1231,M006,Avengers: Endgame,Action,1
U1231,M023,The Matrix,Sci-Fi,5
U1231,M068,The Silence of the Lambs,Thriller,3
U1232,M034,Joker,Drama,5
U1232,M091,Thor: Ragnarok,Action,1
U1232,M029,Blade Runner 2049,Sci-Fi,2
U1232,M082,A Beautiful Mind,Drama,5
U1232,M057,Speed,Action,4
U1232,M054,Top Gun: Maverick,Action,2
U1233,M066,Before Sunrise,Romance,4
U1233,M011,A Quiet Place,Horror,5
U1233,M018,Superbad,Comedy,1
U1233,M087,The Mask,Comedy,3
U1233,M082,A Beautiful Mind,Drama,5
U1234,M100,Nope,Horror,2
U1234,M059,2001: A Space Odyssey,Sci-Fi,2
U1234,M090,Doctor Strange,Action,1
U1234,M033,Pitch Perfect,Comedy,5
U1234,M099,Barbarian,Horror,4
U1234,M001,The Dark Knight,Action,4
U1234,M045,13th,Documentary,2
U1234,M092,Iron Man,Action,5
U1234,M029,Blade Runner 2049,Sci-Fi,4
U1234,M010,Pride and Prejudice,Romance,5
U1234,M012,The Hangover,Comedy,5
U1234,M005,The Conjuring,Horror,3
U1234,M088,Black Panther,Action,2
U1234,M071,Zodiac,Thriller,2
U1235,M096,Annihilation,Sci-Fi,4
U1235,M040,WALL-E,Animation,4
U1235,M018,Superbad,Comedy,1
U1235,M086,Airplane!,Comedy,1
U1235,M055,Mission Impossible,Action,4
U1235,M078,Schindler's List,Drama,5
U1235,M030,The Wolf of Wall Street,Drama,5
U1235,M061,Ex Machina,Sci-Fi,4
U1236,M066,Before Sunrise,Romance,2
U1236,M064,When Harry Met Sally,Romance,4
U1236,M062,Gravity,Sci-Fi,2
U1236,M051,Pan's Labyrinth,Fantasy,4
U1236,M017,Forrest Gump,Drama,5
U1236,M085,Step Brothers,Comedy,5
U1236,M068,The Silence of the Lambs,Thriller,4
U1236,M070,Prisoners,Thriller,2
U1237,M094,Dune,Sci-Fi,4
U1237,M084,Anchorman,Comedy,2
U1237,M051,Pan's Labyrinth,Fantasy,5
U1237,M100,Nope,Horror,2
U1237,M082,A Beautiful Mind,Drama,3
U1237,M021,Bridesmaids,Comedy,4
U1237,M059,2001: A Space Odyssey,Sci-Fi,4
U1238,M057,Speed,Action,5
U1238,M066,Before Sunrise,Romance,5
U1238,M089,Spider-Man: No Way Home,Action,1
U1238,M002,Inception,Sci-Fi,4
U1238,M073,The Exorcist,Horror,3
U1238,M090,Doctor Strange,Action,5
U1238,M025,It,Horror,5
U1238,M058,The Terminator,Sci-Fi,2
U1238,M083,Monty Python,Comedy,3
U1238,M051,Pan's Labyrinth,Fantasy,5
U1238,M011,A Quiet Place,Horror,5
U1238,M042,Coco,Animation,3
U1238,M022,Midsommar,Horror,2
U1238,M024,Knives Out,Thriller,4
U1238,M071,Zodiac,Thriller,4
U1238,M078,Schindler's List,Drama,5
U1238,M087,The Mask,Comedy,4
U1238,M092,Iron Man,Action,4
U1239,M020,John Wick,Action,4
U1239,M056,Die Hard,Action,1
U1239,M042,Coco,Animation,5
U1239,M078,Schindler's List,Drama,4
U1239,M064,When Harry Met Sally,Romance,4
U1239,M049,Harry Potter,Fantasy,5
U1239,M038,Finding Nemo,Animation,5
U1239,M004,Interstellar,Sci-Fi,2
U1239,M071,Zodiac,Thriller,5
U1239,M025,It,Horror,1
U1239,M072,Nightcrawler,Thriller,3
U1239,M048,The Lord of the Rings,Fantasy,5
U1239,M095,The Martian,Sci-Fi,3
U1239,M069,No Country for Old Men,Thriller,5
U1239,M041,Spirited Away,Animation,4
U1239,M010,Pride and Prejudice,Romance,1
U1239,M091,Thor: Ragnarok,Action,5
U1239,M016,Hereditary,Horror,5
U1239,M099,Barbarian,Horror,4
U1240,M083,Monty Python,Comedy,3
U1240,M015,Crazy Rich Asians,Romance,1
U1240,M040,WALL-E,Animation,3
U1240,M068,The Silence of the Lambs,Thriller,5
U1240,M055,Mission Impossible,Action,2
U1240,M006,Avengers: Endgame,Action,3
U1240,M008,Get Out,Horror,3
U1241,M067,The Fault in Our Stars,Romance,1
U1241,M058,The Terminator,Sci-Fi,2
U1241,M072,Nightcrawler,Thriller,5
U1241,M063,Casablanca,Romance,2
U1241,M045,13th,Documentary,1
U1241,M082,A Beautiful Mind,Drama,2
U1241,M060,Arrival,Sci-Fi,1
U1241,M007,Titanic,Romance,2
U1241,M081,Dead Poets Society,Drama,4
U1241,M030,The Wolf of Wall Street,Drama,2
U1242,M083,Monty Python,Comedy,2
U1242,M065,Eternal Sunshine,Romance,5
U1242,M051,Pan's Labyrinth,Fantasy,2
U1242,M081,Dead Poets Society,Drama,5
U1242,M005,The Conjuring,Horror,5
U1242,M064,When Harry Met Sally,Romance,3
U1242,M036,Se7en,Thriller,3
U1243,M021,Bridesmaids,Comedy,4
U1243,M030,The Wolf of Wall Street,Drama,3
U1243,M025,It,Horror,1
U1243,M053,Gladiator,Action,1
U1243,M078,Schindler's List,Drama,5
U1243,M027,Gone Girl,Thriller,3
U1243,M016,Hereditary,Horror,1
U1243,M082,A Beautiful Mind,Drama,3
U1243,M072,Nightcrawler,Thriller,4
U1243,M003,The Notebook,Romance,2
U1244,M084,Anchorman,Comedy,1
U1244,M091,Thor: Ragnarok,Action,3
U1244,M055,Mission Impossible,Action,3
U1244,M018,Superbad,Comedy,4
U1244,M034,Joker,Drama,5
U1244,M090,Doctor Strange,Action,3
U1244,M074,Rosemary's Baby,Horror,4
U1244,M058,The Terminator,Sci-Fi,4
U1244,M047,Jiro Dreams of Sushi,Documentary,3
U1244,M031,Whiplash,Drama,2
U1244,M061,Ex Machina,Sci-Fi,4
U1244,M095,The Martian,Sci-Fi,5
U1244,M082,A Beautiful Mind,Drama,5
U1244,M037,Toy Story,Animation,4
U1244,M004,Interstellar,Sci-Fi,3
U1244,M042,Coco,Animation,4
U1244,M064,When Harry Met Sally,Romance,3
U1245,M029,Blade Runner 2049,Sci-Fi,3
U1245,M033,Pitch Perfect,Comedy,5
U1245,M043,Planet Earth,Documentary,2
U1245,M093,Everything Everywhere All at Once,Sci-Fi,3
U1245,M009,The Grand Budapest Hotel,Comedy,5
U1245,M036,Se7en,Thriller,3
U1245,M049,Harry Potter,Fantasy,4
U1245,M084,Anchorman,Comedy,5
U1245,M055,Mission Impossible,Action,4
U1245,M071,Zodiac,Thriller,3
U1245,M069,No Country for Old Men,Thriller,5
U1245,M085,Step Brothers,Comedy,4
U1245,M054,Top Gun: Maverick,Action,2
U1245,M046,The Act of Killing,Documentary,4
U1245,M066,Before Sunrise,Romance,4
U1245,M026,Mad Max: Fury Road,Action,3
U1246,M031,Whiplash,Drama,5
U1246,M020,John Wick,Action,5
U1246,M004,Interstellar,Sci-Fi,5
U1246,M085,Step Brothers,Comedy,2
U1246,M059,2001: A Space Odyssey,Sci-Fi,3
U1246,M061,Ex Machina,Sci-Fi,3
U1246,M047,Jiro Dreams of Sushi,Documentary,2
U1246,M068,The Silence of the Lambs,Thriller,5
U1246,M001,The Dark Knight,Action,5
U1246,M066,Before Sunrise,Romance,3
U1246,M078,Schindler's List,Drama,5
U1246,M038,Finding Nemo,Animation,3
U1246,M032,The Pursuit of Happyness,Drama,4
U1246,M021,Bridesmaids,Comedy,1
U1246,M099,Barbarian,Horror,3
U1247,M008,Get Out,Horror,2
U1247,M047,Jiro Dreams of Sushi,Documentary,3
U1247,M093,Everything Everywhere All at Once,Sci-Fi,2
U1247,M005,The Conjuring,Horror,5
U1247,M077,Us,Horror,2
U1247,M023,The Matrix,Sci-Fi,5
U1247,M069,No Country for Old Men,Thriller,2
U1247,M035,The Big Lebowski,Comedy,4
U1247,M052,Princess Mononoke,Fantasy,4
U1247,M060,Arrival,Sci-Fi,2
U1247,M022,Midsommar,Horror,4
U1247,M094,Dune,Sci-Fi,2
U1247,M002,Inception,Sci-Fi,5
U1247,M007,Titanic,Romance,3
U1247,M059,2001: A Space Odyssey,Sci-Fi,3
U1248,M086,Airplane!,Comedy,2
U1248,M081,Dead Poets Society,Drama,2
U1248,M088,Black Panther,Action,3
U1248,M001,The Dark Knight,Action,3
U1248,M031,Whiplash,Drama,2
U1248,M072,Nightcrawler,Thriller,3
U1248,M004,Interstellar,Sci-Fi,5
U1248,M009,The Grand Budapest Hotel,Comedy,1
U1248,M054,Top Gun: Maverick,Action,3
U1248,M018,Superbad,Comedy,2
U1248,M043,Planet Earth,Documentary,3
U1248,M045,13th,Documentary,2
U1248,M015,Crazy Rich Asians,Romance,1
U1248,M046,The Act of Killing,Documentary,2
U1248,M005,The Conjuring,Horror,4
U1248,M087,The Mask,Comedy,5
U1249,M099,Barbarian,Horror,1
U1249,M088,Black Panther,Action,1
U1249,M087,The Mask,Comedy,2
U1249,M030,The Wolf of Wall Street,Drama,3
U1249,M029,Blade Runner 2049,Sci-Fi,3
U1249,M097,Moon,Sci-Fi,5
U1249,M063,Casablanca,Romance,1
U1249,M080,Good Will Hunting,Drama,4
U1249,M098,The Menu,Thriller,3
U1249,M043,Planet Earth,Documentary,4
U1249,M025,It,Horror,3
U1249,M011,A Quiet Place,Horror,2
U1249,M093,Everything Everywhere All at Once,Sci-Fi,4
U1250,M020,John Wick,Action,4
U1250,M071,Zodiac,Thriller,3
U1250,M056,Die Hard,Action,5
U1250,M087,The Mask,Comedy,2
U1250,M049,Harry Potter,Fantasy,5
U1250,M024,Knives Out,Thriller,4
U1250,M086,Airplane!,Comedy,3
U1250,M045,13th,Documentary,3
U1250,M015,Crazy Rich Asians,Romance,3
U1250,M089,Spider-Man: No Way Home,Action,1
U1250,M007,Titanic,Romance,3
U1250,M068,The Silence of the Lambs,Thriller,5
U1250,M047,Jiro Dreams of Sushi,Documentary,1
U1251,M075,The Shining,Horror,3
U1251,M030,The Wolf of Wall Street,Drama,4
U1251,M042,Coco,Animation,4
U1251,M013,Parasite,Thriller,4
U1251,M011,A Quiet Place,Horror,2
U1251,M062,Gravity,Sci-Fi,4
U1251,M086,Airplane!,Comedy,1
U1252,M018,Superbad,Comedy,2
U1252,M061,Ex Machina,Sci-Fi,4
U1252,M024,Knives Out,Thriller,4
U1252,M070,Prisoners,Thriller,2
U1252,M014,The Shawshank Redemption,Drama,3
U1252,M054,Top Gun: Maverick,Action,4
U1252,M059,2001: A Space Odyssey,Sci-Fi,1
U1252,M026,Mad Max: Fury Road,Action,5
U1252,M032,The Pursuit of Happyness,Drama,4
U1252,M057,Speed,Action,5
U1252,M033,Pitch Perfect,Comedy,1
U1252,M050,The Hobbit,Fantasy,5
U1252,M013,Parasite,Thriller,5
U1252,M012,The Hangover,Comedy,4
U1252,M086,Airplane!,Comedy,2
U1252,M041,Spirited Away,Animation,3
U1252,M048,The Lord of the Rings,Fantasy,5
U1252,M055,Mission Impossible,Action,5
U1253,M055,Mission Impossible,Action,2
U1253,M074,Rosemary's Baby,Horror,1
U1253,M030,The Wolf of Wall Street,Drama,3
U1253,M011,A Quiet Place,Horror,5
U1253,M078,Schindler's List,Drama,5
U1253,M056,Die Hard,Action,3
U1254,M056,Die Hard,Action,3
U1254,M096,Annihilation,Sci-Fi,5
U1254,M064,When Harry Met Sally,Romance,5
U1254,M008,Get Out,Horror,5
U1254,M040,WALL-E,Animation,4
U1254,M043,Planet Earth,Documentary,2
U1254,M005,The Conjuring,Horror,4
U1255,M030,The Wolf of Wall Street,Drama,2
U1255,M087,The Mask,Comedy,2
U1255,M013,Parasite,Thriller,4
U1255,M023,The Matrix,Sci-Fi,5
U1255,M098,The Menu,Thriller,3
U1255,M028,La La Land,Romance,4
U1255,M036,Se7en,Thriller,4
U1255,M100,Nope,Horror,3
U1255,M068,The Silence of the Lambs,Thriller,2
U1255,M072,Nightcrawler,Thriller,3
U1255,M005,The Conjuring,Horror,5
U1255,M040,WALL-E,Animation,4
U1255,M065,Eternal Sunshine,Romance,2
U1255,M045,13th,Documentary,1
U1255,M012,The Hangover,Comedy,2
U1255,M085,Step Brothers,Comedy,3
U1255,M038,Finding Nemo,Animation,4
U1255,M084,Anchorman,Comedy,4
U1255,M020,John Wick,Action,3
U1256,M057,Speed,Action,3
U1256,M049,Harry Potter,Fantasy,3
U1256,M060,Arrival,Sci-Fi,1
U1256,M024,Knives Out,Thriller,5
U1256,M078,Schindler's List,Drama,3
U1256,M079,12 Angry Men,Drama,4
U1256,M009,The Grand Budapest Hotel,Comedy,2
U1256,M015,Crazy Rich Asians,Romance,4
U1256,M092,Iron Man,Action,5
U1256,M043,Planet Earth,Documentary,3
U1256,M038,Finding Nemo,Animation,4
U1256,M076,Annihilation,Horror,1
U1256,M004,Interstellar,Sci-Fi,1
U1256,M096,Annihilation,Sci-Fi,2
U1256,M037,Toy Story,Animation,5
U1256,M081,Dead Poets Society,Drama,5
U1257,M016,Hereditary,Horror,5
U1257,M087,The Mask,Comedy,1
U1257,M083,Monty Python,Comedy,4
U1257,M014,The Shawshank Redemption,Drama,3
U1257,M042,Coco,Animation,5
U1257,M003,The Notebook,Romance,1
U1257,M053,Gladiator,Action,1
U1257,M019,Alien,Sci-Fi,5
U1257,M088,Black Panther,Action,4
U1257,M075,The Shining,Horror,2
U1257,M015,Crazy Rich Asians,Romance,5
U1257,M060,Arrival,Sci-Fi,2
U1257,M078,Schindler's List,Drama,3
U1257,M017,Forrest Gump,Drama,2
U1257,M050,The Hobbit,Fantasy,5
U1257,M044,Free Solo,Documentary,5
U1257,M009,The Grand Budapest Hotel,Comedy,2
U1257,M058,The Terminator,Sci-Fi,4
U1257,M028,La La Land,Romance,5
U1257,M021,Bridesmaids,Comedy,1
U1258,M057,Speed,Action,4
U1258,M028,La La Land,Romance,4
U1258,M087,The Mask,Comedy,1
U1258,M059,2001: A Space Odyssey,Sci-Fi,4
U1258,M056,Die Hard,Action,3
U1258,M100,Nope,Horror,3
U1258,M062,Gravity,Sci-Fi,5
U1258,M015,Crazy Rich Asians,Romance,5
U1258,M099,Barbarian,Horror,1
U1258,M004,Interstellar,Sci-Fi,3
U1258,M046,The Act of Killing,Documentary,2
U1258,M018,Superbad,Comedy,1
U1258,M073,The Exorcist,Horror,3
U1258,M066,Before Sunrise,Romance,3
U1258,M088,Black Panther,Action,3
U1259,M002,Inception,Sci-Fi,4
U1259,M023,The Matrix,Sci-Fi,5
U1259,M001,The Dark Knight,Action,2
U1259,M017,Forrest Gump,Drama,5
U1259,M100,Nope,Horror,4
U1259,M083,Monty Python,Comedy,5
U1260,M028,La La Land,Romance,2
U1260,M096,Annihilation,Sci-Fi,5
U1260,M040,WALL-E,Animation,4
U1260,M082,A Beautiful Mind,Drama,5
U1260,M045,13th,Documentary,4
U1260,M008,Get Out,Horror,4
U1261,M007,Titanic,Romance,1
U1261,M031,Whiplash,Drama,5
U1261,M084,Anchorman,Comedy,2
U1261,M100,Nope,Horror,2
U1261,M035,The Big Lebowski,Comedy,4
U1261,M002,Inception,Sci-Fi,5
U1261,M078,Schindler's List,Drama,5
U1261,M093,Everything Everywhere All at Once,Sci-Fi,1
U1261,M027,Gone Girl,Thriller,2
U1261,M053,Gladiator,Action,1
U1261,M088,Black Panther,Action,2
U1261,M089,Spider-Man: No Way Home,Action,5
U1261,M059,2001: A Space Odyssey,Sci-Fi,2
U1261,M087,The Mask,Comedy,4
U1261,M045,13th,Documentary,2
U1261,M039,Up,Animation,3
U1261,M081,Dead Poets Society,Drama,2
U1262,M013,Parasite,Thriller,4
U1262,M032,The Pursuit of Happyness,Drama,3
U1262,M036,Se7en,Thriller,3
U1262,M049,Harry Potter,Fantasy,2
U1262,M008,Get Out,Horror,5
U1262,M070,Prisoners,Thriller,3
U1262,M040,WALL-E,Animation,3
U1262,M021,Bridesmaids,Comedy,4
U1262,M020,John Wick,Action,5
U1262,M001,The Dark Knight,Action,1
U1262,M031,Whiplash,Drama,5
U1262,M069,No Country for Old Men,Thriller,3
U1262,M085,Step Brothers,Comedy,4
U1262,M071,Zodiac,Thriller,2
U1262,M022,Midsommar,Horror,2
U1263,M084,Anchorman,Comedy,1
U1263,M090,Doctor Strange,Action,4
U1263,M062,Gravity,Sci-Fi,5
U1263,M032,The Pursuit of Happyness,Drama,5
U1263,M095,The Martian,Sci-Fi,3
U1263,M049,Harry Potter,Fantasy,4
U1263,M077,Us,Horror,4
U1264,M024,Knives Out,Thriller,4
U1264,M006,Avengers: Endgame,Action,1
U1264,M003,The Notebook,Romance,5
U1264,M046,The Act of Killing,Documentary,5
U1264,M017,Forrest Gump,Drama,4
U1264,M011,A Quiet Place,Horror,1
U1264,M033,Pitch Perfect,Comedy,2
U1264,M090,Doctor Strange,Action,2
U1264,M092,Iron Man,Action,4
U1264,M013,Parasite,Thriller,2
U1264,M100,Nope,Horror,5
U1264,M007,Titanic,Romance,3
U1264,M061,Ex Machina,Sci-Fi,1
U1264,M002,Inception,Sci-Fi,1
U1264,M059,2001: A Space Odyssey,Sci-Fi,5
U1264,M015,Crazy Rich Asians,Romance,1
U1264,M056,Die Hard,Action,5
U1264,M031,Whiplash,Drama,4
U1264,M035,The Big Lebowski,Comedy,3
U1264,M072,Nightcrawler,Thriller,4
U1265,M047,Jiro Dreams of Sushi,Documentary,4
U1265,M054,Top Gun: Maverick,Action,4
U1265,M078,Schindler's List,Drama,5
U1265,M061,Ex Machina,Sci-Fi,1
U1265,M019,Alien,Sci-Fi,2
U1265,M079,12 Angry Men,Drama,5
U1265,M051,Pan's Labyrinth,Fantasy,4
U1265,M045,13th,Documentary,1
U1265,M044,Free Solo,Documentary,5
U1265,M050,The Hobbit,Fantasy,5
U1265,M015,Crazy Rich Asians,Romance,4
U1265,M077,Us,Horror,2
U1265,M024,Knives Out,Thriller,5
U1266,M075,The Shining,Horror,1
U1266,M046,The Act of Killing,Documentary,3
U1266,M052,Princess Mononoke,Fantasy,4
U1266,M014,The Shawshank Redemption,Drama,5
U1266,M018,Superbad,Comedy,2
U1266,M095,The Martian,Sci-Fi,4
U1266,M098,The Menu,Thriller,2
U1266,M049,Harry Potter,Fantasy,3
U1266,M100,Nope,Horror,5
U1266,M057,Speed,Action,5
U1266,M070,Prisoners,Thriller,5
U1266,M029,Blade Runner 2049,Sci-Fi,3
U1267,M022,Midsommar,Horror,3
U1267,M094,Dune,Sci-Fi,4
U1267,M018,Superbad,Comedy,1
U1267,M028,La La Land,Romance,3
U1267,M088,Black Panther,Action,3
U1267,M084,Anchorman,Comedy,4
U1268,M023,The Matrix,Sci-Fi,1
U1268,M064,When Harry Met Sally,Romance,3
U1268,M055,Mission Impossible,Action,2
U1268,M027,Gone Girl,Thriller,4
U1268,M094,Dune,Sci-Fi,5
U1268,M028,La La Land,Romance,2
U1268,M001,The Dark Knight,Action,1
U1268,M038,Finding Nemo,Animation,5
U1268,M088,Black Panther,Action,4
U1268,M015,Crazy Rich Asians,Romance,5
U1268,M010,Pride and Prejudice,Romance,4
U1268,M059,2001: A Space Odyssey,Sci-Fi,2
U1268,M054,Top Gun: Maverick,Action,4
U1268,M100,Nope,Horror,3
U1268,M013,Parasite,Thriller,5
U1268,M039,Up,Animation,3
U1268,M081,Dead Poets Society,Drama,4
U1269,M041,Spirited Away,Animation,5
U1269,M049,Harry Potter,Fantasy,3
U1269,M069,No Country for Old Men,Thriller,5
U1269,M073,The Exorcist,Horror,5
U1269,M050,The Hobbit,Fantasy,3
U1269,M076,Annihilation,Horror,4
U1269,M066,Before Sunrise,Romance,2
U1269,M062,Gravity,Sci-Fi,1
U1269,M003,The Notebook,Romance,3
U1269,M028,La La Land,Romance,5
U1269,M071,Zodiac,Thriller,3
U1269,M072,Nightcrawler,Thriller,3
U1269,M100,Nope,Horror,5
U1269,M030,The Wolf of Wall Street,Drama,2
U1269,M001,The Dark Knight,Action,2
U1269,M004,Interstellar,Sci-Fi,4
U1269,M036,Se7en,Thriller,2
U1270,M043,Planet Earth,Documentary,2
U1270,M077,Us,Horror,2
U1270,M029,Blade Runner 2049,Sci-Fi,5
U1270,M036,Se7en,Thriller,3
U1270,M009,The Grand Budapest Hotel,Comedy,3
U1270,M006,Avengers: Endgame,Action,4
U1270,M034,Joker,Drama,2
U1270,M007,Titanic,Romance,5
U1270,M049,Harry Potter,Fantasy,3
U1270,M096,Annihilation,Sci-Fi,1
U1270,M088,Black Panther,Action,1
U1270,M019,Alien,Sci-Fi,5
U1270,M075,The Shining,Horror,1
U1270,M013,Parasite,Thriller,5
U1270,M011,A Quiet Place,Horror,5
U1270,M070,Prisoners,Thriller,5
U1270,M058,The Terminator,Sci-Fi,1
U1271,M043,Planet Earth,Documentary,4
U1271,M087,The Mask,Comedy,1
U1271,M058,The Terminator,Sci-Fi,1
U1271,M068,The Silence of the Lambs,Thriller,4
U1271,M079,12 Angry Men,Drama,5
U1271,M094,Dune,Sci-Fi,4
U1271,M067,The Fault in Our Stars,Romance,3
U1271,M084,Anchorman,Comedy,4
U1271,M033,Pitch Perfect,Comedy,3
U1271,M074,Rosemary's Baby,Horror,5
U1271,M062,Gravity,Sci-Fi,1
U1271,M037,Toy Story,Animation,5
U1271,M075,The Shining,Horror,5
U1271,M080,Good Will Hunting,Drama,5
U1271,M077,Us,Horror,1
U1271,M008,Get Out,Horror,1
U1271,M041,Spirited Away,Animation,5
U1271,M021,Bridesmaids,Comedy,1
U1271,M018,Superbad,Comedy,4
U1271,M014,The Shawshank Redemption,Drama,3
U1272,M053,Gladiator,Action,4
U1272,M032,The Pursuit of Happyness,Drama,5
U1272,M013,Parasite,Thriller,4
U1272,M026,Mad Max: Fury Road,Action,5
U1272,M022,Midsommar,Horror,4
U1272,M077,Us,Horror,2
U1272,M060,Arrival,Sci-Fi,4
U1272,M047,Jiro Dreams of Sushi,Documentary,5
U1272,M046,The Act of Killing,Documentary,5
U1272,M058,The Terminator,Sci-Fi,1
U1272,M023,The Matrix,Sci-Fi,1
U1272,M096,Annihilation,Sci-Fi,5
U1272,M097,Moon,Sci-Fi,2
U1272,M054,Top Gun: Maverick,Action,5
U1272,M014,The Shawshank Redemption,Drama,5
U1273,M051,Pan's Labyrinth,Fantasy,3
U1273,M068,The Silence of the Lambs,Thriller,2
U1273,M022,Midsommar,Horror,4
U1273,M090,Doctor Strange,Action,1
U1273,M007,Titanic,Romance,4
U1273,M015,Crazy Rich Asians,Romance,4
U1274,M025,It,Horror,3
U1274,M088,Black Panther,Action,5
U1274,M090,Doctor Strange,Action,1
U1274,M022,Midsommar,Horror,1
U1274,M015,Crazy Rich Asians,Romance,3
U1274,M050,The Hobbit,Fantasy,5
U1274,M029,Blade Runner 2049,Sci-Fi,1
U1274,M089,Spider-Man: No Way Home,Action,2
U1274,M054,Top Gun: Maverick,Action,4
U1274,M016,Hereditary,Horror,2
U1274,M031,Whiplash,Drama,5
U1274,M010,Pride and Prejudice,Romance,3
U1274,M061,Ex Machina,Sci-Fi,3
U1274,M079,12 Angry Men,Drama,4
U1274,M068,The Silence of the Lambs,Thriller,5
U1274,M043,Planet Earth,Documentary,3
U1275,M044,Free Solo,Documentary,3
U1275,M089,Spider-Man: No Way Home,Action,2
U1275,M054,Top Gun: Maverick,Action,5
U1275,M031,Whiplash,Drama,3
U1275,M088,Black Panther,Action,2
U1275,M077,Us,Horror,3
U1275,M076,Annihilation,Horror,3
U1275,M071,Zodiac,Thriller,2
U1275,M098,The Menu,Thriller,5
U1275,M016,Hereditary,Horror,3
U1275,M020,John Wick,Action,1
U1275,M062,Gravity,Sci-Fi,5
U1276,M042,Coco,Animation,4
U1276,M072,Nightcrawler,Thriller,3
U1276,M009,The Grand Budapest Hotel,Comedy,4
U1276,M081,Dead Poets Society,Drama,2
U1276,M095,The Martian,Sci-Fi,1
U1276,M033,Pitch Perfect,Comedy,5
U1276,M064,When Harry Met Sally,Romance,4
U1276,M054,Top Gun: Maverick,Action,2
U1276,M023,The Matrix,Sci-Fi,5
U1276,M014,The Shawshank Redemption,Drama,5
U1277,M046,The Act of Killing,Documentary,1
U1277,M034,Joker,Drama,5
U1277,M013,Parasite,Thriller,3
U1277,M027,Gone Girl,Thriller,2
U1277,M093,Everything Everywhere All at Once,Sci-Fi,4
U1277,M099,Barbarian,Horror,5
U1277,M072,Nightcrawler,Thriller,5
U1277,M033,Pitch Perfect,Comedy,5
U1277,M041,Spirited Away,Animation,4
U1277,M030,The Wolf of Wall Street,Drama,5
U1277,M050,The Hobbit,Fantasy,2
U1277,M028,La La Land,Romance,5
U1277,M100,Nope,Horror,4
U1278,M047,Jiro Dreams of Sushi,Documentary,1
U1278,M075,The Shining,Horror,4
U1278,M069,No Country for Old Men,Thriller,5
U1278,M060,Arrival,Sci-Fi,2
U1278,M018,Superbad,Comedy,3
U1278,M081,Dead Poets Society,Drama,2
U1278,M036,Se7en,Thriller,5
U1278,M094,Dune,Sci-Fi,4
U1278,M005,The Conjuring,Horror,5
U1278,M072,Nightcrawler,Thriller,2
U1278,M096,Annihilation,Sci-Fi,1
U1278,M079,12 Angry Men,Drama,3
U1278,M078,Schindler's List,Drama,3
U1278,M023,The Matrix,Sci-Fi,5
U1279,M025,It,Horror,3
U1279,M055,Mission Impossible,Action,1
U1279,M058,The Terminator,Sci-Fi,5
U1279,M004,Interstellar,Sci-Fi,5
U1279,M062,Gravity,Sci-Fi,2
U1279,M089,Spider-Man: No Way Home,Action,1
U1279,M018,Superbad,Comedy,4
U1279,M016,Hereditary,Horror,2
U1279,M085,Step Brothers,Comedy,2
U1279,M029,Blade Runner 2049,Sci-Fi,2
U1279,M091,Thor: Ragnarok,Action,4
U1279,M038,Finding Nemo,Animation,4
U1279,M002,Inception,Sci-Fi,3
U1279,M024,Knives Out,Thriller,2
U1279,M040,WALL-E,Animation,3
U1279,M017,Forrest Gump,Drama,5
U1279,M084,Anchorman,Comedy,1
U1279,M022,Midsommar,Horror,3
U1279,M083,Monty Python,Comedy,3
U1279,M095,The Martian,Sci-Fi,3
U1280,M038,Finding Nemo,Animation,4
U1280,M098,The Menu,Thriller,4
U1280,M071,Zodiac,Thriller,2
U1280,M035,The Big Lebowski,Comedy,5
U1280,M020,John Wick,Action,3
U1280,M086,Airplane!,Comedy,4
U1280,M004,Interstellar,Sci-Fi,4
U1280,M021,Bridesmaids,Comedy,3
U1280,M089,Spider-Man: No Way Home,Action,1
U1280,M036,Se7en,Thriller,2
U1281,M085,Step Brothers,Comedy,1
U1281,M009,The Grand Budapest Hotel,Comedy,3
U1281,M044,Free Solo,Documentary,3
U1281,M054,Top Gun: Maverick,Action,2
U1281,M036,Se7en,Thriller,4
U1281,M002,Inception,Sci-Fi,3
U1281,M079,12 Angry Men,Drama,2
U1281,M074,Rosemary's Baby,Horror,5
U1281,M037,Toy Story,Animation,3
U1281,M014,The Shawshank Redemption,Drama,5
U1281,M040,WALL-E,Animation,4
U1281,M064,When Harry Met Sally,Romance,4
U1281,M045,13th,Documentary,1
U1281,M025,It,Horror,1
U1281,M080,Good Will Hunting,Drama,2
U1281,M070,Prisoners,Thriller,3
U1281,M091,Thor: Ragnarok,Action,3
U1281,M060,Arrival,Sci-Fi,4
U1282,M079,12 Angry Men,Drama,5
U1282,M035,The Big Lebowski,Comedy,5
U1282,M024,Knives Out,Thriller,3
U1282,M096,Annihilation,Sci-Fi,2
U1282,M074,Rosemary's Baby,Horror,5
U1282,M076,Annihilation,Horror,3
U1282,M023,The Matrix,Sci-Fi,2
U1282,M005,The Conjuring,Horror,2
U1282,M082,A Beautiful Mind,Drama,5
U1282,M031,Whiplash,Drama,5
U1282,M062,Gravity,Sci-Fi,1
U1282,M049,Harry Potter,Fantasy,5
U1282,M092,Iron Man,Action,3
U1282,M056,Die Hard,Action,1
U1282,M075,The Shining,Horror,1
U1283,M078,Schindler's List,Drama,4
U1283,M087,The Mask,Comedy,1
U1283,M003,The Notebook,Romance,4
U1283,M080,Good Will Hunting,Drama,5
U1283,M030,The Wolf of Wall Street,Drama,3
U1283,M040,WALL-E,Animation,5
U1283,M017,Forrest Gump,Drama,3
U1283,M036,Se7en,Thriller,4
U1283,M084,Anchorman,Comedy,4
U1283,M081,Dead Poets Society,Drama,3
U1283,M020,John Wick,Action,2
U1284,M087,The Mask,Comedy,4
U1284,M067,The Fault in Our Stars,Romance,5
U1284,M069,No Country for Old Men,Thriller,4
U1284,M078,Schindler's List,Drama,2
U1284,M030,The Wolf of Wall Street,Drama,5
U1284,M031,Whiplash,Drama,5
U1284,M033,Pitch Perfect,Comedy,3
U1284,M027,Gone Girl,Thriller,4
U1284,M061,Ex Machina,Sci-Fi,2
U1284,M048,The Lord of the Rings,Fantasy,4
U1284,M014,The Shawshank Redemption,Drama,3
U1284,M095,The Martian,Sci-Fi,5
U1284,M068,The Silence of the Lambs,Thriller,3
U1284,M049,Harry Potter,Fantasy,4
U1285,M071,Zodiac,Thriller,3
U1285,M043,Planet Earth,Documentary,5
U1285,M044,Free Solo,Documentary,5
U1285,M003,The Notebook,Romance,5
U1285,M058,The Terminator,Sci-Fi,3
U1285,M035,The Big Lebowski,Comedy,5
U1285,M027,Gone Girl,Thriller,4
U1285,M074,Rosemary's Baby,Horror,4
U1285,M045,13th,Documentary,1
U1286,M073,The Exorcist,Horror,3
U1286,M055,Mission Impossible,Action,4
U1286,M078,Schindler's List,Drama,2
U1286,M037,Toy Story,Animation,5
U1286,M042,Coco,Animation,5
U1286,M027,Gone Girl,Thriller,3
U1286,M077,Us,Horror,1
U1286,M013,Parasite,Thriller,2
U1286,M061,Ex Machina,Sci-Fi,5
U1286,M052,Princess Mononoke,Fantasy,5
U1286,M043,Planet Earth,Documentary,3
U1286,M006,Avengers: Endgame,Action,3
U1287,M071,Zodiac,Thriller,5
U1287,M066,Before Sunrise,Romance,4
U1287,M059,2001: A Space Odyssey,Sci-Fi,5
U1287,M028,La La Land,Romance,4
U1287,M036,Se7en,Thriller,5
U1287,M037,Toy Story,Animation,5
U1287,M095,The Martian,Sci-Fi,5
U1287,M094,Dune,Sci-Fi,5
U1287,M079,12 Angry Men,Drama,5
U1288,M059,2001: A Space Odyssey,Sci-Fi,1
U1288,M003,The Notebook,Romance,1
U1288,M053,Gladiator,Action,1
U1288,M090,Doctor Strange,Action,2
U1288,M014,The Shawshank Redemption,Drama,5
U1288,M083,Monty Python,Comedy,3
U1288,M056,Die Hard,Action,4
U1288,M075,The Shining,Horror,1
U1288,M007,Titanic,Romance,3
U1288,M011,A Quiet Place,Horror,4
U1288,M034,Joker,Drama,5
U1288,M080,Good Will Hunting,Drama,4
U1288,M057,Speed,Action,4
U1289,M094,Dune,Sci-Fi,2
U1289,M042,Coco,Animation,4
U1289,M001,The Dark Knight,Action,3
U1289,M084,Anchorman,Comedy,2
U1289,M044,Free Solo,Documentary,3
U1289,M010,Pride and Prejudice,Romance,5
U1289,M070,Prisoners,Thriller,5
U1289,M065,Eternal Sunshine,Romance,5
U1289,M055,Mission Impossible,Action,5
U1289,M003,The Notebook,Romance,3
U1289,M088,Black Panther,Action,1
U1289,M013,Parasite,Thriller,4
U1289,M050,The Hobbit,Fantasy,4
U1289,M063,Casablanca,Romance,1
U1289,M085,Step Brothers,Comedy,3
U1289,M038,Finding Nemo,Animation,5
U1289,M034,Joker,Drama,5
U1289,M073,The Exorcist,Horror,5
U1290,M063,Casablanca,Romance,4
U1290,M044,Free Solo,Documentary,5
U1290,M040,WALL-E,Animation,5
U1290,M006,Avengers: Endgame,Action,2
U1290,M018,Superbad,Comedy,3
U1290,M092,Iron Man,Action,4
U1290,M096,Annihilation,Sci-Fi,1
U1290,M034,Joker,Drama,4
U1290,M023,The Matrix,Sci-Fi,1
U1290,M072,Nightcrawler,Thriller,3
U1290,M056,Die Hard,Action,3
U1290,M010,Pride and Prejudice,Romance,1
U1291,M069,No Country for Old Men,Thriller,5
U1291,M042,Coco,Animation,4
U1291,M091,Thor: Ragnarok,Action,5
U1291,M063,Casablanca,Romance,3
U1291,M055,Mission Impossible,Action,5
U1291,M096,Annihilation,Sci-Fi,2
U1291,M023,The Matrix,Sci-Fi,4
U1291,M097,Moon,Sci-Fi,5
U1291,M049,Harry Potter,Fantasy,2
U1291,M039,Up,Animation,5
U1291,M066,Before Sunrise,Romance,2
U1291,M010,Pride and Prejudice,Romance,3
U1292,M029,Blade Runner 2049,Sci-Fi,1
U1292,M003,The Notebook,Romance,3
U1292,M093,Everything Everywhere All at Once,Sci-Fi,5
U1292,M011,A Quiet Place,Horror,3
U1292,M099,Barbarian,Horror,2
U1292,M098,The Menu,Thriller,5
U1292,M019,Alien,Sci-Fi,4
U1292,M057,Speed,Action,3
U1292,M071,Zodiac,Thriller,5
U1292,M074,Rosemary's Baby,Horror,4
U1292,M049,Harry Potter,Fantasy,4
U1292,M077,Us,Horror,1
U1292,M043,Planet Earth,Documentary,2
U1292,M079,12 Angry Men,Drama,5
U1292,M084,Anchorman,Comedy,3
U1292,M027,Gone Girl,Thriller,5
U1293,M007,Titanic,Romance,2
U1293,M025,It,Horror,5
U1293,M096,Annihilation,Sci-Fi,3
U1293,M055,Mission Impossible,Action,4
U1293,M028,La La Land,Romance,5
U1293,M033,Pitch Perfect,Comedy,5
U1293,M039,Up,Animation,5
U1293,M088,Black Panther,Action,2
U1293,M037,Toy Story,Animation,4
U1294,M069,No Country for Old Men,Thriller,5
U1294,M010,Pride and Prejudice,Romance,1
U1294,M087,The Mask,Comedy,4
U1294,M020,John Wick,Action,1
U1294,M026,Mad Max: Fury Road,Action,4
U1294,M029,Blade Runner 2049,Sci-Fi,2
U1294,M048,The Lord of the Rings,Fantasy,2
U1294,M057,Speed,Action,4
U1295,M036,Se7en,Thriller,2
U1295,M046,The Act of Killing,Documentary,5
U1295,M060,Arrival,Sci-Fi,5
U1295,M055,Mission Impossible,Action,5
U1295,M023,The Matrix,Sci-Fi,5
U1295,M087,The Mask,Comedy,4
U1295,M053,Gladiator,Action,4
U1295,M018,Superbad,Comedy,3
U1295,M050,The Hobbit,Fantasy,4
U1295,M032,The Pursuit of Happyness,Drama,4
U1295,M051,Pan's Labyrinth,Fantasy,5
U1295,M057,Speed,Action,3
U1295,M069,No Country for Old Men,Thriller,4
U1295,M041,Spirited Away,Animation,4
U1296,M065,Eternal Sunshine,Romance,4
U1296,M092,Iron Man,Action,4
U1296,M043,Planet Earth,Documentary,4
U1296,M018,Superbad,Comedy,4
U1296,M076,Annihilation,Horror,5
U1296,M046,The Act of Killing,Documentary,4
U1296,M025,It,Horror,3
U1296,M058,The Terminator,Sci-Fi,1
U1296,M096,Annihilation,Sci-Fi,3
U1296,M059,2001: A Space Odyssey,Sci-Fi,2
U1296,M033,Pitch Perfect,Comedy,1
U1296,M004,Interstellar,Sci-Fi,4
U1296,M097,Moon,Sci-Fi,4
U1296,M031,Whiplash,Drama,5
U1297,M011,A Quiet Place,Horror,2
U1297,M040,WALL-E,Animation,3
U1297,M077,Us,Horror,5
U1297,M057,Speed,Action,5
U1297,M045,13th,Documentary,1
U1297,M026,Mad Max: Fury Road,Action,1
U1297,M039,Up,Animation,3
U1297,M012,The Hangover,Comedy,5
U1297,M010,Pride and Prejudice,Romance,3
U1297,M041,Spirited Away,Animation,3
U1297,M097,Moon,Sci-Fi,4
U1297,M061,Ex Machina,Sci-Fi,3
U1297,M099,Barbarian,Horror,4
U1297,M027,Gone Girl,Thriller,4
U1297,M084,Anchorman,Comedy,5
U1297,M100,Nope,Horror,2
U1298,M096,Annihilation,Sci-Fi,2
U1298,M038,Finding Nemo,Animation,4
U1298,M093,Everything Everywhere All at Once,Sci-Fi,2
U1298,M034,Joker,Drama,3
U1298,M044,Free Solo,Documentary,2
U1298,M032,The Pursuit of Happyness,Drama,5
U1298,M068,The Silence of the Lambs,Thriller,5
U1298,M043,Planet Earth,Documentary,1
U1298,M084,Anchorman,Comedy,1
U1298,M085,Step Brothers,Comedy,1
U1298,M055,Mission Impossible,Action,3
U1298,M047,Jiro Dreams of Sushi,Documentary,4
U1299,M074,Rosemary's Baby,Horror,2
U1299,M095,The Martian,Sci-Fi,3
U1299,M011,A Quiet Place,Horror,5
U1299,M009,The Grand Budapest Hotel,Comedy,3
U1299,M008,Get Out,Horror,4
U1300,M011,A Quiet Place,Horror,4
U1300,M077,Us,Horror,3
U1300,M089,Spider-Man: No Way Home,Action,1
U1300,M098,The Menu,Thriller,2
U1300,M065,Eternal Sunshine,Romance,5
U1300,M073,The Exorcist,Horror,1
U1300,M076,Annihilation,Horror,3
U1301,M096,Annihilation,Sci-Fi,4
U1301,M058,The Terminator,Sci-Fi,5
U1301,M036,Se7en,Thriller,5
U1301,M052,Princess Mononoke,Fantasy,2
U1301,M055,Mission Impossible,Action,3
U1301,M010,Pride and Prejudice,Romance,4
U1301,M040,WALL-E,Animation,5
U1301,M094,Dune,Sci-Fi,4
U1301,M061,Ex Machina,Sci-Fi,4
U1301,M012,The Hangover,Comedy,4
U1301,M066,Before Sunrise,Romance,5
U1302,M091,Thor: Ragnarok,Action,5
U1302,M079,12 Angry Men,Drama,5
U1302,M003,The Notebook,Romance,3
U1302,M095,The Martian,Sci-Fi,1
U1302,M048,The Lord of the Rings,Fantasy,5
U1302,M092,Iron Man,Action,5
U1302,M018,Superbad,Comedy,1
U1302,M052,Princess Mononoke,Fantasy,4
U1302,M044,Free Solo,Documentary,2
U1303,M089,Spider-Man: No Way Home,Action,3
U1303,M030,The Wolf of Wall Street,Drama,5
U1303,M001,The Dark Knight,Action,2
U1303,M094,Dune,Sci-Fi,5
U1303,M024,Knives Out,Thriller,5
U1303,M074,Rosemary's Baby,Horror,4
U1303,M091,Thor: Ragnarok,Action,2
U1303,M064,When Harry Met Sally,Romance,2
U1303,M055,Mission Impossible,Action,1
U1303,M037,Toy Story,Animation,4
U1303,M003,The Notebook,Romance,1
U1303,M041,Spirited Away,Animation,4
U1304,M028,La La Land,Romance,4
U1304,M012,The Hangover,Comedy,3
U1304,M069,No Country for Old Men,Thriller,5
U1304,M050,The Hobbit,Fantasy,3
U1304,M049,Harry Potter,Fantasy,3
U1304,M005,The Conjuring,Horror,5
U1304,M040,WALL-E,Animation,5
U1305,M033,Pitch Perfect,Comedy,3
U1305,M059,2001: A Space Odyssey,Sci-Fi,4
U1305,M094,Dune,Sci-Fi,3
U1305,M095,The Martian,Sci-Fi,3
U1305,M065,Eternal Sunshine,Romance,2
U1305,M044,Free Solo,Documentary,1
U1305,M022,Midsommar,Horror,2
U1306,M078,Schindler's List,Drama,5
U1306,M034,Joker,Drama,5
U1306,M037,Toy Story,Animation,5
U1306,M014,The Shawshank Redemption,Drama,4
U1306,M003,The Notebook,Romance,4
U1306,M096,Annihilation,Sci-Fi,4
U1306,M087,The Mask,Comedy,3
U1306,M022,Midsommar,Horror,1
U1306,M093,Everything Everywhere All at Once,Sci-Fi,2
U1306,M029,Blade Runner 2049,Sci-Fi,1
U1306,M065,Eternal Sunshine,Romance,2
U1306,M062,Gravity,Sci-Fi,3
U1306,M083,Monty Python,Comedy,1
U1306,M046,The Act of Killing,Documentary,5
U1306,M011,A Quiet Place,Horror,2
U1307,M019,Alien,Sci-Fi,3
U1307,M046,The Act of Killing,Documentary,4
U1307,M066,Before Sunrise,Romance,3
U1307,M048,The Lord of the Rings,Fantasy,5
U1307,M026,Mad Max: Fury Road,Action,1
U1308,M027,Gone Girl,Thriller,5
U1308,M080,Good Will Hunting,Drama,5
U1308,M068,The Silence of the Lambs,Thriller,4
U1308,M100,Nope,Horror,1
U1308,M069,No Country for Old Men,Thriller,3
U1308,M047,Jiro Dreams of Sushi,Documentary,5
U1308,M082,A Beautiful Mind,Drama,5
U1308,M022,Midsommar,Horror,3
U1308,M089,Spider-Man: No Way Home,Action,3
U1308,M016,Hereditary,Horror,5
U1308,M063,Casablanca,Romance,1
U1308,M071,Zodiac,Thriller,5
U1308,M078,Schindler's List,Drama,5
U1308,M042,Coco,Animation,4
U1308,M044,Free Solo,Documentary,5
U1308,M008,Get Out,Horror,2
U1309,M069,No Country for Old Men,Thriller,2
U1309,M027,Gone Girl,Thriller,2
U1309,M013,Parasite,Thriller,3
U1309,M076,Annihilation,Horror,5
U1309,M029,Blade Runner 2049,Sci-Fi,1
U1309,M040,WALL-E,Animation,4
U1309,M098,The Menu,Thriller,5
U1309,M074,Rosemary's Baby,Horror,2
U1309,M012,The Hangover,Comedy,3
U1309,M071,Zodiac,Thriller,3
U1309,M092,Iron Man,Action,5
U1310,M040,WALL-E,Animation,3
U1310,M021,Bridesmaids,Comedy,5
U1310,M014,The Shawshank Redemption,Drama,2
U1310,M089,Spider-Man: No Way Home,Action,2
U1310,M078,Schindler's List,Drama,2
U1310,M048,The Lord of the Rings,Fantasy,5
U1310,M074,Rosemary's Baby,Horror,3
U1310,M060,Arrival,Sci-Fi,2
U1310,M096,Annihilation,Sci-Fi,4
U1310,M031,Whiplash,Drama,3
U1311,M012,The Hangover,Comedy,2
U1311,M038,Finding Nemo,Animation,3
U1311,M093,Everything Everywhere All at Once,Sci-Fi,2
U1311,M052,Princess Mononoke,Fantasy,2
U1311,M026,Mad Max: Fury Road,Action,3
U1311,M032,The Pursuit of Happyness,Drama,4
U1311,M011,A Quiet Place,Horror,1
U1311,M043,Planet Earth,Documentary,4
U1311,M083,Monty Python,Comedy,4
U1311,M046,The Act of Killing,Documentary,5
U1311,M047,Jiro Dreams of Sushi,Documentary,1
U1311,M007,Titanic,Romance,1
U1311,M009,The Grand Budapest Hotel,Comedy,1
U1311,M042,Coco,Animation,5
U1312,M047,Jiro Dreams of Sushi,Documentary,2
U1312,M079,12 Angry Men,Drama,5
U1312,M071,Zodiac,Thriller,5
U1312,M039,Up,Animation,3
U1312,M085,Step Brothers,Comedy,2
U1312,M099,Barbarian,Horror,4
U1312,M041,Spirited Away,Animation,5
U1312,M059,2001: A Space Odyssey,Sci-Fi,5
U1312,M053,Gladiator,Action,3
U1312,M095,The Martian,Sci-Fi,3
U1312,M091,Thor: Ragnarok,Action,2
U1312,M056,Die Hard,Action,1
U1312,M031,Whiplash,Drama,5
U1312,M096,Annihilation,Sci-Fi,3
U1312,M040,WALL-E,Animation,3
U1312,M042,Coco,Animation,5
U1312,M016,Hereditary,Horror,1
U1312,M072,Nightcrawler,Thriller,2
U1313,M014,The Shawshank Redemption,Drama,3
U1313,M089,Spider-Man: No Way Home,Action,1
U1313,M096,Annihilation,Sci-Fi,4
U1313,M049,Harry Potter,Fantasy,5
U1313,M083,Monty Python,Comedy,2
U1313,M079,12 Angry Men,Drama,5
U1313,M012,The Hangover,Comedy,5
U1313,M003,The Notebook,Romance,2
U1313,M008,Get Out,Horror,2
U1313,M097,Moon,Sci-Fi,1
U1313,M090,Doctor Strange,Action,4
U1313,M094,Dune,Sci-Fi,3
U1313,M068,The Silence of the Lambs,Thriller,5
U1313,M082,A Beautiful Mind,Drama,3
U1313,M017,Forrest Gump,Drama,5
U1313,M021,Bridesmaids,Comedy,5
U1313,M086,Airplane!,Comedy,5
U1313,M033,Pitch Perfect,Comedy,4
U1314,M004,Interstellar,Sci-Fi,1
U1314,M068,The Silence of the Lambs,Thriller,2
U1314,M025,It,Horror,3
U1314,M081,Dead Poets Society,Drama,5
U1314,M035,The Big Lebowski,Comedy,2
U1314,M064,When Harry Met Sally,Romance,2
U1314,M074,Rosemary's Baby,Horror,3
U1314,M091,Thor: Ragnarok,Action,4
U1314,M012,The Hangover,Comedy,2
U1315,M071,Zodiac,Thriller,2
U1315,M081,Dead Poets Society,Drama,5
U1315,M059,2001: A Space Odyssey,Sci-Fi,3
U1315,M007,Titanic,Romance,5
U1315,M091,Thor: Ragnarok,Action,3
U1315,M026,Mad Max: Fury Road,Action,5
U1315,M021,Bridesmaids,Comedy,4
U1315,M019,Alien,Sci-Fi,2
U1315,M004,Interstellar,Sci-Fi,3
U1316,M072,Nightcrawler,Thriller,2
U1316,M060,Arrival,Sci-Fi,3
U1316,M016,Hereditary,Horror,5
U1316,M019,Alien,Sci-Fi,1
U1316,M079,12 Angry Men,Drama,3
U1316,M045,13th,Documentary,5
U1316,M012,The Hangover,Comedy,4
U1316,M038,Finding Nemo,Animation,3
U1316,M043,Planet Earth,Documentary,4
U1316,M024,Knives Out,Thriller,2
U1316,M092,Iron Man,Action,3
U1317,M023,The Matrix,Sci-Fi,3
U1317,M024,Knives Out,Thriller,4
U1317,M034,Joker,Drama,5
U1317,M002,Inception,Sci-Fi,3
U1317,M054,Top Gun: Maverick,Action,4
U1318,M089,Spider-Man: No Way Home,Action,1
U1318,M078,Schindler's List,Drama,2
U1318,M044,Free Solo,Documentary,4
U1318,M006,Avengers: Endgame,Action,3
U1318,M092,Iron Man,Action,3
U1318,M075,The Shining,Horror,4
U1318,M003,The Notebook,Romance,2
U1318,M033,Pitch Perfect,Comedy,2
U1318,M011,A Quiet Place,Horror,5
U1318,M082,A Beautiful Mind,Drama,5
U1318,M065,Eternal Sunshine,Romance,4
U1318,M094,Dune,Sci-Fi,5
U1318,M043,Planet Earth,Documentary,5
U1318,M056,Die Hard,Action,5
U1318,M051,Pan's Labyrinth,Fantasy,4
U1318,M034,Joker,Drama,5
U1318,M027,Gone Girl,Thriller,4
U1319,M090,Doctor Strange,Action,2
U1319,M079,12 Angry Men,Drama,5
U1319,M080,Good Will Hunting,Drama,5
U1319,M031,Whiplash,Drama,2
U1319,M010,Pride and Prejudice,Romance,3
U1319,M027,Gone Girl,Thriller,5
U1319,M050,The Hobbit,Fantasy,5
U1319,M085,Step Brothers,Comedy,3
U1319,M007,Titanic,Romance,4
U1319,M054,Top Gun: Maverick,Action,1
U1319,M083,Monty Python,Comedy,5
U1319,M017,Forrest Gump,Drama,5
U1319,M018,Superbad,Comedy,1
U1319,M076,Annihilation,Horror,2
U1319,M003,The Notebook,Romance,5
U1319,M012,The Hangover,Comedy,1
U1319,M013,Parasite,Thriller,3
U1319,M094,Dune,Sci-Fi,3
U1320,M098,The Menu,Thriller,5
U1320,M093,Everything Everywhere All at Once,Sci-Fi,2
U1320,M094,Dune,Sci-Fi,5
U1320,M033,Pitch Perfect,Comedy,3
U1320,M067,The Fault in Our Stars,Romance,3
U1320,M076,Annihilation,Horror,1
U1320,M042,Coco,Animation,5
U1320,M032,The Pursuit of Happyness,Drama,2
U1321,M059,2001: A Space Odyssey,Sci-Fi,1
U1321,M073,The Exorcist,Horror,4
U1321,M094,Dune,Sci-Fi,4
U1321,M007,Titanic,Romance,2
U1321,M047,Jiro Dreams of Sushi,Documentary,1
U1321,M030,The Wolf of Wall Street,Drama,5
U1321,M040,WALL-E,Animation,4
U1321,M057,Speed,Action,2
U1321,M017,Forrest Gump,Drama,3
U1321,M072,Nightcrawler,Thriller,5
U1321,M031,Whiplash,Drama,5
U1321,M076,Annihilation,Horror,1
U1321,M046,The Act of Killing,Documentary,5
U1322,M066,Before Sunrise,Romance,2
U1322,M098,The Menu,Thriller,5
U1322,M067,The Fault in Our Stars,Romance,2
U1322,M052,Princess Mononoke,Fantasy,4
U1322,M081,Dead Poets Society,Drama,5
U1322,M068,The Silence of the Lambs,Thriller,3
U1322,M096,Annihilation,Sci-Fi,2
U1322,M099,Barbarian,Horror,5
U1322,M053,Gladiator,Action,2
U1322,M043,Planet Earth,Documentary,5
U1322,M049,Harry Potter,Fantasy,2
U1322,M089,Spider-Man: No Way Home,Action,1
U1322,M085,Step Brothers,Comedy,5
U1323,M020,John Wick,Action,3
U1323,M032,The Pursuit of Happyness,Drama,5
U1323,M048,The Lord of the Rings,Fantasy,4
U1323,M027,Gone Girl,Thriller,5
U1323,M006,Avengers: Endgame,Action,4
U1323,M056,Die Hard,Action,5
U1323,M066,Before Sunrise,Romance,1
U1323,M044,Free Solo,Documentary,5
U1323,M055,Mission Impossible,Action,4
U1323,M069,No Country for Old Men,Thriller,4
U1323,M094,Dune,Sci-Fi,3
U1324,M062,Gravity,Sci-Fi,2
U1324,M035,The Big Lebowski,Comedy,1
U1324,M094,Dune,Sci-Fi,4
U1324,M036,Se7en,Thriller,4
U1324,M074,Rosemary's Baby,Horror,3
U1324,M042,Coco,Animation,4
U1324,M061,Ex Machina,Sci-Fi,5
U1324,M043,Planet Earth,Documentary,2
U1324,M019,Alien,Sci-Fi,5
U1324,M011,A Quiet Place,Horror,5
U1324,M030,The Wolf of Wall Street,Drama,5
U1324,M046,The Act of Killing,Documentary,3
U1325,M036,Se7en,Thriller,5
U1325,M012,The Hangover,Comedy,4
U1325,M088,Black Panther,Action,3
U1325,M009,The Grand Budapest Hotel,Comedy,3
U1325,M091,Thor: Ragnarok,Action,2
U1325,M082,A Beautiful Mind,Drama,4
U1325,M038,Finding Nemo,Animation,5
U1325,M068,The Silence of the Lambs,Thriller,5
U1325,M050,The Hobbit,Fantasy,4
U1325,M021,Bridesmaids,Comedy,3
U1325,M055,Mission Impossible,Action,1
U1325,M057,Speed,Action,3
U1325,M042,Coco,Animation,5
U1325,M098,The Menu,Thriller,4
U1325,M016,Hereditary,Horror,1
U1325,M096,Annihilation,Sci-Fi,5
U1325,M084,Anchorman,Comedy,4
U1325,M079,12 Angry Men,Drama,5
U1325,M080,Good Will Hunting,Drama,5
U1326,M031,Whiplash,Drama,5
U1326,M093,Everything Everywhere All at Once,Sci-Fi,4
U1326,M002,Inception,Sci-Fi,2
U1326,M007,Titanic,Romance,2
U1326,M073,The Exorcist,Horror,3
U1326,M027,Gone Girl,Thriller,3
U1326,M045,13th,Documentary,2
U1326,M095,The Martian,Sci-Fi,5
U1326,M065,Eternal Sunshine,Romance,3
U1326,M024,Knives Out,Thriller,5
U1326,M008,Get Out,Horror,2
U1326,M015,Crazy Rich Asians,Romance,3
U1326,M051,Pan's Labyrinth,Fantasy,5
U1326,M025,It,Horror,2
U1326,M005,The Conjuring,Horror,4
U1326,M011,A Quiet Place,Horror,4
U1326,M098,The Menu,Thriller,5
U1326,M042,Coco,Animation,5
U1327,M073,The Exorcist,Horror,1
U1327,M081,Dead Poets Society,Drama,2
U1327,M067,The Fault in Our Stars,Romance,5
U1327,M099,Barbarian,Horror,1
U1327,M033,Pitch Perfect,Comedy,3
U1327,M056,Die Hard,Action,1
U1328,M026,Mad Max: Fury Road,Action,5
U1328,M039,Up,Animation,5
U1328,M071,Zodiac,Thriller,5
U1328,M001,The Dark Knight,Action,4
U1328,M010,Pride and Prejudice,Romance,1
U1328,M043,Planet Earth,Documentary,3
U1328,M029,Blade Runner 2049,Sci-Fi,3
U1328,M057,Speed,Action,3
U1328,M096,Annihilation,Sci-Fi,3
U1328,M031,Whiplash,Drama,5
U1328,M048,The Lord of the Rings,Fantasy,2
U1329,M032,The Pursuit of Happyness,Drama,4
U1329,M075,The Shining,Horror,2
U1329,M020,John Wick,Action,4
U1329,M051,Pan's Labyrinth,Fantasy,4
U1329,M006,Avengers: Endgame,Action,5
U1329,M079,12 Angry Men,Drama,5
U1329,M056,Die Hard,Action,1
U1329,M063,Casablanca,Romance,1
U1329,M035,The Big Lebowski,Comedy,5
U1329,M096,Annihilation,Sci-Fi,2
U1329,M052,Princess Mononoke,Fantasy,5
U1329,M082,A Beautiful Mind,Drama,4
U1329,M090,Doctor Strange,Action,4
U1329,M018,Superbad,Comedy,4
U1329,M064,When Harry Met Sally,Romance,2
U1329,M007,Titanic,Romance,5
U1330,M095,The Martian,Sci-Fi,3
U1330,M006,Avengers: Endgame,Action,3
U1330,M022,Midsommar,Horror,5
U1330,M011,A Quiet Place,Horror,2
U1330,M046,The Act of Killing,Documentary,1
U1330,M042,Coco,Animation,4
U1330,M093,Everything Everywhere All at Once,Sci-Fi,4
U1330,M084,Anchorman,Comedy,2
U1330,M085,Step Brothers,Comedy,4
U1330,M028,La La Land,Romance,3
U1330,M072,Nightcrawler,Thriller,3
U1330,M032,The Pursuit of Happyness,Drama,5
U1330,M003,The Notebook,Romance,3
U1330,M087,The Mask,Comedy,4
U1330,M064,When Harry Met Sally,Romance,4
U1330,M059,2001: A Space Odyssey,Sci-Fi,5
U1331,M037,Toy Story,Animation,5
U1331,M096,Annihilation,Sci-Fi,5
U1331,M051,Pan's Labyrinth,Fantasy,2
U1331,M001,The Dark Knight,Action,5
U1331,M058,The Terminator,Sci-Fi,5
U1331,M072,Nightcrawler,Thriller,2
U1331,M079,12 Angry Men,Drama,5
U1331,M100,Nope,Horror,4
U1331,M003,The Notebook,Romance,3
U1331,M062,Gravity,Sci-Fi,3
U1331,M044,Free Solo,Documentary,1
U1331,M011,A Quiet Place,Horror,2
U1331,M086,Airplane!,Comedy,5
U1332,M039,Up,Animation,4
U1332,M013,Parasite,Thriller,5
U1332,M040,WALL-E,Animation,4
U1332,M078,Schindler's List,Drama,5
U1332,M100,Nope,Horror,3
U1332,M022,Midsommar,Horror,5
U1332,M044,Free Solo,Documentary,4
U1332,M027,Gone Girl,Thriller,4
U1332,M087,The Mask,Comedy,4
U1332,M055,Mission Impossible,Action,4
U1332,M036,Se7en,Thriller,5
U1332,M080,Good Will Hunting,Drama,4
U1332,M070,Prisoners,Thriller,5
U1333,M075,The Shining,Horror,2
U1333,M005,The Conjuring,Horror,4
U1333,M062,Gravity,Sci-Fi,5
U1333,M003,The Notebook,Romance,4
U1333,M047,Jiro Dreams of Sushi,Documentary,4
U1333,M042,Coco,Animation,3
U1333,M039,Up,Animation,4
U1333,M093,Everything Everywhere All at Once,Sci-Fi,4
U1333,M079,12 Angry Men,Drama,5
U1333,M034,Joker,Drama,3
U1333,M084,Anchorman,Comedy,2
U1333,M091,Thor: Ragnarok,Action,1
U1333,M027,Gone Girl,Thriller,5
U1333,M082,A Beautiful Mind,Drama,4
U1333,M040,WALL-E,Animation,5
U1334,M063,Casablanca,Romance,3
U1334,M052,Princess Mononoke,Fantasy,3
U1334,M089,Spider-Man: No Way Home,Action,3
U1334,M031,Whiplash,Drama,5
U1334,M039,Up,Animation,5
U1334,M015,Crazy Rich Asians,Romance,4
U1335,M007,Titanic,Romance,4
U1335,M085,Step Brothers,Comedy,2
U1335,M015,Crazy Rich Asians,Romance,3
U1335,M016,Hereditary,Horror,5
U1335,M043,Planet Earth,Documentary,3
U1335,M083,Monty Python,Comedy,2
U1335,M033,Pitch Perfect,Comedy,1
U1335,M060,Arrival,Sci-Fi,3
U1336,M018,Superbad,Comedy,3
U1336,M023,The Matrix,Sci-Fi,3
U1336,M046,The Act of Killing,Documentary,4
U1336,M047,Jiro Dreams of Sushi,Documentary,2
U1336,M060,Arrival,Sci-Fi,5
U1336,M065,Eternal Sunshine,Romance,3
U1336,M044,Free Solo,Documentary,2
U1336,M052,Princess Mononoke,Fantasy,3
U1336,M033,Pitch Perfect,Comedy,2
U1336,M014,The Shawshank Redemption,Drama,5
U1336,M029,Blade Runner 2049,Sci-Fi,3
U1336,M035,The Big Lebowski,Comedy,3
U1336,M083,Monty Python,Comedy,3
U1336,M094,Dune,Sci-Fi,5
U1336,M082,A Beautiful Mind,Drama,2
U1336,M063,Casablanca,Romance,5
U1336,M040,WALL-E,Animation,4
U1336,M013,Parasite,Thriller,5
U1336,M051,Pan's Labyrinth,Fantasy,5
U1336,M069,No Country for Old Men,Thriller,4
U1337,M047,Jiro Dreams of Sushi,Documentary,3
U1337,M065,Eternal Sunshine,Romance,4
U1337,M013,Parasite,Thriller,2
U1337,M084,Anchorman,Comedy,3
U1337,M053,Gladiator,Action,1
U1337,M052,Princess Mononoke,Fantasy,4
U1337,M006,Avengers: Endgame,Action,1
U1337,M020,John Wick,Action,3
U1337,M068,The Silence of the Lambs,Thriller,5
U1337,M099,Barbarian,Horror,5
U1337,M034,Joker,Drama,5
U1337,M081,Dead Poets Society,Drama,2
U1337,M082,A Beautiful Mind,Drama,4
U1337,M016,Hereditary,Horror,4
U1337,M100,Nope,Horror,5
U1337,M025,It,Horror,4
U1337,M022,Midsommar,Horror,2
U1337,M031,Whiplash,Drama,4
U1337,M028,La La Land,Romance,1
U1337,M095,The Martian,Sci-Fi,5
U1338,M092,Iron Man,Action,2
U1338,M041,Spirited Away,Animation,5
U1338,M074,Rosemary's Baby,Horror,4
U1338,M044,Free Solo,Documentary,1
U1338,M006,Avengers: Endgame,Action,1
U1338,M067,The Fault in Our Stars,Romance,1
U1338,M028,La La Land,Romance,4
U1338,M064,When Harry Met Sally,Romance,3
U1338,M037,Toy Story,Animation,5
U1338,M048,The Lord of the Rings,Fantasy,2
U1338,M099,Barbarian,Horror,1
U1338,M052,Princess Mononoke,Fantasy,2
U1338,M005,The Conjuring,Horror,4
U1338,M016,Hereditary,Horror,1
U1338,M060,Arrival,Sci-Fi,4
U1338,M004,Interstellar,Sci-Fi,4
U1339,M074,Rosemary's Baby,Horror,2
U1339,M005,The Conjuring,Horror,1
U1339,M063,Casablanca,Romance,3
U1339,M070,Prisoners,Thriller,5
U1339,M056,Die Hard,Action,2
U1339,M090,Doctor Strange,Action,5
U1339,M077,Us,Horror,5
U1339,M023,The Matrix,Sci-Fi,4
U1339,M068,The Silence of the Lambs,Thriller,5
U1339,M041,Spirited Away,Animation,5
U1339,M088,Black Panther,Action,2
U1339,M013,Parasite,Thriller,4
U1339,M051,Pan's Labyrinth,Fantasy,3
U1340,M063,Casablanca,Romance,1
U1340,M031,Whiplash,Drama,3
U1340,M048,The Lord of the Rings,Fantasy,3
U1340,M087,The Mask,Comedy,3
U1340,M046,The Act of Killing,Documentary,1
U1340,M091,Thor: Ragnarok,Action,2
U1340,M068,The Silence of the Lambs,Thriller,5
U1340,M077,Us,Horror,1
U1340,M053,Gladiator,Action,1
U1340,M006,Avengers: Endgame,Action,3
U1340,M008,Get Out,Horror,2
U1340,M059,2001: A Space Odyssey,Sci-Fi,1
U1340,M017,Forrest Gump,Drama,5
U1340,M018,Superbad,Comedy,4
U1340,M069,No Country for Old Men,Thriller,4
U1340,M028,La La Land,Romance,2
U1340,M035,The Big Lebowski,Comedy,4
U1340,M100,Nope,Horror,3
U1341,M056,Die Hard,Action,1
U1341,M052,Princess Mononoke,Fantasy,4
U1341,M087,The Mask,Comedy,5
U1341,M029,Blade Runner 2049,Sci-Fi,1
U1341,M041,Spirited Away,Animation,4
U1341,M062,Gravity,Sci-Fi,1
U1341,M092,Iron Man,Action,1
U1341,M099,Barbarian,Horror,4
U1341,M094,Dune,Sci-Fi,2
U1341,M073,The Exorcist,Horror,3
U1341,M053,Gladiator,Action,4
U1341,M057,Speed,Action,3
U1342,M050,The Hobbit,Fantasy,4
U1342,M004,Interstellar,Sci-Fi,5
U1342,M066,Before Sunrise,Romance,3
U1342,M023,The Matrix,Sci-Fi,1
U1342,M044,Free Solo,Documentary,2
U1342,M024,Knives Out,Thriller,5
U1342,M086,Airplane!,Comedy,5
U1342,M054,Top Gun: Maverick,Action,4
U1342,M031,Whiplash,Drama,5
U1343,M012,The Hangover,Comedy,2
U1343,M017,Forrest Gump,Drama,4
U1343,M087,The Mask,Comedy,2
U1343,M026,Mad Max: Fury Road,Action,4
U1343,M022,Midsommar,Horror,1
U1343,M010,Pride and Prejudice,Romance,1
U1343,M034,Joker,Drama,5
U1343,M081,Dead Poets Society,Drama,5
U1344,M043,Planet Earth,Documentary,3
U1344,M080,Good Will Hunting,Drama,5
U1344,M040,WALL-E,Animation,4
U1344,M051,Pan's Labyrinth,Fantasy,3
U1344,M098,The Menu,Thriller,3
U1344,M041,Spirited Away,Animation,4
U1344,M058,The Terminator,Sci-Fi,3
U1344,M034,Joker,Drama,4
U1344,M081,Dead Poets Society,Drama,4
U1345,M015,Crazy Rich Asians,Romance,3
U1345,M067,The Fault in Our Stars,Romance,1
U1345,M013,Parasite,Thriller,3
U1345,M099,Barbarian,Horror,4
U1345,M089,Spider-Man: No Way Home,Action,4
U1345,M069,No Country for Old Men,Thriller,3
U1345,M086,Airplane!,Comedy,5
U1346,M088,Black Panther,Action,5
U1346,M044,Free Solo,Documentary,5
U1346,M019,Alien,Sci-Fi,1
U1346,M008,Get Out,Horror,5
U1346,M027,Gone Girl,Thriller,3
U1347,M093,Everything Everywhere All at Once,Sci-Fi,2
U1347,M055,Mission Impossible,Action,2
U1347,M066,Before Sunrise,Romance,2
U1347,M039,Up,Animation,4
U1347,M100,Nope,Horror,3
U1347,M013,Parasite,Thriller,2
U1347,M069,No Country for Old Men,Thriller,2
U1347,M036,Se7en,Thriller,2
U1347,M064,When Harry Met Sally,Romance,2
U1347,M011,A Quiet Place,Horror,4
U1347,M034,Joker,Drama,3
U1347,M049,Harry Potter,Fantasy,5
U1347,M086,Airplane!,Comedy,2
U1347,M018,Superbad,Comedy,4
U1347,M022,Midsommar,Horror,1
U1347,M004,Interstellar,Sci-Fi,2
U1347,M010,Pride and Prejudice,Romance,1
U1347,M085,Step Brothers,Comedy,5
U1347,M067,The Fault in Our Stars,Romance,4
U1348,M038,Finding Nemo,Animation,5
U1348,M060,Arrival,Sci-Fi,3
U1348,M062,Gravity,Sci-Fi,1
U1348,M006,Avengers: Endgame,Action,4
U1348,M094,Dune,Sci-Fi,4
U1348,M074,Rosemary's Baby,Horror,4
U1348,M002,Inception,Sci-Fi,1
U1348,M054,Top Gun: Maverick,Action,4
U1348,M085,Step Brothers,Comedy,2
U1348,M086,Airplane!,Comedy,1
U1348,M056,Die Hard,Action,4
U1348,M014,The Shawshank Redemption,Drama,3
U1348,M070,Prisoners,Thriller,2
U1348,M031,Whiplash,Drama,4
U1348,M100,Nope,Horror,5
U1348,M049,Harry Potter,Fantasy,5
U1348,M019,Alien,Sci-Fi,5
U1349,M072,Nightcrawler,Thriller,5
U1349,M007,Titanic,Romance,4
U1349,M085,Step Brothers,Comedy,3
U1349,M039,Up,Animation,3
U1349,M014,The Shawshank Redemption,Drama,5
U1349,M065,Eternal Sunshine,Romance,5
U1349,M050,The Hobbit,Fantasy,2
U1349,M074,Rosemary's Baby,Horror,4
U1349,M029,Blade Runner 2049,Sci-Fi,1
U1349,M006,Avengers: Endgame,Action,3
U1349,M086,Airplane!,Comedy,2
U1349,M021,Bridesmaids,Comedy,5
U1349,M084,Anchorman,Comedy,1
U1349,M043,Planet Earth,Documentary,4
U1349,M052,Princess Mononoke,Fantasy,4
U1349,M033,Pitch Perfect,Comedy,5
U1349,M079,12 Angry Men,Drama,2
U1350,M083,Monty Python,Comedy,1
U1350,M002,Inception,Sci-Fi,2
U1350,M030,The Wolf of Wall Street,Drama,5
U1350,M039,Up,Animation,5
U1350,M017,Forrest Gump,Drama,3
U1350,M044,Free Solo,Documentary,5
U1350,M085,Step Brothers,Comedy,4
U1350,M015,Crazy Rich Asians,Romance,4
U1350,M091,Thor: Ragnarok,Action,1
U1350,M077,Us,Horror,4
U1350,M058,The Terminator,Sci-Fi,3
U1350,M088,Black Panther,Action,2
U1350,M007,Titanic,Romance,1
U1350,M016,Hereditary,Horror,3
U1350,M071,Zodiac,Thriller,3
U1350,M009,The Grand Budapest Hotel,Comedy,1
U1350,M095,The Martian,Sci-Fi,5
U1350,M048,The Lord of the Rings,Fantasy,3
U1350,M072,Nightcrawler,Thriller,5
U1350,M074,Rosemary's Baby,Horror,2
U1351,M022,Midsommar,Horror,3
U1351,M052,Princess Mononoke,Fantasy,4
U1351,M001,The Dark Knight,Action,5
U1351,M018,Superbad,Comedy,1
U1351,M023,The Matrix,Sci-Fi,2
U1351,M015,Crazy Rich Asians,Romance,5
U1351,M055,Mission Impossible,Action,2
U1351,M074,Rosemary's Baby,Horror,2
U1351,M095,The Martian,Sci-Fi,3
U1351,M097,Moon,Sci-Fi,5
U1351,M004,Interstellar,Sci-Fi,2
U1351,M071,Zodiac,Thriller,5
U1351,M091,Thor: Ragnarok,Action,3
U1351,M066,Before Sunrise,Romance,2
U1351,M059,2001: A Space Odyssey,Sci-Fi,5
U1352,M001,The Dark Knight,Action,4
U1352,M053,Gladiator,Action,3
U1352,M047,Jiro Dreams of Sushi,Documentary,3
U1352,M058,The Terminator,Sci-Fi,3
U1352,M031,Whiplash,Drama,5
U1352,M042,Coco,Animation,5
U1352,M011,A Quiet Place,Horror,2
U1353,M016,Hereditary,Horror,5
U1353,M004,Interstellar,Sci-Fi,5
U1353,M021,Bridesmaids,Comedy,4
U1353,M095,The Martian,Sci-Fi,5
U1353,M011,A Quiet Place,Horror,5
U1353,M039,Up,Animation,3
U1353,M007,Titanic,Romance,2
U1353,M098,The Menu,Thriller,4
U1353,M012,The Hangover,Comedy,5
U1353,M020,John Wick,Action,4
U1353,M070,Prisoners,Thriller,2
U1353,M032,The Pursuit of Happyness,Drama,5
U1353,M025,It,Horror,4
U1353,M074,Rosemary's Baby,Horror,1
U1353,M043,Planet Earth,Documentary,4
U1353,M048,The Lord of the Rings,Fantasy,2
U1354,M005,The Conjuring,Horror,4
U1354,M045,13th,Documentary,1
U1354,M053,Gladiator,Action,3
U1354,M065,Eternal Sunshine,Romance,1
U1354,M058,The Terminator,Sci-Fi,4
U1354,M008,Get Out,Horror,3
U1354,M074,Rosemary's Baby,Horror,5
U1354,M039,Up,Animation,4
U1354,M010,Pride and Prejudice,Romance,5
U1354,M017,Forrest Gump,Drama,5
U1354,M033,Pitch Perfect,Comedy,3
U1355,M031,Whiplash,Drama,5
U1355,M058,The Terminator,Sci-Fi,1
U1355,M050,The Hobbit,Fantasy,2
U1355,M072,Nightcrawler,Thriller,5
U1355,M034,Joker,Drama,4
U1355,M015,Crazy Rich Asians,Romance,2
U1355,M097,Moon,Sci-Fi,3
U1355,M059,2001: A Space Odyssey,Sci-Fi,3
U1355,M098,The Menu,Thriller,5
U1355,M052,Princess Mononoke,Fantasy,4
U1355,M060,Arrival,Sci-Fi,2
U1356,M082,A Beautiful Mind,Drama,3
U1356,M098,The Menu,Thriller,4
U1356,M061,Ex Machina,Sci-Fi,5
U1356,M031,Whiplash,Drama,5
U1356,M006,Avengers: Endgame,Action,4
U1356,M030,The Wolf of Wall Street,Drama,4
U1356,M029,Blade Runner 2049,Sci-Fi,4
U1357,M044,Free Solo,Documentary,2
U1357,M015,Crazy Rich Asians,Romance,1
U1357,M100,Nope,Horror,5
U1357,M001,The Dark Knight,Action,1
U1357,M039,Up,Animation,4
U1357,M070,Prisoners,Thriller,5
U1357,M036,Se7en,Thriller,2
U1357,M069,No Country for Old Men,Thriller,4
U1357,M006,Avengers: Endgame,Action,3
U1357,M076,Annihilation,Horror,2
U1357,M090,Doctor Strange,Action,4
U1357,M057,Speed,Action,1
U1357,M093,Everything Everywhere All at Once,Sci-Fi,4
U1358,M075,The Shining,Horror,3
U1358,M092,Iron Man,Action,4
U1358,M039,Up,Animation,4
U1358,M062,Gravity,Sci-Fi,4
U1358,M053,Gladiator,Action,2
U1358,M016,Hereditary,Horror,5
U1358,M014,The Shawshank Redemption,Drama,5
U1358,M007,Titanic,Romance,4
U1358,M074,Rosemary's Baby,Horror,2
U1358,M061,Ex Machina,Sci-Fi,2
U1358,M051,Pan's Labyrinth,Fantasy,4
U1358,M040,WALL-E,Animation,5
U1358,M058,The Terminator,Sci-Fi,2
U1358,M047,Jiro Dreams of Sushi,Documentary,3
U1358,M038,Finding Nemo,Animation,5
U1358,M087,The Mask,Comedy,3
U1359,M088,Black Panther,Action,4
U1359,M004,Interstellar,Sci-Fi,1
U1359,M098,The Menu,Thriller,5
U1359,M027,Gone Girl,Thriller,5
U1359,M075,The Shining,Horror,5
U1359,M002,Inception,Sci-Fi,5
U1359,M078,Schindler's List,Drama,3
U1359,M065,Eternal Sunshine,Romance,4
U1359,M034,Joker,Drama,2
U1359,M049,Harry Potter,Fantasy,3
U1359,M068,The Silence of the Lambs,Thriller,5
U1359,M045,13th,Documentary,2
U1359,M095,The Martian,Sci-Fi,4
U1360,M005,The Conjuring,Horror,4
U1360,M080,Good Will Hunting,Drama,2
U1360,M099,Barbarian,Horror,1
U1360,M057,Speed,Action,1
U1360,M059,2001: A Space Odyssey,Sci-Fi,4
U1360,M077,Us,Horror,2
U1360,M048,The Lord of the Rings,Fantasy,4
U1360,M060,Arrival,Sci-Fi,1
U1360,M006,Avengers: Endgame,Action,2
U1360,M097,Moon,Sci-Fi,5
U1360,M084,Anchorman,Comedy,5
U1360,M027,Gone Girl,Thriller,5
U1360,M073,The Exorcist,Horror,2
U1360,M053,Gladiator,Action,2
U1360,M019,Alien,Sci-Fi,1
U1360,M049,Harry Potter,Fantasy,4
U1360,M029,Blade Runner 2049,Sci-Fi,5
U1360,M064,When Harry Met Sally,Romance,2
U1360,M076,Annihilation,Horror,3
U1360,M024,Knives Out,Thriller,3
U1361,M030,The Wolf of Wall Street,Drama,3
U1361,M025,It,Horror,3
U1361,M088,Black Panther,Action,3
U1361,M100,Nope,Horror,4
U1361,M031,Whiplash,Drama,2
U1361,M007,Titanic,Romance,4
U1361,M019,Alien,Sci-Fi,1
U1361,M028,La La Land,Romance,4
U1361,M079,12 Angry Men,Drama,5
U1361,M076,Annihilation,Horror,3
U1362,M088,Black Panther,Action,3
U1362,M001,The Dark Knight,Action,2
U1362,M052,Princess Mononoke,Fantasy,5
U1362,M079,12 Angry Men,Drama,4
U1362,M045,13th,Documentary,1
U1362,M084,Anchorman,Comedy,2
U1362,M017,Forrest Gump,Drama,5
U1362,M025,It,Horror,3
U1362,M044,Free Solo,Documentary,2
U1362,M057,Speed,Action,4
U1362,M069,No Country for Old Men,Thriller,2
U1362,M051,Pan's Labyrinth,Fantasy,2
U1363,M034,Joker,Drama,2
U1363,M033,Pitch Perfect,Comedy,3
U1363,M068,The Silence of the Lambs,Thriller,3
U1363,M072,Nightcrawler,Thriller,4
U1363,M044,Free Solo,Documentary,3
U1363,M037,Toy Story,Animation,4
U1363,M069,No Country for Old Men,Thriller,3
U1363,M062,Gravity,Sci-Fi,5
U1363,M100,Nope,Horror,1
U1363,M032,The Pursuit of Happyness,Drama,4
U1363,M014,The Shawshank Redemption,Drama,3
U1363,M015,Crazy Rich Asians,Romance,4
U1363,M075,The Shining,Horror,4
U1363,M081,Dead Poets Society,Drama,4
U1363,M097,Moon,Sci-Fi,2
U1363,M098,The Menu,Thriller,4
U1363,M067,The Fault in Our Stars,Romance,3
U1364,M062,Gravity,Sci-Fi,4
U1364,M072,Nightcrawler,Thriller,5
U1364,M055,Mission Impossible,Action,4
U1364,M071,Zodiac,Thriller,2
U1364,M068,The Silence of the Lambs,Thriller,3
U1365,M030,The Wolf of Wall Street,Drama,3
U1365,M093,Everything Everywhere All at Once,Sci-Fi,1
U1365,M076,Annihilation,Horror,4
U1365,M017,Forrest Gump,Drama,2
U1365,M022,Midsommar,Horror,1
U1365,M016,Hereditary,Horror,5
U1366,M072,Nightcrawler,Thriller,5
U1366,M052,Princess Mononoke,Fantasy,4
U1366,M054,Top Gun: Maverick,Action,2
U1366,M027,Gone Girl,Thriller,2
U1366,M076,Annihilation,Horror,3
U1366,M100,Nope,Horror,2
U1366,M074,Rosemary's Baby,Horror,3
U1366,M085,Step Brothers,Comedy,5
U1366,M017,Forrest Gump,Drama,4
U1366,M070,Prisoners,Thriller,5
U1366,M061,Ex Machina,Sci-Fi,2
U1366,M073,The Exorcist,Horror,5
U1366,M068,The Silence of the Lambs,Thriller,2
U1366,M062,Gravity,Sci-Fi,4
U1366,M021,Bridesmaids,Comedy,5
U1367,M040,WALL-E,Animation,3
U1367,M039,Up,Animation,4
U1367,M015,Crazy Rich Asians,Romance,5
U1367,M055,Mission Impossible,Action,4
U1367,M002,Inception,Sci-Fi,3
U1367,M031,Whiplash,Drama,4
U1367,M025,It,Horror,1
U1367,M098,The Menu,Thriller,3
U1367,M024,Knives Out,Thriller,2
U1367,M070,Prisoners,Thriller,3
U1367,M072,Nightcrawler,Thriller,3
U1367,M065,Eternal Sunshine,Romance,1
U1367,M001,The Dark Knight,Action,1
U1367,M061,Ex Machina,Sci-Fi,4
U1367,M003,The Notebook,Romance,3
U1367,M042,Coco,Animation,4
U1367,M011,A Quiet Place,Horror,3
U1368,M009,The Grand Budapest Hotel,Comedy,2
U1368,M051,Pan's Labyrinth,Fantasy,4
U1368,M036,Se7en,Thriller,4
U1368,M068,The Silence of the Lambs,Thriller,2
U1368,M064,When Harry Met Sally,Romance,1
U1368,M080,Good Will Hunting,Drama,4
U1368,M018,Superbad,Comedy,2
U1368,M085,Step Brothers,Comedy,4
U1368,M090,Doctor Strange,Action,5
U1368,M008,Get Out,Horror,4
U1368,M035,The Big Lebowski,Comedy,3
U1368,M052,Princess Mononoke,Fantasy,4
U1368,M054,Top Gun: Maverick,Action,2
U1369,M030,The Wolf of Wall Street,Drama,4
U1369,M093,Everything Everywhere All at Once,Sci-Fi,3
U1369,M051,Pan's Labyrinth,Fantasy,5
U1369,M008,Get Out,Horror,2
U1369,M062,Gravity,Sci-Fi,2
U1369,M069,No Country for Old Men,Thriller,2
U1370,M065,Eternal Sunshine,Romance,3
U1370,M064,When Harry Met Sally,Romance,4
U1370,M019,Alien,Sci-Fi,5
U1370,M031,Whiplash,Drama,3
U1370,M089,Spider-Man: No Way Home,Action,2
U1370,M072,Nightcrawler,Thriller,3
U1370,M028,La La Land,Romance,4
U1370,M051,Pan's Labyrinth,Fantasy,4
U1370,M069,No Country for Old Men,Thriller,2
U1370,M091,Thor: Ragnarok,Action,3
U1370,M083,Monty Python,Comedy,5
U1370,M002,Inception,Sci-Fi,3
U1370,M055,Mission Impossible,Action,5
U1370,M007,Titanic,Romance,1
U1370,M012,The Hangover,Comedy,5
U1370,M034,Joker,Drama,5
U1371,M013,Parasite,Thriller,5
U1371,M047,Jiro Dreams of Sushi,Documentary,4
U1371,M006,Avengers: Endgame,Action,4
U1371,M093,Everything Everywhere All at Once,Sci-Fi,5
U1371,M014,The Shawshank Redemption,Drama,5
U1372,M004,Interstellar,Sci-Fi,2
U1372,M080,Good Will Hunting,Drama,5
U1372,M017,Forrest Gump,Drama,4
U1372,M045,13th,Documentary,2
U1372,M010,Pride and Prejudice,Romance,2
U1372,M074,Rosemary's Baby,Horror,2
U1372,M006,Avengers: Endgame,Action,2
U1372,M016,Hereditary,Horror,5
U1372,M072,Nightcrawler,Thriller,5
U1373,M035,The Big Lebowski,Comedy,4
U1373,M074,Rosemary's Baby,Horror,5
U1373,M083,Monty Python,Comedy,3
U1373,M026,Mad Max: Fury Road,Action,5
U1373,M097,Moon,Sci-Fi,2
U1374,M044,Free Solo,Documentary,2
U1374,M069,No Country for Old Men,Thriller,5
U1374,M081,Dead Poets Society,Drama,5
U1374,M048,The Lord of the Rings,Fantasy,2
U1374,M042,Coco,Animation,4
U1374,M016,Hereditary,Horror,5
U1374,M010,Pride and Prejudice,Romance,2
U1374,M055,Mission Impossible,Action,1
U1375,M043,Planet Earth,Documentary,5
U1375,M059,2001: A Space Odyssey,Sci-Fi,2
U1375,M039,Up,Animation,3
U1375,M090,Doctor Strange,Action,2
U1375,M015,Crazy Rich Asians,Romance,3
U1375,M040,WALL-E,Animation,5
U1375,M024,Knives Out,Thriller,5
U1375,M072,Nightcrawler,Thriller,5
U1375,M060,Arrival,Sci-Fi,2
U1375,M031,Whiplash,Drama,5
U1375,M075,The Shining,Horror,4
U1375,M053,Gladiator,Action,4
U1375,M021,Bridesmaids,Comedy,2
U1375,M050,The Hobbit,Fantasy,4
U1375,M017,Forrest Gump,Drama,4
U1375,M045,13th,Documentary,2
U1375,M077,Us,Horror,3
U1375,M011,A Quiet Place,Horror,2
U1375,M067,The Fault in Our Stars,Romance,3
U1376,M080,Good Will Hunting,Drama,4
U1376,M060,Arrival,Sci-Fi,2
U1376,M067,The Fault in Our Stars,Romance,5
U1376,M064,When Harry Met Sally,Romance,1
U1376,M022,Midsommar,Horror,2
U1376,M078,Schindler's List,Drama,5
U1376,M049,Harry Potter,Fantasy,5
U1376,M047,Jiro Dreams of Sushi,Documentary,1
U1376,M061,Ex Machina,Sci-Fi,2
U1376,M015,Crazy Rich Asians,Romance,3
U1376,M044,Free Solo,Documentary,5
U1376,M052,Princess Mononoke,Fantasy,2
U1376,M097,Moon,Sci-Fi,3
U1376,M092,Iron Man,Action,2
U1377,M061,Ex Machina,Sci-Fi,4
U1377,M075,The Shining,Horror,2
U1377,M054,Top Gun: Maverick,Action,4
U1377,M007,Titanic,Romance,4
U1377,M081,Dead Poets Society,Drama,3
U1377,M004,Interstellar,Sci-Fi,3
U1377,M093,Everything Everywhere All at Once,Sci-Fi,2
U1377,M073,The Exorcist,Horror,4
U1377,M037,Toy Story,Animation,5
U1377,M002,Inception,Sci-Fi,2
U1377,M077,Us,Horror,2
U1377,M009,The Grand Budapest Hotel,Comedy,3
U1377,M090,Doctor Strange,Action,3
U1377,M046,The Act of Killing,Documentary,5
U1378,M005,The Conjuring,Horror,3
U1378,M029,Blade Runner 2049,Sci-Fi,1
U1378,M053,Gladiator,Action,1
U1378,M077,Us,Horror,3
U1378,M030,The Wolf of Wall Street,Drama,3
U1378,M007,Titanic,Romance,4
U1378,M098,The Menu,Thriller,3
U1378,M011,A Quiet Place,Horror,1
U1378,M092,Iron Man,Action,1
U1379,M024,Knives Out,Thriller,4
U1379,M051,Pan's Labyrinth,Fantasy,4
U1379,M040,WALL-E,Animation,4
U1379,M009,The Grand Budapest Hotel,Comedy,2
U1379,M034,Joker,Drama,3
U1379,M063,Casablanca,Romance,5
U1379,M043,Planet Earth,Documentary,5
U1379,M054,Top Gun: Maverick,Action,2
U1379,M074,Rosemary's Baby,Horror,3
U1379,M002,Inception,Sci-Fi,5
U1379,M082,A Beautiful Mind,Drama,5
U1379,M067,The Fault in Our Stars,Romance,4
U1379,M035,The Big Lebowski,Comedy,4
U1379,M017,Forrest Gump,Drama,5
U1379,M079,12 Angry Men,Drama,2
U1379,M029,Blade Runner 2049,Sci-Fi,3
U1379,M028,La La Land,Romance,2
U1379,M068,The Silence of the Lambs,Thriller,5
U1379,M095,The Martian,Sci-Fi,1
U1380,M022,Midsommar,Horror,4
U1380,M056,Die Hard,Action,3
U1380,M099,Barbarian,Horror,1
U1380,M021,Bridesmaids,Comedy,1
U1380,M095,The Martian,Sci-Fi,2
U1380,M039,Up,Animation,4
U1380,M060,Arrival,Sci-Fi,5
U1380,M094,Dune,Sci-Fi,5
U1380,M100,Nope,Horror,1
U1380,M031,Whiplash,Drama,5
U1381,M091,Thor: Ragnarok,Action,4
U1381,M082,A Beautiful Mind,Drama,2
U1381,M008,Get Out,Horror,3
U1381,M056,Die Hard,Action,3
U1381,M039,Up,Animation,4
U1381,M059,2001: A Space Odyssey,Sci-Fi,4
U1382,M032,The Pursuit of Happyness,Drama,2
U1382,M095,The Martian,Sci-Fi,4
U1382,M091,Thor: Ragnarok,Action,4
U1382,M042,Coco,Animation,4
U1382,M041,Spirited Away,Animation,4
U1382,M034,Joker,Drama,5
U1382,M085,Step Brothers,Comedy,2
U1382,M007,Titanic,Romance,5
U1382,M092,Iron Man,Action,2
U1382,M037,Toy Story,Animation,4
U1382,M023,The Matrix,Sci-Fi,2
U1382,M083,Monty Python,Comedy,5
U1382,M016,Hereditary,Horror,4
U1382,M052,Princess Mononoke,Fantasy,5
U1382,M080,Good Will Hunting,Drama,2
U1382,M064,When Harry Met Sally,Romance,3
U1382,M077,Us,Horror,3
U1382,M019,Alien,Sci-Fi,2
U1382,M093,Everything Everywhere All at Once,Sci-Fi,5
U1382,M096,Annihilation,Sci-Fi,2
U1383,M023,The Matrix,Sci-Fi,2
U1383,M066,Before Sunrise,Romance,2
U1383,M061,Ex Machina,Sci-Fi,1
U1383,M072,Nightcrawler,Thriller,3
U1383,M089,Spider-Man: No Way Home,Action,2
U1383,M029,Blade Runner 2049,Sci-Fi,4
U1383,M043,Planet Earth,Documentary,3
U1383,M059,2001: A Space Odyssey,Sci-Fi,1
U1383,M026,Mad Max: Fury Road,Action,2
U1383,M032,The Pursuit of Happyness,Drama,3
U1383,M013,Parasite,Thriller,4
U1383,M003,The Notebook,Romance,4
U1383,M062,Gravity,Sci-Fi,3
U1383,M030,The Wolf of Wall Street,Drama,2
U1383,M036,Se7en,Thriller,5
U1383,M044,Free Solo,Documentary,5
U1384,M025,It,Horror,1
U1384,M092,Iron Man,Action,4
U1384,M059,2001: A Space Odyssey,Sci-Fi,1
U1384,M021,Bridesmaids,Comedy,3
U1384,M008,Get Out,Horror,3
U1384,M031,Whiplash,Drama,4
U1384,M030,The Wolf of Wall Street,Drama,5
U1384,M045,13th,Documentary,4
U1384,M006,Avengers: Endgame,Action,1
U1384,M042,Coco,Animation,5
U1384,M010,Pride and Prejudice,Romance,3
U1384,M052,Princess Mononoke,Fantasy,2
U1384,M007,Titanic,Romance,3
U1384,M017,Forrest Gump,Drama,3
U1384,M032,The Pursuit of Happyness,Drama,3
U1384,M013,Parasite,Thriller,4
U1385,M051,Pan's Labyrinth,Fantasy,5
U1385,M040,WALL-E,Animation,3
U1385,M010,Pride and Prejudice,Romance,5
U1385,M011,A Quiet Place,Horror,1
U1385,M076,Annihilation,Horror,2
U1385,M080,Good Will Hunting,Drama,4
U1385,M021,Bridesmaids,Comedy,1
U1385,M048,The Lord of the Rings,Fantasy,4
U1385,M012,The Hangover,Comedy,2
U1385,M017,Forrest Gump,Drama,4
U1385,M042,Coco,Animation,5
U1385,M030,The Wolf of Wall Street,Drama,4
U1385,M066,Before Sunrise,Romance,1
U1385,M005,The Conjuring,Horror,5
U1385,M063,Casablanca,Romance,4
U1386,M043,Planet Earth,Documentary,4
U1386,M089,Spider-Man: No Way Home,Action,2
U1386,M064,When Harry Met Sally,Romance,2
U1386,M097,Moon,Sci-Fi,5
U1386,M041,Spirited Away,Animation,4
U1386,M046,The Act of Killing,Documentary,3
U1386,M016,Hereditary,Horror,4
U1386,M051,Pan's Labyrinth,Fantasy,3
U1387,M056,Die Hard,Action,1
U1387,M016,Hereditary,Horror,5
U1387,M096,Annihilation,Sci-Fi,3
U1387,M053,Gladiator,Action,4
U1387,M018,Superbad,Comedy,2
U1388,M017,Forrest Gump,Drama,5
U1388,M002,Inception,Sci-Fi,5
U1388,M100,Nope,Horror,3
U1388,M001,The Dark Knight,Action,4
U1388,M059,2001: A Space Odyssey,Sci-Fi,5
U1388,M056,Die Hard,Action,4
U1388,M010,Pride and Prejudice,Romance,4
U1388,M041,Spirited Away,Animation,3
U1388,M006,Avengers: Endgame,Action,3
U1388,M038,Finding Nemo,Animation,4
U1388,M020,John Wick,Action,2
U1388,M008,Get Out,Horror,4
U1388,M078,Schindler's List,Drama,2
U1388,M072,Nightcrawler,Thriller,5
U1388,M085,Step Brothers,Comedy,1
U1389,M014,The Shawshank Redemption,Drama,5
U1389,M006,Avengers: Endgame,Action,1
U1389,M011,A Quiet Place,Horror,1
U1389,M037,Toy Story,Animation,4
U1389,M098,The Menu,Thriller,5
U1389,M097,Moon,Sci-Fi,2
U1390,M066,Before Sunrise,Romance,3
U1390,M068,The Silence of the Lambs,Thriller,2
U1390,M065,Eternal Sunshine,Romance,5
U1390,M072,Nightcrawler,Thriller,4
U1390,M013,Parasite,Thriller,5
U1390,M069,No Country for Old Men,Thriller,5
U1390,M077,Us,Horror,1
U1390,M027,Gone Girl,Thriller,4
U1390,M005,The Conjuring,Horror,1
U1390,M036,Se7en,Thriller,5
U1390,M051,Pan's Labyrinth,Fantasy,4
U1390,M085,Step Brothers,Comedy,3
U1390,M015,Crazy Rich Asians,Romance,4
U1390,M050,The Hobbit,Fantasy,5
U1390,M032,The Pursuit of Happyness,Drama,5
U1390,M067,The Fault in Our Stars,Romance,2
U1390,M053,Gladiator,Action,4
U1390,M061,Ex Machina,Sci-Fi,4
U1390,M091,Thor: Ragnarok,Action,2
U1390,M094,Dune,Sci-Fi,5
U1391,M002,Inception,Sci-Fi,1
U1391,M062,Gravity,Sci-Fi,5
U1391,M020,John Wick,Action,1
U1391,M092,Iron Man,Action,3
U1391,M063,Casablanca,Romance,4
U1391,M021,Bridesmaids,Comedy,2
U1392,M059,2001: A Space Odyssey,Sci-Fi,1
U1392,M027,Gone Girl,Thriller,5
U1392,M046,The Act of Killing,Documentary,2
U1392,M054,Top Gun: Maverick,Action,1
U1392,M037,Toy Story,Animation,5
U1392,M003,The Notebook,Romance,5
U1392,M060,Arrival,Sci-Fi,4
U1392,M067,The Fault in Our Stars,Romance,5
U1392,M029,Blade Runner 2049,Sci-Fi,5
U1392,M094,Dune,Sci-Fi,5
U1392,M093,Everything Everywhere All at Once,Sci-Fi,5
U1393,M014,The Shawshank Redemption,Drama,5
U1393,M083,Monty Python,Comedy,4
U1393,M033,Pitch Perfect,Comedy,5
U1393,M045,13th,Documentary,5
U1393,M037,Toy Story,Animation,5
U1393,M078,Schindler's List,Drama,5
U1393,M071,Zodiac,Thriller,4
U1393,M027,Gone Girl,Thriller,2
U1393,M053,Gladiator,Action,5
U1393,M060,Arrival,Sci-Fi,3
U1393,M011,A Quiet Place,Horror,4
U1393,M034,Joker,Drama,2
U1393,M050,The Hobbit,Fantasy,2
U1393,M062,Gravity,Sci-Fi,4
U1393,M073,The Exorcist,Horror,3
U1393,M005,The Conjuring,Horror,3
U1394,M006,Avengers: Endgame,Action,1
U1394,M045,13th,Documentary,1
U1394,M086,Airplane!,Comedy,2
U1394,M078,Schindler's List,Drama,4
U1394,M047,Jiro Dreams of Sushi,Documentary,5
U1394,M052,Princess Mononoke,Fantasy,4
U1394,M027,Gone Girl,Thriller,5
U1394,M039,Up,Animation,4
U1394,M032,The Pursuit of Happyness,Drama,3
U1394,M097,Moon,Sci-Fi,2
U1394,M012,The Hangover,Comedy,4
U1394,M065,Eternal Sunshine,Romance,4
U1394,M007,Titanic,Romance,4
U1394,M081,Dead Poets Society,Drama,3
U1394,M084,Anchorman,Comedy,1
U1394,M057,Speed,Action,2
U1394,M076,Annihilation,Horror,1
U1394,M019,Alien,Sci-Fi,4
U1395,M089,Spider-Man: No Way Home,Action,3
U1395,M072,Nightcrawler,Thriller,2
U1395,M062,Gravity,Sci-Fi,1
U1395,M014,The Shawshank Redemption,Drama,4
U1395,M076,Annihilation,Horror,3
U1395,M021,Bridesmaids,Comedy,5
U1395,M054,Top Gun: Maverick,Action,1
U1395,M048,The Lord of the Rings,Fantasy,5
U1395,M037,Toy Story,Animation,3
U1395,M071,Zodiac,Thriller,5
U1395,M087,The Mask,Comedy,5
U1395,M020,John Wick,Action,5
U1395,M002,Inception,Sci-Fi,2
U1395,M019,Alien,Sci-Fi,5
U1395,M034,Joker,Drama,5
U1395,M086,Airplane!,Comedy,4
U1395,M008,Get Out,Horror,4
U1395,M018,Superbad,Comedy,2
U1395,M038,Finding Nemo,Animation,5
U1395,M044,Free Solo,Documentary,5
U1396,M018,Superbad,Comedy,2
U1396,M040,WALL-E,Animation,5
U1396,M049,Harry Potter,Fantasy,4
U1396,M013,Parasite,Thriller,5
U1396,M051,Pan's Labyrinth,Fantasy,3
U1396,M028,La La Land,Romance,1
U1396,M002,Inception,Sci-Fi,4
U1396,M026,Mad Max: Fury Road,Action,3
U1396,M099,Barbarian,Horror,1
U1396,M037,Toy Story,Animation,5
U1396,M032,The Pursuit of Happyness,Drama,5
U1396,M068,The Silence of the Lambs,Thriller,5
U1396,M029,Blade Runner 2049,Sci-Fi,4
U1396,M086,Airplane!,Comedy,3
U1396,M008,Get Out,Horror,3
U1396,M004,Interstellar,Sci-Fi,4
U1396,M075,The Shining,Horror,4
U1396,M011,A Quiet Place,Horror,2
U1396,M038,Finding Nemo,Animation,5
U1396,M041,Spirited Away,Animation,5
U1397,M089,Spider-Man: No Way Home,Action,2
U1397,M025,It,Horror,1
U1397,M046,The Act of Killing,Documentary,2
U1397,M013,Parasite,Thriller,3
U1397,M067,The Fault in Our Stars,Romance,3
U1397,M078,Schindler's List,Drama,2
U1397,M049,Harry Potter,Fantasy,4
U1397,M021,Bridesmaids,Comedy,4
U1397,M019,Alien,Sci-Fi,4
U1397,M044,Free Solo,Documentary,4
U1397,M020,John Wick,Action,1
U1397,M058,The Terminator,Sci-Fi,2
U1397,M100,Nope,Horror,3
U1397,M042,Coco,Animation,3
U1397,M081,Dead Poets Society,Drama,4
U1397,M052,Princess Mononoke,Fantasy,5
U1397,M008,Get Out,Horror,5
U1397,M001,The Dark Knight,Action,1
U1397,M022,Midsommar,Horror,3
U1397,M017,Forrest Gump,Drama,2
U1398,M099,Barbarian,Horror,5
U1398,M065,Eternal Sunshine,Romance,1
U1398,M002,Inception,Sci-Fi,2
U1398,M044,Free Solo,Documentary,2
U1398,M009,The Grand Budapest Hotel,Comedy,5
U1398,M053,Gladiator,Action,2
U1398,M052,Princess Mononoke,Fantasy,4
U1398,M056,Die Hard,Action,5
U1398,M006,Avengers: Endgame,Action,5
U1398,M091,Thor: Ragnarok,Action,3
U1399,M063,Casablanca,Romance,4
U1399,M082,A Beautiful Mind,Drama,5
U1399,M079,12 Angry Men,Drama,4
U1399,M005,The Conjuring,Horror,5
U1399,M075,The Shining,Horror,3
U1399,M072,Nightcrawler,Thriller,4
U1399,M049,Harry Potter,Fantasy,4
U1399,M025,It,Horror,2
U1399,M054,Top Gun: Maverick,Action,1
U1399,M011,A Quiet Place,Horror,2
U1399,M042,Coco,Animation,4
U1399,M018,Superbad,Comedy,3
U1399,M061,Ex Machina,Sci-Fi,5
U1400,M033,Pitch Perfect,Comedy,2
U1400,M069,No Country for Old Men,Thriller,5
U1400,M070,Prisoners,Thriller,2
U1400,M051,Pan's Labyrinth,Fantasy,4
U1400,M025,It,Horror,3
U1400,M093,Everything Everywhere All at Once,Sci-Fi,1
U1400,M010,Pride and Prejudice,Romance,2
U1400,M032,The Pursuit of Happyness,Drama,2
U1400,M060,Arrival,Sci-Fi,1
U1401,M090,Doctor Strange,Action,1
U1401,M020,John Wick,Action,3
U1401,M049,Harry Potter,Fantasy,2
U1401,M087,The Mask,Comedy,5
U1401,M081,Dead Poets Society,Drama,3
U1401,M076,Annihilation,Horror,5
U1402,M001,The Dark Knight,Action,5
U1402,M050,The Hobbit,Fantasy,3
U1402,M011,A Quiet Place,Horror,3
U1402,M004,Interstellar,Sci-Fi,4
U1402,M034,Joker,Drama,5
U1402,M059,2001: A Space Odyssey,Sci-Fi,5
U1402,M012,The Hangover,Comedy,5
U1402,M065,Eternal Sunshine,Romance,2
U1402,M073,The Exorcist,Horror,3
U1402,M096,Annihilation,Sci-Fi,1
U1402,M016,Hereditary,Horror,1
U1402,M014,The Shawshank Redemption,Drama,3
U1402,M075,The Shining,Horror,3
U1402,M079,12 Angry Men,Drama,2
U1402,M017,Forrest Gump,Drama,4
U1402,M094,Dune,Sci-Fi,1
U1402,M041,Spirited Away,Animation,4
U1402,M049,Harry Potter,Fantasy,2
U1403,M015,Crazy Rich Asians,Romance,2
U1403,M072,Nightcrawler,Thriller,3
U1403,M082,A Beautiful Mind,Drama,4
U1403,M014,The Shawshank Redemption,Drama,2
U1403,M040,WALL-E,Animation,5
U1403,M002,Inception,Sci-Fi,5
U1403,M044,Free Solo,Documentary,1
U1403,M011,A Quiet Place,Horror,3
U1404,M058,The Terminator,Sci-Fi,5
U1404,M005,The Conjuring,Horror,4
U1404,M065,Eternal Sunshine,Romance,5
U1404,M047,Jiro Dreams of Sushi,Documentary,2
U1404,M054,Top Gun: Maverick,Action,1
U1404,M001,The Dark Knight,Action,1
U1404,M074,Rosemary's Baby,Horror,2
U1404,M096,Annihilation,Sci-Fi,1
U1404,M036,Se7en,Thriller,4
U1404,M007,Titanic,Romance,3
U1404,M050,The Hobbit,Fantasy,4
U1404,M059,2001: A Space Odyssey,Sci-Fi,3
U1404,M013,Parasite,Thriller,4
U1404,M038,Finding Nemo,Animation,5
U1405,M098,The Menu,Thriller,5
U1405,M020,John Wick,Action,3
U1405,M059,2001: A Space Odyssey,Sci-Fi,1
U1405,M042,Coco,Animation,4
U1405,M085,Step Brothers,Comedy,2
U1405,M061,Ex Machina,Sci-Fi,4
U1405,M077,Us,Horror,3
U1405,M035,The Big Lebowski,Comedy,3
U1405,M007,Titanic,Romance,5
U1406,M001,The Dark Knight,Action,2
U1406,M078,Schindler's List,Drama,5
U1406,M030,The Wolf of Wall Street,Drama,5
U1406,M032,The Pursuit of Happyness,Drama,4
U1406,M014,The Shawshank Redemption,Drama,3
U1406,M091,Thor: Ragnarok,Action,1
U1406,M051,Pan's Labyrinth,Fantasy,5
U1406,M096,Annihilation,Sci-Fi,1
U1406,M079,12 Angry Men,Drama,4
U1406,M037,Toy Story,Animation,5
U1406,M012,The Hangover,Comedy,4
U1406,M024,Knives Out,Thriller,3
U1406,M081,Dead Poets Society,Drama,2
U1406,M052,Princess Mononoke,Fantasy,2
U1406,M039,Up,Animation,3
U1406,M010,Pride and Prejudice,Romance,1
U1406,M050,The Hobbit,Fantasy,5
U1406,M003,The Notebook,Romance,5
U1406,M029,Blade Runner 2049,Sci-Fi,4
U1407,M038,Finding Nemo,Animation,5
U1407,M053,Gladiator,Action,4
U1407,M013,Parasite,Thriller,5
U1407,M022,Midsommar,Horror,3
U1407,M042,Coco,Animation,5
U1407,M029,Blade Runner 2049,Sci-Fi,4
U1407,M051,Pan's Labyrinth,Fantasy,5
U1407,M005,The Conjuring,Horror,5
U1407,M050,The Hobbit,Fantasy,5
U1407,M037,Toy Story,Animation,4
U1407,M003,The Notebook,Romance,5
U1407,M008,Get Out,Horror,3
U1407,M036,Se7en,Thriller,5
U1407,M057,Speed,Action,1
U1407,M067,The Fault in Our Stars,Romance,4
U1408,M084,Anchorman,Comedy,1
U1408,M032,The Pursuit of Happyness,Drama,5
U1408,M052,Princess Mononoke,Fantasy,4
U1408,M014,The Shawshank Redemption,Drama,2
U1408,M004,Interstellar,Sci-Fi,1
U1409,M063,Casablanca,Romance,1
U1409,M098,The Menu,Thriller,4
U1409,M029,Blade Runner 2049,Sci-Fi,5
U1409,M084,Anchorman,Comedy,1
U1409,M062,Gravity,Sci-Fi,2
U1409,M041,Spirited Away,Animation,3
U1409,M074,Rosemary's Baby,Horror,3
U1409,M040,WALL-E,Animation,4
U1409,M077,Us,Horror,3
U1409,M026,Mad Max: Fury Road,Action,1
U1409,M005,The Conjuring,Horror,3
U1409,M057,Speed,Action,3
U1409,M068,The Silence of the Lambs,Thriller,5
U1409,M014,The Shawshank Redemption,Drama,5
U1409,M015,Crazy Rich Asians,Romance,4
U1409,M010,Pride and Prejudice,Romance,3
U1409,M091,Thor: Ragnarok,Action,2
U1409,M055,Mission Impossible,Action,2
U1409,M007,Titanic,Romance,2
U1410,M085,Step Brothers,Comedy,2
U1410,M073,The Exorcist,Horror,2
U1410,M094,Dune,Sci-Fi,3
U1410,M053,Gladiator,Action,2
U1410,M090,Doctor Strange,Action,1
U1410,M044,Free Solo,Documentary,1
U1410,M048,The Lord of the Rings,Fantasy,4
U1410,M021,Bridesmaids,Comedy,5
U1410,M030,The Wolf of Wall Street,Drama,5
U1410,M014,The Shawshank Redemption,Drama,5
U1410,M062,Gravity,Sci-Fi,2
U1410,M100,Nope,Horror,4
U1410,M088,Black Panther,Action,4
U1410,M004,Interstellar,Sci-Fi,3
U1411,M093,Everything Everywhere All at Once,Sci-Fi,4
U1411,M050,The Hobbit,Fantasy,3
U1411,M092,Iron Man,Action,5
U1411,M015,Crazy Rich Asians,Romance,3
U1411,M095,The Martian,Sci-Fi,4
U1411,M079,12 Angry Men,Drama,3
U1411,M062,Gravity,Sci-Fi,3
U1411,M083,Monty Python,Comedy,5
U1411,M059,2001: A Space Odyssey,Sci-Fi,4
U1411,M031,Whiplash,Drama,3
U1411,M014,The Shawshank Redemption,Drama,3
U1412,M068,The Silence of the Lambs,Thriller,4
U1412,M049,Harry Potter,Fantasy,5
U1412,M043,Planet Earth,Documentary,2
U1412,M085,Step Brothers,Comedy,1
U1412,M032,The Pursuit of Happyness,Drama,5
U1412,M080,Good Will Hunting,Drama,5
U1412,M020,John Wick,Action,4
U1412,M062,Gravity,Sci-Fi,4
U1412,M050,The Hobbit,Fantasy,2
U1412,M071,Zodiac,Thriller,5
U1412,M059,2001: A Space Odyssey,Sci-Fi,1
U1412,M012,The Hangover,Comedy,3
U1412,M034,Joker,Drama,4
U1412,M090,Doctor Strange,Action,5
U1412,M011,A Quiet Place,Horror,1
U1412,M031,Whiplash,Drama,5
U1413,M041,Spirited Away,Animation,5
U1413,M060,Arrival,Sci-Fi,5
U1413,M078,Schindler's List,Drama,5
U1413,M017,Forrest Gump,Drama,3
U1413,M016,Hereditary,Horror,3
U1413,M092,Iron Man,Action,3
U1413,M050,The Hobbit,Fantasy,4
U1413,M018,Superbad,Comedy,3
U1413,M044,Free Solo,Documentary,4
U1413,M004,Interstellar,Sci-Fi,2
U1413,M051,Pan's Labyrinth,Fantasy,5
U1413,M090,Doctor Strange,Action,5
U1414,M002,Inception,Sci-Fi,5
U1414,M014,The Shawshank Redemption,Drama,5
U1414,M038,Finding Nemo,Animation,5
U1414,M085,Step Brothers,Comedy,5
U1414,M081,Dead Poets Society,Drama,3
U1414,M083,Monty Python,Comedy,3
U1414,M042,Coco,Animation,4
U1414,M047,Jiro Dreams of Sushi,Documentary,2
U1414,M063,Casablanca,Romance,5
U1414,M001,The Dark Knight,Action,1
U1414,M030,The Wolf of Wall Street,Drama,4
U1414,M077,Us,Horror,1
U1414,M092,Iron Man,Action,5
U1414,M031,Whiplash,Drama,3
U1414,M033,Pitch Perfect,Comedy,4
U1414,M017,Forrest Gump,Drama,2
U1414,M061,Ex Machina,Sci-Fi,1
U1414,M090,Doctor Strange,Action,1
U1414,M013,Parasite,Thriller,2
U1415,M086,Airplane!,Comedy,4
U1415,M099,Barbarian,Horror,1
U1415,M096,Annihilation,Sci-Fi,5
U1415,M008,Get Out,Horror,4
U1415,M011,A Quiet Place,Horror,2
U1415,M042,Coco,Animation,5
U1415,M055,Mission Impossible,Action,3
U1415,M010,Pride and Prejudice,Romance,3
U1416,M018,Superbad,Comedy,5
U1416,M012,The Hangover,Comedy,5
U1416,M030,The Wolf of Wall Street,Drama,3
U1416,M001,The Dark Knight,Action,2
U1416,M007,Titanic,Romance,5
U1416,M087,The Mask,Comedy,3
U1416,M095,The Martian,Sci-Fi,4
U1417,M098,The Menu,Thriller,3
U1417,M088,Black Panther,Action,2
U1417,M091,Thor: Ragnarok,Action,2
U1417,M072,Nightcrawler,Thriller,2
U1417,M052,Princess Mononoke,Fantasy,2
U1417,M062,Gravity,Sci-Fi,3
U1418,M068,The Silence of the Lambs,Thriller,5
U1418,M016,Hereditary,Horror,2
U1418,M064,When Harry Met Sally,Romance,2
U1418,M087,The Mask,Comedy,1
U1418,M060,Arrival,Sci-Fi,5
U1418,M081,Dead Poets Society,Drama,5
U1418,M032,The Pursuit of Happyness,Drama,3
U1418,M053,Gladiator,Action,2
U1418,M047,Jiro Dreams of Sushi,Documentary,1
U1418,M041,Spirited Away,Animation,5
U1418,M093,Everything Everywhere All at Once,Sci-Fi,2
U1418,M054,Top Gun: Maverick,Action,1
U1418,M009,The Grand Budapest Hotel,Comedy,5
U1419,M037,Toy Story,Animation,5
U1419,M016,Hereditary,Horror,5
U1419,M062,Gravity,Sci-Fi,2
U1419,M050,The Hobbit,Fantasy,4
U1419,M009,The Grand Budapest Hotel,Comedy,5
U1419,M082,A Beautiful Mind,Drama,3
U1419,M081,Dead Poets Society,Drama,4
U1419,M092,Iron Man,Action,5
U1419,M029,Blade Runner 2049,Sci-Fi,5
U1419,M004,Interstellar,Sci-Fi,1
U1419,M020,John Wick,Action,4
U1419,M025,It,Horror,4
U1419,M053,Gladiator,Action,4
U1419,M034,Joker,Drama,4
U1419,M098,The Menu,Thriller,2
U1419,M015,Crazy Rich Asians,Romance,2
U1419,M089,Spider-Man: No Way Home,Action,2
U1420,M074,Rosemary's Baby,Horror,4
U1420,M086,Airplane!,Comedy,4
U1420,M009,The Grand Budapest Hotel,Comedy,1
U1420,M092,Iron Man,Action,2
U1420,M094,Dune,Sci-Fi,4
U1420,M030,The Wolf of Wall Street,Drama,5
U1420,M085,Step Brothers,Comedy,2
U1420,M023,The Matrix,Sci-Fi,4
U1420,M044,Free Solo,Documentary,5
U1420,M018,Superbad,Comedy,3
U1420,M069,No Country for Old Men,Thriller,5
U1420,M020,John Wick,Action,5
U1421,M022,Midsommar,Horror,4
U1421,M024,Knives Out,Thriller,5
U1421,M041,Spirited Away,Animation,5
U1421,M079,12 Angry Men,Drama,5
U1421,M054,Top Gun: Maverick,Action,1
U1421,M098,The Menu,Thriller,2
U1421,M033,Pitch Perfect,Comedy,1
U1421,M034,Joker,Drama,4
U1421,M039,Up,Animation,4
U1421,M088,Black Panther,Action,2
U1421,M067,The Fault in Our Stars,Romance,1
U1421,M036,Se7en,Thriller,5
U1421,M032,The Pursuit of Happyness,Drama,4
U1421,M096,Annihilation,Sci-Fi,1
U1421,M081,Dead Poets Society,Drama,5
U1422,M042,Coco,Animation,4
U1422,M072,Nightcrawler,Thriller,4
U1422,M064,When Harry Met Sally,Romance,3
U1422,M062,Gravity,Sci-Fi,5
U1422,M011,A Quiet Place,Horror,1
U1423,M090,Doctor Strange,Action,2
U1423,M022,Midsommar,Horror,4
U1423,M100,Nope,Horror,2
U1423,M062,Gravity,Sci-Fi,1
U1423,M068,The Silence of the Lambs,Thriller,5
U1423,M079,12 Angry Men,Drama,3
U1423,M007,Titanic,Romance,4
U1423,M046,The Act of Killing,Documentary,4
U1423,M074,Rosemary's Baby,Horror,1
U1423,M013,Parasite,Thriller,3
U1423,M089,Spider-Man: No Way Home,Action,2
U1423,M020,John Wick,Action,2
U1423,M003,The Notebook,Romance,3
U1423,M092,Iron Man,Action,5
U1423,M094,Dune,Sci-Fi,3
U1423,M035,The Big Lebowski,Comedy,1
U1423,M050,The Hobbit,Fantasy,5
U1424,M023,The Matrix,Sci-Fi,5
U1424,M080,Good Will Hunting,Drama,5
U1424,M041,Spirited Away,Animation,5
U1424,M045,13th,Documentary,4
U1424,M085,Step Brothers,Comedy,4
U1425,M093,Everything Everywhere All at Once,Sci-Fi,5
U1425,M059,2001: A Space Odyssey,Sci-Fi,2
U1425,M074,Rosemary's Baby,Horror,3
U1425,M026,Mad Max: Fury Road,Action,4
U1425,M078,Schindler's List,Drama,4
U1425,M046,The Act of Killing,Documentary,1
U1425,M063,Casablanca,Romance,1
U1425,M075,The Shining,Horror,1
U1425,M041,Spirited Away,Animation,5
U1425,M098,The Menu,Thriller,3
U1425,M045,13th,Documentary,4
U1425,M009,The Grand Budapest Hotel,Comedy,4
U1426,M028,La La Land,Romance,3
U1426,M091,Thor: Ragnarok,Action,4
U1426,M068,The Silence of the Lambs,Thriller,5
U1426,M055,Mission Impossible,Action,4
U1426,M019,Alien,Sci-Fi,1
U1427,M021,Bridesmaids,Comedy,5
U1427,M047,Jiro Dreams of Sushi,Documentary,1
U1427,M072,Nightcrawler,Thriller,4
U1427,M038,Finding Nemo,Animation,5
U1427,M094,Dune,Sci-Fi,2
U1427,M027,Gone Girl,Thriller,2
U1427,M004,Interstellar,Sci-Fi,5
U1427,M002,Inception,Sci-Fi,2
U1428,M081,Dead Poets Society,Drama,2
U1428,M033,Pitch Perfect,Comedy,4
U1428,M082,A Beautiful Mind,Drama,5
U1428,M072,Nightcrawler,Thriller,5
U1428,M018,Superbad,Comedy,2
U1428,M066,Before Sunrise,Romance,1
U1428,M060,Arrival,Sci-Fi,2
U1428,M029,Blade Runner 2049,Sci-Fi,4
U1428,M022,Midsommar,Horror,2
U1428,M015,Crazy Rich Asians,Romance,4
U1429,M098,The Menu,Thriller,2
U1429,M038,Finding Nemo,Animation,5
U1429,M070,Prisoners,Thriller,3
U1429,M045,13th,Documentary,4
U1429,M020,John Wick,Action,5
U1429,M024,Knives Out,Thriller,5
U1429,M001,The Dark Knight,Action,2
U1429,M061,Ex Machina,Sci-Fi,4
U1429,M018,Superbad,Comedy,3
U1429,M009,The Grand Budapest Hotel,Comedy,1
U1429,M079,12 Angry Men,Drama,3
U1429,M058,The Terminator,Sci-Fi,5
U1429,M003,The Notebook,Romance,3
U1429,M071,Zodiac,Thriller,4
U1429,M033,Pitch Perfect,Comedy,3
U1429,M087,The Mask,Comedy,1
U1430,M003,The Notebook,Romance,1
U1430,M047,Jiro Dreams of Sushi,Documentary,5
U1430,M011,A Quiet Place,Horror,3
U1430,M005,The Conjuring,Horror,5
U1430,M066,Before Sunrise,Romance,3
U1431,M017,Forrest Gump,Drama,3
U1431,M055,Mission Impossible,Action,2
U1431,M023,The Matrix,Sci-Fi,2
U1431,M027,Gone Girl,Thriller,4
U1431,M089,Spider-Man: No Way Home,Action,1
U1431,M007,Titanic,Romance,2
U1431,M002,Inception,Sci-Fi,5
U1431,M054,Top Gun: Maverick,Action,2
U1431,M058,The Terminator,Sci-Fi,1
U1432,M086,Airplane!,Comedy,1
U1432,M035,The Big Lebowski,Comedy,4
U1432,M088,Black Panther,Action,5
U1432,M019,Alien,Sci-Fi,2
U1432,M082,A Beautiful Mind,Drama,5
U1432,M036,Se7en,Thriller,2
U1432,M026,Mad Max: Fury Road,Action,5
U1432,M059,2001: A Space Odyssey,Sci-Fi,1
U1432,M043,Planet Earth,Documentary,4
U1432,M027,Gone Girl,Thriller,5
U1432,M074,Rosemary's Baby,Horror,2
U1433,M055,Mission Impossible,Action,1
U1433,M079,12 Angry Men,Drama,3
U1433,M050,The Hobbit,Fantasy,3
U1433,M072,Nightcrawler,Thriller,2
U1433,M061,Ex Machina,Sci-Fi,3
U1433,M094,Dune,Sci-Fi,3
U1433,M087,The Mask,Comedy,3
U1433,M040,WALL-E,Animation,4
U1434,M003,The Notebook,Romance,4
U1434,M050,The Hobbit,Fantasy,2
U1434,M013,Parasite,Thriller,2
U1434,M056,Die Hard,Action,5
U1434,M051,Pan's Labyrinth,Fantasy,4
U1434,M034,Joker,Drama,4
U1434,M075,The Shining,Horror,3
U1435,M013,Parasite,Thriller,5
U1435,M043,Planet Earth,Documentary,3
U1435,M094,Dune,Sci-Fi,2
U1435,M084,Anchorman,Comedy,5
U1435,M063,Casablanca,Romance,4
U1436,M067,The Fault in Our Stars,Romance,5
U1436,M001,The Dark Knight,Action,4
U1436,M076,Annihilation,Horror,5
U1436,M017,Forrest Gump,Drama,5
U1436,M038,Finding Nemo,Animation,5
U1436,M013,Parasite,Thriller,2
U1436,M016,Hereditary,Horror,2
U1436,M046,The Act of Killing,Documentary,1
U1436,M041,Spirited Away,Animation,4
U1436,M003,The Notebook,Romance,2
U1437,M048,The Lord of the Rings,Fantasy,4
U1437,M021,Bridesmaids,Comedy,2
U1437,M090,Doctor Strange,Action,3
U1437,M032,The Pursuit of Happyness,Drama,4
U1437,M018,Superbad,Comedy,1
U1437,M085,Step Brothers,Comedy,3
U1437,M071,Zodiac,Thriller,5
U1437,M007,Titanic,Romance,4
U1437,M042,Coco,Animation,4
U1437,M065,Eternal Sunshine,Romance,3
U1437,M025,It,Horror,2
U1437,M059,2001: A Space Odyssey,Sci-Fi,5
U1437,M083,Monty Python,Comedy,3
U1437,M057,Speed,Action,1
U1437,M082,A Beautiful Mind,Drama,2
U1438,M015,Crazy Rich Asians,Romance,4
U1438,M043,Planet Earth,Documentary,2
U1438,M100,Nope,Horror,4
U1438,M021,Bridesmaids,Comedy,4
U1438,M042,Coco,Animation,5
U1438,M041,Spirited Away,Animation,5
U1438,M065,Eternal Sunshine,Romance,5
U1439,M052,Princess Mononoke,Fantasy,2
U1439,M006,Avengers: Endgame,Action,3
U1439,M029,Blade Runner 2049,Sci-Fi,3
U1439,M011,A Quiet Place,Horror,5
U1439,M057,Speed,Action,5
U1439,M036,Se7en,Thriller,2
U1439,M069,No Country for Old Men,Thriller,5
U1439,M076,Annihilation,Horror,4
U1439,M003,The Notebook,Romance,1
U1439,M031,Whiplash,Drama,5
U1440,M009,The Grand Budapest Hotel,Comedy,3
U1440,M040,WALL-E,Animation,4
U1440,M017,Forrest Gump,Drama,5
U1440,M023,The Matrix,Sci-Fi,4
U1440,M078,Schindler's List,Drama,5
U1440,M029,Blade Runner 2049,Sci-Fi,3
U1440,M048,The Lord of the Rings,Fantasy,4
U1440,M090,Doctor Strange,Action,4
U1440,M043,Planet Earth,Documentary,5
U1440,M089,Spider-Man: No Way Home,Action,5
U1440,M099,Barbarian,Horror,1
U1440,M038,Finding Nemo,Animation,3
U1440,M085,Step Brothers,Comedy,2
U1440,M094,Dune,Sci-Fi,4
U1440,M047,Jiro Dreams of Sushi,Documentary,5
U1440,M077,Us,Horror,5
U1440,M024,Knives Out,Thriller,3
U1440,M006,Avengers: Endgame,Action,1
U1441,M098,The Menu,Thriller,5
U1441,M043,Planet Earth,Documentary,5
U1441,M060,Arrival,Sci-Fi,3
U1441,M053,Gladiator,Action,5
U1441,M019,Alien,Sci-Fi,5
U1441,M057,Speed,Action,4
U1441,M033,Pitch Perfect,Comedy,1
U1441,M042,Coco,Animation,3
U1441,M099,Barbarian,Horror,3
U1441,M088,Black Panther,Action,2
U1441,M014,The Shawshank Redemption,Drama,3
U1441,M012,The Hangover,Comedy,1
U1441,M050,The Hobbit,Fantasy,3
U1441,M001,The Dark Knight,Action,2
U1442,M091,Thor: Ragnarok,Action,5
U1442,M067,The Fault in Our Stars,Romance,5
U1442,M077,Us,Horror,5
U1442,M100,Nope,Horror,5
U1442,M049,Harry Potter,Fantasy,5
U1442,M008,Get Out,Horror,2
U1442,M001,The Dark Knight,Action,1
U1442,M066,Before Sunrise,Romance,4
U1442,M026,Mad Max: Fury Road,Action,3
U1442,M035,The Big Lebowski,Comedy,4
U1442,M059,2001: A Space Odyssey,Sci-Fi,1
U1442,M056,Die Hard,Action,1
U1442,M088,Black Panther,Action,2
U1442,M096,Annihilation,Sci-Fi,5
U1442,M010,Pride and Prejudice,Romance,5
U1442,M017,Forrest Gump,Drama,5
U1442,M086,Airplane!,Comedy,5
U1443,M060,Arrival,Sci-Fi,5
U1443,M014,The Shawshank Redemption,Drama,5
U1443,M082,A Beautiful Mind,Drama,5
U1443,M043,Planet Earth,Documentary,5
U1443,M090,Doctor Strange,Action,3
U1443,M051,Pan's Labyrinth,Fantasy,3
U1443,M007,Titanic,Romance,5
U1443,M029,Blade Runner 2049,Sci-Fi,3
U1443,M028,La La Land,Romance,5
U1444,M066,Before Sunrise,Romance,1
U1444,M084,Anchorman,Comedy,4
U1444,M014,The Shawshank Redemption,Drama,3
U1444,M070,Prisoners,Thriller,5
